Br,CustName,Item Code,Item Desc,Specification,Strength,Pack Size,Jan,Jan Foc,Feb,Feb Foc,Mar,Mar Foc,Apr,Apr Foc,May,May Foc,Jun,Jun Foc,Jul,Jul Foc,Aug,Aug Foc,Sep,Sep Foc,Oct,Oct Foc,Nov,Nov Foc,Dec,Dec Foc
001,Ruwi Branch,007490005,APHROVIT,EFFERVESCENT TABLETS,,20S,0,0,0,0,0,0,0,0,0,0,0,0,10,0,0,0,0,0,0,0,0,0,0,0
003,Al Gobra (Pharmacy) Branch,007490005,APHROVIT,EFFERVESCENT TABLETS,,20S,0,0,10,0,28,0,0,0,0,0,0,0,20,0,0,0,0,0,0,0,0,0,0,0
006,Muttrah Souq  Branch,007490005,APHROVIT,EFFERVESCENT TABLETS,,20S,0,0,0,0,0,0,3,0,0,0,8,0,0,0,0,0,0,0,0,0,0,0,0,0
007,Al Hamra Branch,007490005,APHROVIT,EFFERVESCENT TABLETS,,20S,2,0,6,0,10,0,0,0,6,0,0,0,5,0,0,0,0,0,0,0,0,0,0,0
008,Medinat Qaboos Branch,007490005,APHROVIT,EFFERVESCENT TABLETS,,20S,12,0,0,0,0,0,0,0,0,0,0,0,0,0,0,0,0,0,0,0,0,0,0,0
009,Sohar Branch,007490005,APHROVIT,EFFERVESCENT TABLETS,,20S,0,0,10,0,0,0,4,0,2,0,10,0,5,0,3,0,0,0,0,0,0,0,0,0
010,Nizwa Branch,007490005,APHROVIT,EFFERVESCENT TABLETS,,20S,0,0,28,0,56,0,0,0,0,0,0,0,0,0,0,0,0,0,0,0,0,0,0,0
011,Khasab (Musandam) Branch,007490005,APHROVIT,EFFERVESCENT TABLETS,,20S,11,0,28,0,0,0,0,0,0,0,0,0,0,0,0,0,0,0,0,0,0,0,0,0
012,Musanna Branch,007490005,APHROVIT,EFFERVESCENT TABLETS,,20S,0,0,5,0,0,0,1,0,0,0,0,0,4,0,0,0,0,0,0,0,0,0,0,0
018,Darsait Branch,007490005,APHROVIT,EFFERVESCENT TABLETS,,20S,6,0,0,0,2,0,3,0,6,0,0,0,13,0,0,0,0,0,0,0,0,0,0,0
024,Greater Muttrah Branch,007490005,APHROVIT,EFFERVESCENT TABLETS,,20S,3,0,0,0,0,0,6,0,0,0,0,0,3,0,0,0,0,0,0,0,0,0,0,0
025,Qurum  Branch,007490005,APHROVIT,EFFERVESCENT TABLETS,,20S,7,0,0,0,0,0,0,0,0,0,5,0,0,0,0,0,0,0,0,0,0,0,0,0
026,Wadi Kabir Branch,007490005,APHROVIT,EFFERVESCENT TABLETS,,20S,35,0,0,0,0,0,0,0,0,0,0,0,0,0,0,0,0,0,0,0,0,0,0,0
029,Saham Branch,007490005,APHROVIT,EFFERVESCENT TABLETS,,20S,0,0,0,0,0,0,0,0,11,0,5,0,5,0,0,0,0,0,0,0,0,0,0,0
032,Al Khuwair Branch,007490005,APHROVIT,EFFERVESCENT TABLETS,,20S,12,0,6,0,5,0,5,0,0,0,10,0,0,0,0,0,0,0,0,0,0,0,0,0
033,Al Kamel Branch,007490005,APHROVIT,EFFERVESCENT TABLETS,,20S,13.5,0,0,0,0,0,0,0,10,0,0,0,15,0,0,0,0,0,0,0,0,0,0,0
034,Al Suwaiq  Branch,007490005,APHROVIT,EFFERVESCENT TABLETS,,20S,3,0,0,0,0,0,10,0,0,0,0,0,0,0,6,0,0,0,0,0,0,0,0,0
038,Al Bidayah Branch,007490005,APHROVIT,EFFERVESCENT TABLETS,,20S,6,0,22,0,5,0,0,0,0,0,0,0,10,0,0,0,0,0,0,0,0,0,0,0
039,Seeb Branch,007490005,APHROVIT,EFFERVESCENT TABLETS,,20S,0,0,0,0,0,0,0,0,0,0,0,0,1,0,0,0,0,0,0,0,0,0,0,0
040,Masirah Branch,007490005,APHROVIT,EFFERVESCENT TABLETS,,20S,12,0,10,0,20,0,0,0,0,0,0,0,0,0,0,0,0,0,0,0,0,0,0,0
041,Al Muzn Mall Branch,007490005,APHROVIT,EFFERVESCENT TABLETS,,20S,0,0,1,0,4,0,0,0,0,0,0,0,0,0,0,0,0,0,0,0,0,0,0,0
042,Muscat Int'l Airport Branch - Landside,007490005,APHROVIT,EFFERVESCENT TABLETS,,20S,34,0,0,0,0,0,10,0,0,0,0,0,0,0,0,0,0,0,0,0,0,0,0,0
043,Muscat Int'l Airport Branch - Airside,007490005,APHROVIT,EFFERVESCENT TABLETS,,20S,4,0,12,0,0,0,0,0,0,0,0,0,0,0,0,0,0,0,0,0,0,0,0,0
044,Safeer (Azaiba) Branch,007490005,APHROVIT,EFFERVESCENT TABLETS,,20S,0,0,10,0,0,0,0,0,0,0,0,0,0,0,0,0,0,0,0,0,0,0,0,0
045,Ibri Sanaya Branch,007490005,APHROVIT,EFFERVESCENT TABLETS,,20S,0,0,0,0,13,0,4,0,0,0,9,0,0,0,0,0,0,0,0,0,0,0,0,0
046,Yanqil Branch,007490005,APHROVIT,EFFERVESCENT TABLETS,,20S,0,0,0,0,6,0,28,0,5,0,0,0,0,0,0,0,0,0,0,0,0,0,0,0
047,Ibra Branch,007490005,APHROVIT,EFFERVESCENT TABLETS,,20S,10,0,0,0,0,0,0,0,0,0,4,0,5,0,0,0,0,0,0,0,0,0,0,0
048,Sur Branch,007490005,APHROVIT,EFFERVESCENT TABLETS,,20S,0,0,0,0,3,0,0,0,0,0,6,0,5,0,0,0,0,0,0,0,0,0,0,0
068,Wadi Hatat Branch,007490005,APHROVIT,EFFERVESCENT TABLETS,,20S,12,0,0,0,0,0,0,0,0,0,0,0,0,0,0,0,0,0,0,0,0,0,0,0
080,Qurum City Centre Branch,007490005,APHROVIT,EFFERVESCENT TABLETS,,20S,8,0,0,0,0,0,0,0,6,0,0,0,6,0,0,0,0,0,0,0,0,0,0,0
081,Rustaq Branch,007490005,APHROVIT,EFFERVESCENT TABLETS,,20S,3,0,0,0,0,0,0,0,0,0,0,0,17,0,0,0,0,0,0,0,0,0,0,0
082,Al Khod Branch,007490005,APHROVIT,EFFERVESCENT TABLETS,,20S,3,0,0,0,0,0,0,0,3,0,0,0,5,0,0,0,0,0,0,0,0,0,0,0
083,Sinaw Branch,007490005,APHROVIT,EFFERVESCENT TABLETS,,20S,1,0,10,0,0,0,0,0,0,0,0,0,10,0,0,0,0,0,0,0,0,0,0,0
084,Bilad Bani Buali Branch,007490005,APHROVIT,EFFERVESCENT TABLETS,,20S,0,0,5,0,5,0,10,0,10,0,10,0,37,0,0,0,0,0,0,0,0,0,0,0
087,Hamriya Branch,007490005,APHROVIT,EFFERVESCENT TABLETS,,20S,0,0,0,0,14,0,22,0,0,0,0,0,0,0,0,0,0,0,0,0,0,0,0,0
088,Al Sarooj Comm.Centre (Pharmacy),007490005,APHROVIT,EFFERVESCENT TABLETS,,20S,0,0,0,0,0,0,0,0,100,0,0,0,0,0,0,0,0,0,0,0,0,0,0,0
090,Muttrah Branch,007490005,APHROVIT,EFFERVESCENT TABLETS,,20S,16,0,3,0,4,0,11,0,0,0,0,0,0,0,0,0,0,0,0,0,0,0,0,0
091,Barka Branch,007490005,APHROVIT,EFFERVESCENT TABLETS,,20S,10,0,0,0,0,0,0,0,0,0,0,0,6,0,0,0,0,0,0,0,0,0,0,0
092,Bahla  Branch,007490005,APHROVIT,EFFERVESCENT TABLETS,,20S,0,0,0,0,0,0,0,0,0,0,0,0,28,0,0,0,0,0,0,0,0,0,0,0
093,Ruwi High Street Branch,007490005,APHROVIT,EFFERVESCENT TABLETS,,20S,2,0,4,0,8,0,0,0,0,0,5,0,10,0,0,0,0,0,0,0,0,0,0,0
094,Buraimi Branch,007490005,APHROVIT,EFFERVESCENT TABLETS,,20S,7,0,5,0,10,0,10,0,10,0,0,0,0,0,0,0,0,0,0,0,0,0,0,0
097,Al Hail Branch,007490005,APHROVIT,EFFERVESCENT TABLETS,,20S,7,0,0,0,0,0,5,0,0,0,0,0,10,0,0,0,0,0,0,0,0,0,0,0
098,Al Meera Al Amerat Branch,007490005,APHROVIT,EFFERVESCENT TABLETS,,20S,6,0,0,0,10,0,0,0,0,0,0,0,0,0,0,0,0,0,0,0,0,0,0,0
099,Al-Mawaleh Branch,007490005,APHROVIT,EFFERVESCENT TABLETS,,20S,24,0,10,0,0,0,0,0,0,0,6,0,6,0,15,0,0,0,0,0,0,0,0,0
100,Mabela Branch,007490005,APHROVIT,EFFERVESCENT TABLETS,,20S,10,0,0,0,0,0,0,0,0,0,0,0,0,0,0,0,0,0,0,0,0,0,0,0
101,Hay Al-Rahbah Cplx Branch (MQ),007490005,APHROVIT,EFFERVESCENT TABLETS,,20S,8,0,26,0,0,0,12,0,5,0,0,0,0,0,0,0,0,0,0,0,0,0,0,0
102,Liwa Branch,007490005,APHROVIT,EFFERVESCENT TABLETS,,20S,0,0,0,0,0,0,0,0,0,0,0,0,0,0,6,0,0,0,0,0,0,0,0,0
104,Khaburah Branch,007490005,APHROVIT,EFFERVESCENT TABLETS,,20S,26,0,0,0,10,0,5,0,6,0,0,0,20,0,0,0,0,0,0,0,0,0,0,0
105,Mall of Oman Branch,007490005,APHROVIT,EFFERVESCENT TABLETS,,20S,20,0,0,0,0,0,0,0,10,0,0,0,28,0,0,0,0,0,0,0,0,0,0,0
118,Safeer-Sohar (Pharmacy) Branch,007490005,APHROVIT,EFFERVESCENT TABLETS,,20S,0,0,6,0,0,0,0,0,0,0,0,0,31,0,0,0,0,0,0,0,0,0,0,0
124,Barka Grand Centre Branch,007490005,APHROVIT,EFFERVESCENT TABLETS,,20S,6,0,0,0,0,0,0,0,0,0,0,0,0,0,0,0,0,0,0,0,0,0,0,0
4092,AL JAWI PHARMACY,007490005,APHROVIT,EFFERVESCENT TABLETS,,20S,0,0,2,0,0,0,0,0,0,0,0,0,0,0,0,0,0,0,0,0,0,0,0,0
A495,ALYA AL AMERAT PHARMACY,007490005,APHROVIT,EFFERVESCENT TABLETS,,20S,2,0,0,0,0,0,0,0,2,0,1,0,0,0,0,0,0,0,0,0,0,0,0,0
A546,ABAQ AL SHAHAD PHARMACY,007490005,APHROVIT,EFFERVESCENT TABLETS,,20S,0,0,0,0,0,0,0,0,0,0,0,0,5,1,0,0,0,0,0,0,0,0,0,0
A551,ANJAAD PHARMACY,007490005,APHROVIT,EFFERVESCENT TABLETS,,20S,0,0,2,0,0,0,0,0,0,0,0,0,2,0,0,0,0,0,0,0,0,0,0,0
A592,AMLA PHARMACY MUSANNAH,007490005,APHROVIT,EFFERVESCENT TABLETS,,20S,0,0,0,0,0,0,0,0,0,0,0,0,2,0,0,0,0,0,0,0,0,0,0,0
B111,BADAR AL JASHMI-II PHARMACY,007490005,APHROVIT,EFFERVESCENT TABLETS,,20S,5,1,0,0,0,0,25,5,0,0,0,0,0,0,0,0,0,0,0,0,0,0,0,0
B132,BELQEES PHARMACY (AL KHOUD - II),007490005,APHROVIT,EFFERVESCENT TABLETS,,20S,0,0,1,0,0,0,0,0,0,0,0,0,0,0,0,0,0,0,0,0,0,0,0,0
B133,BELQEES PHARMACY (MABELLA),007490005,APHROVIT,EFFERVESCENT TABLETS,,20S,0,0,0,0,0,0,10,2,0,0,0,0,20,4,0,0,0,0,0,0,0,0,0,0
B250,AL AIN PHARMACY (MABELLA-2),007490005,APHROVIT,EFFERVESCENT TABLETS,,20S,0,0,0,0,0,0,3,0,0,0,0,0,0,0,0,0,0,0,0,0,0,0,0,0
C094,COSMED PHARMACY,007490005,APHROVIT,EFFERVESCENT TABLETS,,20S,0,0,3,0,0,0,0,0,0,0,0,0,0,0,0,0,0,0,0,0,0,0,0,0
C912,HVS - Pharma,007490005,APHROVIT,EFFERVESCENT TABLETS,,20S,0,0,0,0,1,0,0,0,0,0,0,0,0,0,0,0,0,0,0,0,0,0,0,0
C964,HITEN P DOSHI (STAFF #1273),007490005,APHROVIT,EFFERVESCENT TABLETS,,20S,0,0,0,0,0,0,0,0,0,0,6,1,0,0,0,0,0,0,0,0,0,0,0,0
D114,DELTA PHARMACY MEDICAL STORE,007490005,APHROVIT,EFFERVESCENT TABLETS,,20S,0,0,50,15,0,0,0,0,0,0,0,0,100,35,0,0,0,0,0,0,0,0,0,0
D142,DOLPHIN PHARMACY,007490005,APHROVIT,EFFERVESCENT TABLETS,,20S,0,0,2,0,0,0,0,0,0,0,0,0,0,0,0,0,0,0,0,0,0,0,0,0
D147,DIBBA PHARMACY,007490005,APHROVIT,EFFERVESCENT TABLETS,,20S,2,0,0,0,0,0,0,0,0,0,0,0,0,0,0,0,0,0,0,0,0,0,0,0
D159,DOCTOR MOHAMMED PHARMACY,007490005,APHROVIT,EFFERVESCENT TABLETS,,20S,5,1,0,0,0,0,0,0,0,0,0,0,0,0,0,0,0,0,0,0,0,0,0,0
F130,FARAH PHARMACY,007490005,APHROVIT,EFFERVESCENT TABLETS,,20S,5,1,0,0,15,3,0,0,0,0,0,0,0,0,0,0,0,0,0,0,0,0,0,0
F152,AL FANAR PHARMACY,007490005,APHROVIT,EFFERVESCENT TABLETS,,20S,5,1,10,2,0,0,0,0,0,0,0,0,0,0,0,0,0,0,0,0,0,0,0,0
G107,GULF HOSPITAL PHARMACY,007490005,APHROVIT,EFFERVESCENT TABLETS,,20S,10,2,10,2,0,0,10,2,0,0,0,0,10,2,0,0,0,0,0,0,0,0,0,0
H251,HEALTH PHARMACY DRUG STORE,007490005,APHROVIT,EFFERVESCENT TABLETS,,20S,0,0,10,2,0,0,0,0,25,5,25,5,0,0,0,0,0,0,0,0,0,0,0,0
I001,IBN SINA PHARMACY,007490005,APHROVIT,EFFERVESCENT TABLETS,,20S,0,0,5,1,0,0,25,5,0,0,0,0,0,0,0,0,0,0,0,0,0,0,0,0
I035,IBN SALIM PHARMACY ( IBRA ),007490005,APHROVIT,EFFERVESCENT TABLETS,,20S,0,0,5,1,0,0,0,0,5,1,0,0,0,0,0,0,0,0,0,0,0,0,0,0
I082,IBN SALEEM PHARMACY (MUDHAIBI),007490005,APHROVIT,EFFERVESCENT TABLETS,,20S,0,0,0,0,2,0,0,0,0,0,0,0,0,0,0,0,0,0,0,0,0,0,0,0
J113,AL JADEED PHARMACY,007490005,APHROVIT,EFFERVESCENT TABLETS,,20S,0,0,0,0,2,0,0,0,0,0,0,0,0,0,0,0,0,0,0,0,0,0,0,0
K166,AL KARAM PHARMACY,007490005,APHROVIT,EFFERVESCENT TABLETS,,20S,0,0,0,0,1,0,0,0,0,0,0,0,0,0,0,0,0,0,0,0,0,0,0,0
L070,LULU PHARMACY (CENTRAL STORES),007490005,APHROVIT,EFFERVESCENT TABLETS,,20S,0,0,0,0,0,0,0,0,50,0,0,0,100,30,0,0,0,0,0,0,0,0,0,0
M011,MUSCAT PHARMACY & STORES SALALAH LLC,007490005,APHROVIT,EFFERVESCENT TABLETS,,20S,25,5,0,0,0,0,0,0,0,0,0,0,0,0,0,0,0,0,0,0,0,0,0,0
M377,MODERN AL SALAMA POLYCLINIC PHY.,007490005,APHROVIT,EFFERVESCENT TABLETS,,20S,5,1,0,0,0,0,0,0,0,0,0,0,0,0,0,0,0,0,0,0,0,0,0,0
N268,NIZWA PHARMACY (Safari Roses),007490005,APHROVIT,EFFERVESCENT TABLETS,,20S,0,0,0,0,0,0,0,0,0,0,1,0,2,0,0,0,0,0,0,0,0,0,0,0
O167,OMAR PHARMACY,007490005,APHROVIT,EFFERVESCENT TABLETS,,20S,0,0,3,0,0,0,0,0,0,0,0,0,0,0,0,0,0,0,0,0,0,0,0,0
O169,OONS PHARMACY,007490005,APHROVIT,EFFERVESCENT TABLETS,,20S,0,0,0,0,0,0,2,0,0,0,0,0,0,0,0,0,0,0,0,0,0,0,0,0
P057,PRIME PHARMACY ONE,007490005,APHROVIT,EFFERVESCENT TABLETS,,20S,0,0,0,0,1,0,0,0,0,0,0,0,0,0,0,0,0,0,0,0,0,0,0,0
P059,PREMIUM PHARMACY,007490005,APHROVIT,EFFERVESCENT TABLETS,,20S,0,0,10,2,0,0,0,0,0,0,0,0,0,0,0,0,0,0,0,0,0,0,0,0
Q056,AL QUDS PHARMACY-BIRAKAT AL MAUZ,007490005,APHROVIT,EFFERVESCENT TABLETS,,20S,0,0,15,3,0,0,0,0,0,0,0,0,0,0,0,0,0,0,0,0,0,0,0,0
R185,ROYAL PHARMACY,007490005,APHROVIT,EFFERVESCENT TABLETS,,20S,5,1,0,0,0,0,0,0,0,0,0,0,0,0,0,0,0,0,0,0,0,0,0,0
S206,AL SAADY PHARMACY,007490005,APHROVIT,EFFERVESCENT TABLETS,,20S,0,0,0,0,0,0,0,0,0,0,2,0,4,0,0,0,0,0,0,0,0,0,0,0
S271,AL SAADI PHARMACY (BIDAYA),007490005,APHROVIT,EFFERVESCENT TABLETS,,20S,0,0,15,3,0,0,0,0,0,0,0,0,0,0,0,0,0,0,0,0,0,0,0,0
S345,SAHARA MEDICAL STORES LLC,007490005,APHROVIT,EFFERVESCENT TABLETS,,20S,100,24,0,0,100,24,0,0,0,0,0,0,0,0,0,0,0,0,0,0,0,0,0,0
S385,AVICEN PHARMACY (AL WANESS BUSINESS INTL.),007490005,APHROVIT,EFFERVESCENT TABLETS,,20S,0,0,200,64,0,0,0,0,100,32,100,32,150,36,0,0,0,0,0,0,0,0,0,0
S510,SEDERA PHARMACY LLC.,007490005,APHROVIT,EFFERVESCENT TABLETS,,20S,0,0,0,0,0,0,10,2,0,0,0,0,0,0,0,0,0,0,0,0,0,0,0,0
S529,SAHARA PHARMACY,007490005,APHROVIT,EFFERVESCENT TABLETS,,20S,0,0,0,0,0,0,0,0,1,0,1,0,3,0,0,0,0,0,0,0,0,0,0,0
S614,AL SARAF MEDICAL STORE,007490005,APHROVIT,EFFERVESCENT TABLETS,,20S,0,0,10,2,0,0,0,0,10,2,20,4,20,4,0,0,0,0,0,0,0,0,0,0
U008,UM SALAMA PHARMACY L.L.C.,007490005,APHROVIT,EFFERVESCENT TABLETS,,20S,10,2,25,5,0,0,0,0,0,0,0,0,0,0,0,0,0,0,0,0,0,0,0,0
U016,UM BALQEES NATIONAL CO. LLC,007490005,APHROVIT,EFFERVESCENT TABLETS,,20S,0,0,10,2,0,0,10,2,0,0,10,2,0,0,0,0,0,0,0,0,0,0,0,0
V023,VISTA PHARMA,007490005,APHROVIT,EFFERVESCENT TABLETS,,20S,0,0,50,11,0,0,0,0,0,0,0,0,0,0,0,0,0,0,0,0,0,0,0,0
V027,VAGUS PHARMACY- MABELA,007490005,APHROVIT,EFFERVESCENT TABLETS,,20S,0,0,5,1,0,0,0,0,10,2,0,0,0,0,0,0,0,0,0,0,0,0,0,0
Z065,AL ZAKI PHARMACY,007490005,APHROVIT,EFFERVESCENT TABLETS,,20S,0,0,3,0,0,0,0,0,0,0,0,0,0,0,0,0,0,0,0,0,0,0,0,0
Z073,ZAD PHARMACY,007490005,APHROVIT,EFFERVESCENT TABLETS,,20S,0,0,0,0,5,1,0,0,0,0,0,0,0,0,0,0,0,0,0,0,0,0,0,0
001,Ruwi Branch,007490015,BEAUTYVIT,EFFERVESCENT TABLETS,,20S,0,0,10,0,20,0,0,0,0,0,0,0,4,0,0,0,0,0,0,0,0,0,0,0
003,Al Gobra (Pharmacy) Branch,007490015,BEAUTYVIT,EFFERVESCENT TABLETS,,20S,20,0,0,0,5,0,0,0,0,0,11,0,30,0,0,0,0,0,0,0,0,0,0,0
004,Al Rusayl Branch (Near SQUH),007490015,BEAUTYVIT,EFFERVESCENT TABLETS,,20S,0,0,0,0,0,0,0,0,0,0,1,0,0,0,0,0,0,0,0,0,0,0,0,0
005,Wadi Kabir (Opp: Al Maha Pump) Br.,007490015,BEAUTYVIT,EFFERVESCENT TABLETS,,20S,0,0,0,0,0,0,0,0,0,0,0,0,1,0,0,0,0,0,0,0,0,0,0,0
006,Muttrah Souq  Branch,007490015,BEAUTYVIT,EFFERVESCENT TABLETS,,20S,4,0,0,0,0,0,0,0,0,0,0,0,0,0,0,0,0,0,0,0,0,0,0,0
007,Al Hamra Branch,007490015,BEAUTYVIT,EFFERVESCENT TABLETS,,20S,3,0,0,0,10,0,0,0,0,0,0,0,0,0,0,0,0,0,0,0,0,0,0,0
008,Medinat Qaboos Branch,007490015,BEAUTYVIT,EFFERVESCENT TABLETS,,20S,12,0,0,0,0,0,0,0,0,0,0,0,0,0,0,0,0,0,0,0,0,0,0,0
009,Sohar Branch,007490015,BEAUTYVIT,EFFERVESCENT TABLETS,,20S,0,0,0,0,4,0,0,0,7,0,0,0,5,0,0,0,0,0,0,0,0,0,0,0
010,Nizwa Branch,007490015,BEAUTYVIT,EFFERVESCENT TABLETS,,20S,0,0,48,0,0,0,0,0,0,0,0,0,0,0,0,0,0,0,0,0,0,0,0,0
011,Khasab (Musandam) Branch,007490015,BEAUTYVIT,EFFERVESCENT TABLETS,,20S,11,0,0,0,0,0,0,0,0,0,0,0,2,0,0,0,0,0,0,0,0,0,0,0
012,Musanna Branch,007490015,BEAUTYVIT,EFFERVESCENT TABLETS,,20S,0,0,0,0,0,0,0,0,0,0,18,0,0,0,0,0,0,0,0,0,0,0,0,0
018,Darsait Branch,007490015,BEAUTYVIT,EFFERVESCENT TABLETS,,20S,19,0,0,0,0,0,0,0,0,0,0,0,0,0,0,0,0,0,0,0,0,0,0,0
024,Greater Muttrah Branch,007490015,BEAUTYVIT,EFFERVESCENT TABLETS,,20S,0,0,0,0,0,0,0,0,0,0,7,0,6,0,0,0,0,0,0,0,0,0,0,0
025,Qurum  Branch,007490015,BEAUTYVIT,EFFERVESCENT TABLETS,,20S,4,0,0,0,0,0,0,0,0,0,0,0,0,0,0,0,0,0,0,0,0,0,0,0
026,Wadi Kabir Branch,007490015,BEAUTYVIT,EFFERVESCENT TABLETS,,20S,8,0,3,0,0,0,0,0,0,0,0,0,0,0,0,0,0,0,0,0,0,0,0,0
028,Ibri Murtafa Branch,007490015,BEAUTYVIT,EFFERVESCENT TABLETS,,20S,0,0,2,0,0,0,2,0,2,0,0,0,0,0,0,0,0,0,0,0,0,0,0,0
029,Saham Branch,007490015,BEAUTYVIT,EFFERVESCENT TABLETS,,20S,0,0,0,0,0,0,5,0,0,0,0,0,10,0,0,0,0,0,0,0,0,0,0,0
031,Al Sawadi Branch,007490015,BEAUTYVIT,EFFERVESCENT TABLETS,,20S,0,0,0,0,0,0,0,0,0,0,0,0,11,0,0,0,0,0,0,0,0,0,0,0
032,Al Khuwair Branch,007490015,BEAUTYVIT,EFFERVESCENT TABLETS,,20S,8,0,16,0,0,0,0,0,0,0,10,0,10,0,0,0,0,0,0,0,0,0,0,0
033,Al Kamel Branch,007490015,BEAUTYVIT,EFFERVESCENT TABLETS,,20S,6,0,6,0,0,0,0,0,0,0,0,0,0,0,6,0,0,0,0,0,0,0,0,0
034,Al Suwaiq  Branch,007490015,BEAUTYVIT,EFFERVESCENT TABLETS,,20S,5,0,0,0,0,0,0,0,0,0,0,0,10,0,0,0,0,0,0,0,0,0,0,0
038,Al Bidayah Branch,007490015,BEAUTYVIT,EFFERVESCENT TABLETS,,20S,23,0,20,0,10,0,0,0,0,0,0,0,16,0,0,0,0,0,0,0,0,0,0,0
039,Seeb Branch,007490015,BEAUTYVIT,EFFERVESCENT TABLETS,,20S,0,0,0,0,3,0,0,0,0,0,0,0,12,0,0,0,0,0,0,0,0,0,0,0
040,Masirah Branch,007490015,BEAUTYVIT,EFFERVESCENT TABLETS,,20S,12,0,18,0,0,0,6,0,0,0,0,0,0,0,0,0,0,0,0,0,0,0,0,0
041,Al Muzn Mall Branch,007490015,BEAUTYVIT,EFFERVESCENT TABLETS,,20S,8,0,0,0,0,0,0,0,0,0,0,0,0,0,0,0,0,0,0,0,0,0,0,0
042,Muscat Int'l Airport Branch - Landside,007490015,BEAUTYVIT,EFFERVESCENT TABLETS,,20S,1,0,0,0,0,0,10,0,0,0,0,0,5,0,0,0,0,0,0,0,0,0,0,0
043,Muscat Int'l Airport Branch - Airside,007490015,BEAUTYVIT,EFFERVESCENT TABLETS,,20S,12,0,0,0,0,0,0,0,0,0,0,0,0,0,0,0,0,0,0,0,0,0,0,0
044,Safeer (Azaiba) Branch,007490015,BEAUTYVIT,EFFERVESCENT TABLETS,,20S,0,0,10,0,0,0,0,0,0,0,0,0,1,0,0,0,0,0,0,0,0,0,0,0
045,Ibri Sanaya Branch,007490015,BEAUTYVIT,EFFERVESCENT TABLETS,,20S,0,0,0,0,10,0,0,0,0,0,5,0,5,0,0,0,0,0,0,0,0,0,0,0
046,Yanqil Branch,007490015,BEAUTYVIT,EFFERVESCENT TABLETS,,20S,0,0,4,0,10,0,0,0,0,0,10,0,0,0,0,0,0,0,0,0,0,0,0,0
047,Ibra Branch,007490015,BEAUTYVIT,EFFERVESCENT TABLETS,,20S,8,0,0,0,2,0,0,0,0,0,2,0,0,0,2,0,0,0,0,0,0,0,0,0
048,Sur Branch,007490015,BEAUTYVIT,EFFERVESCENT TABLETS,,20S,0,0,0,0,3,0,0,0,10,0,10,0,6,0,0,0,0,0,0,0,0,0,0,0
068,Wadi Hatat Branch,007490015,BEAUTYVIT,EFFERVESCENT TABLETS,,20S,12,0,0,0,0,0,0,0,0,0,0,0,0,0,3,0,0,0,0,0,0,0,0,0
080,Qurum City Centre Branch,007490015,BEAUTYVIT,EFFERVESCENT TABLETS,,20S,6,0,0,0,0,0,3,0,3,0,0,0,6,0,0,0,0,0,0,0,0,0,0,0
081,Rustaq Branch,007490015,BEAUTYVIT,EFFERVESCENT TABLETS,,20S,4,0,0,0,0,0,0,0,5,0,0,0,15,0,0,0,0,0,0,0,0,0,0,0
082,Al Khod Branch,007490015,BEAUTYVIT,EFFERVESCENT TABLETS,,20S,10,0,0,0,4,0,0,0,5,0,0,0,15,0,0,0,0,0,0,0,0,0,0,0
083,Sinaw Branch,007490015,BEAUTYVIT,EFFERVESCENT TABLETS,,20S,5,0,15,0,0,0,0,0,0,0,0,0,0,0,0,0,0,0,0,0,0,0,0,0
084,Bilad Bani Buali Branch,007490015,BEAUTYVIT,EFFERVESCENT TABLETS,,20S,0,0,10,0,0,0,0,0,0,0,10,0,20,0,0,0,0,0,0,0,0,0,0,0
087,Hamriya Branch,007490015,BEAUTYVIT,EFFERVESCENT TABLETS,,20S,0,0,0,0,4,0,0,0,0,0,0,0,6,0,0,0,0,0,0,0,0,0,0,0
088,Al Sarooj Comm.Centre (Pharmacy),007490015,BEAUTYVIT,EFFERVESCENT TABLETS,,20S,28,0,0,0,10,0,0,0,0,0,0,0,10,0,0,0,0,0,0,0,0,0,0,0
090,Muttrah Branch,007490015,BEAUTYVIT,EFFERVESCENT TABLETS,,20S,4,0,0,0,3,0,0,0,3,0,20,0,0,0,0,0,0,0,0,0,0,0,0,0
091,Barka Branch,007490015,BEAUTYVIT,EFFERVESCENT TABLETS,,20S,10,0,0,0,0,0,0,0,0,0,5,0,0,0,0,0,0,0,0,0,0,0,0,0
092,Bahla  Branch,007490015,BEAUTYVIT,EFFERVESCENT TABLETS,,20S,0,0,0,0,0,0,0,0,0,0,0,0,28,0,0,0,0,0,0,0,0,0,0,0
093,Ruwi High Street Branch,007490015,BEAUTYVIT,EFFERVESCENT TABLETS,,20S,0,0,1,0,3,0,0,0,0,0,0,0,0,0,0,0,0,0,0,0,0,0,0,0
094,Buraimi Branch,007490015,BEAUTYVIT,EFFERVESCENT TABLETS,,20S,2,0,4,0,0,0,5,0,0,0,7,0,0,0,0,0,0,0,0,0,0,0,0,0
097,Al Hail Branch,007490015,BEAUTYVIT,EFFERVESCENT TABLETS,,20S,0,0,0,0,0,0,0,0,5,0,0,0,12,0,0,0,0,0,0,0,0,0,0,0
098,Al Meera Al Amerat Branch,007490015,BEAUTYVIT,EFFERVESCENT TABLETS,,20S,1,0,6,0,0,0,0,0,0,0,0,0,0,0,0,0,0,0,0,0,0,0,0,0
099,Al-Mawaleh Branch,007490015,BEAUTYVIT,EFFERVESCENT TABLETS,,20S,24,0,8,0,15,0,30,0,0,0,0,0,0,0,20,0,0,0,0,0,0,0,0,0
100,Mabela Branch,007490015,BEAUTYVIT,EFFERVESCENT TABLETS,,20S,0,0,0,0,0,0,0,0,0,0,6,0,5,0,15,0,0,0,0,0,0,0,0,0
101,Hay Al-Rahbah Cplx Branch (MQ),007490015,BEAUTYVIT,EFFERVESCENT TABLETS,,20S,12,0,0,0,0,0,0,0,0,0,0,0,0,0,0,0,0,0,0,0,0,0,0,0
102,Liwa Branch,007490015,BEAUTYVIT,EFFERVESCENT TABLETS,,20S,6,0,0,0,0,0,0,0,0,0,0,0,0,0,6,0,0,0,0,0,0,0,0,0
103,Al Aqar Branch,007490015,BEAUTYVIT,EFFERVESCENT TABLETS,,20S,0,0,0,0,0,0,25,0,7,0,0,0,0,0,0,0,0,0,0,0,0,0,0,0
104,Khaburah Branch,007490015,BEAUTYVIT,EFFERVESCENT TABLETS,,20S,8,0,0,0,6,0,5,0,6,0,0,0,0,0,0,0,0,0,0,0,0,0,0,0
105,Mall of Oman Branch,007490015,BEAUTYVIT,EFFERVESCENT TABLETS,,20S,5,0,0,0,0,0,0,0,10,0,0,0,10,0,0,0,0,0,0,0,0,0,0,0
107,City Centre Branch,007490015,BEAUTYVIT,EFFERVESCENT TABLETS,,20S,0,0,12,0,0,0,0,0,0,0,0,0,2,0,0,0,0,0,0,0,0,0,0,0
118,Safeer-Sohar (Pharmacy) Branch,007490015,BEAUTYVIT,EFFERVESCENT TABLETS,,20S,3,0,0,0,5,0,0,0,0,0,0,0,38,0,0,0,0,0,0,0,0,0,0,0
124,Barka Grand Centre Branch,007490015,BEAUTYVIT,EFFERVESCENT TABLETS,,20S,6,0,0,0,0,0,0,0,0,0,0,0,0,0,0,0,0,0,0,0,0,0,0,0
A316,ALPHA MEDICAL CENTRE,007490015,BEAUTYVIT,EFFERVESCENT TABLETS,,20S,0,0,0,0,10,2,0,0,0,0,0,0,0,0,0,0,0,0,0,0,0,0,0,0
A495,ALYA AL AMERAT PHARMACY,007490015,BEAUTYVIT,EFFERVESCENT TABLETS,,20S,0,0,2,0,0,0,0,0,0,0,1,0,10,2,0,0,0,0,0,0,0,0,0,0
A546,ABAQ AL SHAHAD PHARMACY,007490015,BEAUTYVIT,EFFERVESCENT TABLETS,,20S,0,0,0,0,0,0,0,0,0,0,0,0,5,1,0,0,0,0,0,0,0,0,0,0
A591,ALIF PHARMACY MEBELA,007490015,BEAUTYVIT,EFFERVESCENT TABLETS,,20S,0,0,0,0,2,0,0,0,0,0,6,1,0,0,0,0,0,0,0,0,0,0,0,0
A592,AMLA PHARMACY MUSANNAH,007490015,BEAUTYVIT,EFFERVESCENT TABLETS,,20S,0,0,0,0,0,0,0,0,0,0,0,0,2,0,0,0,0,0,0,0,0,0,0,0
B111,BADAR AL JASHMI-II PHARMACY,007490015,BEAUTYVIT,EFFERVESCENT TABLETS,,20S,0,0,0,0,0,0,12,2,0,0,0,0,0,0,0,0,0,0,0,0,0,0,0,0
B165,AL BAWARAK PHARMACY (Mabellah),007490015,BEAUTYVIT,EFFERVESCENT TABLETS,,20S,0,0,0,0,0,0,6,1,0,0,6,1,0,0,0,0,0,0,0,0,0,0,0,0
B166,AL BAWARAK PHARMACY,007490015,BEAUTYVIT,EFFERVESCENT TABLETS,,20S,11,1,0,0,0,0,0,0,0,0,0,0,0,0,0,0,0,0,0,0,0,0,0,0
B186,BASMAT AL AMAL PHARMACY,007490015,BEAUTYVIT,EFFERVESCENT TABLETS,,20S,0,0,2,0,0,0,0,0,0,0,0,0,0,0,0,0,0,0,0,0,0,0,0,0
B210,AL BURAIMI MODERN PHARMACY,007490015,BEAUTYVIT,EFFERVESCENT TABLETS,,20S,0,0,0,0,0,0,0,0,10,2,0,0,0,0,0,0,0,0,0,0,0,0,0,0
B250,AL AIN PHARMACY (MABELLA-2),007490015,BEAUTYVIT,EFFERVESCENT TABLETS,,20S,0,0,0,0,0,0,3,0,0,0,0,0,0,0,0,0,0,0,0,0,0,0,0,0
C094,COSMED PHARMACY,007490015,BEAUTYVIT,EFFERVESCENT TABLETS,,20S,0,0,0,0,2,0,0,0,0,0,0,0,0,0,0,0,0,0,0,0,0,0,0,0
C912,HVS - Pharma,007490015,BEAUTYVIT,EFFERVESCENT TABLETS,,20S,0,0,0,0,2,0,0,0,0,0,0,0,0,0,0,0,0,0,0,0,0,0,0,0
C964,HITEN P DOSHI (STAFF #1273),007490015,BEAUTYVIT,EFFERVESCENT TABLETS,,20S,0,0,0,0,0,0,0,0,0,0,12,2,0,0,0,0,0,0,0,0,0,0,0,0
D153,DAR AL DAWAA PHARMACY - SOHAR,007490015,BEAUTYVIT,EFFERVESCENT TABLETS,,20S,0,0,5,1,0,0,0,0,0,0,0,0,0,0,0,0,0,0,0,0,0,0,0,0
D159,DOCTOR MOHAMMED PHARMACY,007490015,BEAUTYVIT,EFFERVESCENT TABLETS,,20S,0,0,0,0,0,0,5,1,0,0,0,0,0,0,0,0,0,0,0,0,0,0,0,0
F126,FAMILY MODERN PHARMACY,007490015,BEAUTYVIT,EFFERVESCENT TABLETS,,20S,0,0,0,0,0,0,0,0,2,0,0,0,0,0,0,0,0,0,0,0,0,0,0,0
G142,GULF OXYGEN PHARMACY LLC.,007490015,BEAUTYVIT,EFFERVESCENT TABLETS,,20S,0,0,25,5,0,0,0,0,0,0,0,0,0,0,0,0,0,0,0,0,0,0,0,0
H198,AL HARMEEN MODERN PHARMACY (STORES),007490015,BEAUTYVIT,EFFERVESCENT TABLETS,,20S,5,1,0,0,0,0,1,0,0,0,2,0,0,0,0,0,0,0,0,0,0,0,0,0
H247,HOOR AL JENAN PHARMACY,007490015,BEAUTYVIT,EFFERVESCENT TABLETS,,20S,6,1,0,0,0,0,0,0,0,0,0,0,0,0,0,0,0,0,0,0,0,0,0,0
H248,HAYA PHARMACY (FIRQ),007490015,BEAUTYVIT,EFFERVESCENT TABLETS,,20S,0,0,0,0,0,0,0,0,5,1,0,0,0,0,0,0,0,0,0,0,0,0,0,0
H251,HEALTH PHARMACY DRUG STORE,007490015,BEAUTYVIT,EFFERVESCENT TABLETS,,20S,0,0,10,2,0,0,0,0,50,11,0,0,0,0,0,0,0,0,0,0,0,0,0,0
I001,IBN SINA PHARMACY,007490015,BEAUTYVIT,EFFERVESCENT TABLETS,,20S,0,0,5,1,0,0,10,2,0,0,0,0,0,0,0,0,0,0,0,0,0,0,0,0
I035,IBN SALIM PHARMACY ( IBRA ),007490015,BEAUTYVIT,EFFERVESCENT TABLETS,,20S,0,0,5,1,0,0,10,2,10,2,0,0,0,0,0,0,0,0,0,0,0,0,0,0
K166,AL KARAM PHARMACY,007490015,BEAUTYVIT,EFFERVESCENT TABLETS,,20S,0,0,0,0,1,0,0,0,0,0,0,0,0,0,0,0,0,0,0,0,0,0,0,0
K177,AL KAWTHAR PHARMACY,007490015,BEAUTYVIT,EFFERVESCENT TABLETS,,20S,0,0,2,0,0,0,0,0,0,0,0,0,0,0,0,0,0,0,0,0,0,0,0,0
K183,AL KARAMA STAR PHARMACY,007490015,BEAUTYVIT,EFFERVESCENT TABLETS,,20S,0,0,5,1,0,0,0,0,0,0,0,0,0,0,0,0,0,0,0,0,0,0,0,0
L070,LULU PHARMACY (CENTRAL STORES),007490015,BEAUTYVIT,EFFERVESCENT TABLETS,,20S,0,0,0,0,100,24,0,0,0,0,0,0,0,0,0,0,0,0,0,0,0,0,0,0
M001,MAZOON PHARMACY,007490015,BEAUTYVIT,EFFERVESCENT TABLETS,,20S,2,0,0,0,0,0,0,0,0,0,0,0,0,0,0,0,0,0,0,0,0,0,0,0
M011,MUSCAT PHARMACY & STORES SALALAH LLC,007490015,BEAUTYVIT,EFFERVESCENT TABLETS,,20S,0,0,0,0,0,0,0,0,0,0,50,11,0,0,0,0,0,0,0,0,0,0,0,0
M304,NEW BEHLA PHARMACY - AL MAWALAH,007490015,BEAUTYVIT,EFFERVESCENT TABLETS,,20S,5,1,0,0,0,0,0,0,0,0,0,0,0,0,0,0,0,0,0,0,0,0,0,0
M531,AL MALAZ PHARMACY,007490015,BEAUTYVIT,EFFERVESCENT TABLETS,,20S,0,0,0,0,0,0,0,0,0,0,0,0,5,1,0,0,0,0,0,0,0,0,0,0
N234,NAIRUZ PHARMACY,007490015,BEAUTYVIT,EFFERVESCENT TABLETS,,20S,0,0,100,24,0,0,0,0,0,0,0,0,0,0,0,0,0,0,0,0,0,0,0,0
N268,NIZWA PHARMACY (Safari Roses),007490015,BEAUTYVIT,EFFERVESCENT TABLETS,,20S,0,0,0,0,2,0,0,0,0,0,2,0,2,0,0,0,0,0,0,0,0,0,0,0
O167,OMAR PHARMACY,007490015,BEAUTYVIT,EFFERVESCENT TABLETS,,20S,0,0,3,0,0,0,0,0,0,0,0,0,0,0,0,0,0,0,0,0,0,0,0,0
O169,OONS PHARMACY,007490015,BEAUTYVIT,EFFERVESCENT TABLETS,,20S,0,0,0,0,0,0,2,0,0,0,0,0,0,0,0,0,0,0,0,0,0,0,0,0
P059,PREMIUM PHARMACY,007490015,BEAUTYVIT,EFFERVESCENT TABLETS,,20S,0,0,0,0,0,0,0,0,6,0,0,0,0,0,0,0,0,0,0,0,0,0,0,0
P068,PHARMALINA PHARMACY (AL KHOUD),007490015,BEAUTYVIT,EFFERVESCENT TABLETS,,20S,0,0,5,1,0,0,0,0,0,0,0,0,6,1,0,0,0,0,0,0,0,0,0,0
R185,ROYAL PHARMACY,007490015,BEAUTYVIT,EFFERVESCENT TABLETS,,20S,5,1,0,0,0,0,0,0,0,0,0,0,0,0,0,0,0,0,0,0,0,0,0,0
S061,BAHWAN HEALTHCARE CENTRE LLC.,007490015,BEAUTYVIT,EFFERVESCENT TABLETS,,20S,0,0,0,0,0,0,0,0,5,1,0,0,0,0,0,0,0,0,0,0,0,0,0,0
S200,SOHAR PHARMACY - SOHAR,007490015,BEAUTYVIT,EFFERVESCENT TABLETS,,20S,0,0,5,1,0,0,0,0,0,0,0,0,0,0,0,0,0,0,0,0,0,0,0,0
S271,AL SAADI PHARMACY (BIDAYA),007490015,BEAUTYVIT,EFFERVESCENT TABLETS,,20S,0,0,15,3,0,0,0,0,0,0,0,0,0,0,0,0,0,0,0,0,0,0,0,0
S360,AL BUSHRA MEDICAL SPECIALTY COMPLEX,007490015,BEAUTYVIT,EFFERVESCENT TABLETS,,20S,0,0,0,0,7,1,0,0,0,0,0,0,0,0,0,0,0,0,0,0,0,0,0,0
S385,AVICEN PHARMACY (AL WANESS BUSINESS INTL.),007490015,BEAUTYVIT,EFFERVESCENT TABLETS,,20S,0,0,200,64,0,0,0,0,100,32,0,0,50,11,0,0,0,0,0,0,0,0,0,0
U016,UM BALQEES NATIONAL CO. LLC,007490015,BEAUTYVIT,EFFERVESCENT TABLETS,,20S,0,0,10,2,10,2,0,0,0,0,10,2,0,0,0,0,0,0,0,0,0,0,0,0
V023,VISTA PHARMA,007490015,BEAUTYVIT,EFFERVESCENT TABLETS,,20S,50,11,0,0,0,0,50,15,0,0,0,0,0,0,0,0,0,0,0,0,0,0,0,0
W072,AL WADI PHARMACY (AMATHEL),007490015,BEAUTYVIT,EFFERVESCENT TABLETS,,20S,0,0,0,0,0,0,0,0,0,0,2,0,0,0,0,0,0,0,0,0,0,0,0,0
Z065,AL ZAKI PHARMACY,007490015,BEAUTYVIT,EFFERVESCENT TABLETS,,20S,0,0,3,0,0,0,0,0,0,0,0,0,0,0,0,0,0,0,0,0,0,0,0,0
001,Ruwi Branch,007490016,BIOTINA (ORANGE FLAVOUR),EFFERVESCENT TABS,5000MCG,20S,0,0,0,0,0,0,0,0,35,0,5,0,16,0,0,0,0,0,0,0,0,0,0,0
003,Al Gobra (Pharmacy) Branch,007490016,BIOTINA (ORANGE FLAVOUR),EFFERVESCENT TABS,5000MCG,20S,0,0,0,0,0,0,0,0,29,0,1,0,68,0,0,0,0,0,0,0,0,0,0,0
004,Al Rusayl Branch (Near SQUH),007490016,BIOTINA (ORANGE FLAVOUR),EFFERVESCENT TABS,5000MCG,20S,0,0,0,0,0,0,0,0,10,0,0,0,1,0,0,0,0,0,0,0,0,0,0,0
005,Wadi Kabir (Opp: Al Maha Pump) Br.,007490016,BIOTINA (ORANGE FLAVOUR),EFFERVESCENT TABS,5000MCG,20S,0,0,0,0,0,0,0,0,5,0,0,0,3,0,0,0,0,0,0,0,0,0,0,0
007,Al Hamra Branch,007490016,BIOTINA (ORANGE FLAVOUR),EFFERVESCENT TABS,5000MCG,20S,0,0,0,0,0,0,0,0,4,0,0,0,2,0,0,0,0,0,0,0,0,0,0,0
008,Medinat Qaboos Branch,007490016,BIOTINA (ORANGE FLAVOUR),EFFERVESCENT TABS,5000MCG,20S,0,0,0,0,0,0,28,0,6,0,0,0,0,0,0,0,0,0,0,0,0,0,0,0
009,Sohar Branch,007490016,BIOTINA (ORANGE FLAVOUR),EFFERVESCENT TABS,5000MCG,20S,0,0,0,0,0,0,0,0,8,0,0,0,21,0,0,0,0,0,0,0,0,0,0,0
010,Nizwa Branch,007490016,BIOTINA (ORANGE FLAVOUR),EFFERVESCENT TABS,5000MCG,20S,0,0,0,0,0,0,6,0,36,0,0,0,0,0,0,0,0,0,0,0,0,0,0,0
011,Khasab (Musandam) Branch,007490016,BIOTINA (ORANGE FLAVOUR),EFFERVESCENT TABS,5000MCG,20S,0,0,0,0,0,0,0,0,10,0,0,0,0,0,0,0,0,0,0,0,0,0,0,0
012,Musanna Branch,007490016,BIOTINA (ORANGE FLAVOUR),EFFERVESCENT TABS,5000MCG,20S,0,0,0,0,0,0,0,0,21,0,12,0,0,0,0,0,0,0,0,0,0,0,0,0
018,Darsait Branch,007490016,BIOTINA (ORANGE FLAVOUR),EFFERVESCENT TABS,5000MCG,20S,0,0,0,0,0,0,0,0,14,0,0,0,3,0,0,0,0,0,0,0,0,0,0,0
024,Greater Muttrah Branch,007490016,BIOTINA (ORANGE FLAVOUR),EFFERVESCENT TABS,5000MCG,20S,0,0,0,0,0,0,0,0,16,0,0,0,8,0,0,0,0,0,0,0,0,0,0,0
025,Qurum  Branch,007490016,BIOTINA (ORANGE FLAVOUR),EFFERVESCENT TABS,5000MCG,20S,0,0,0,0,0,0,0,0,10,0,0,0,2,0,0,0,0,0,0,0,0,0,0,0
026,Wadi Kabir Branch,007490016,BIOTINA (ORANGE FLAVOUR),EFFERVESCENT TABS,5000MCG,20S,0,0,0,0,0,0,0,0,96,0,0,0,0,0,0,0,0,0,0,0,0,0,0,0
028,Ibri Murtafa Branch,007490016,BIOTINA (ORANGE FLAVOUR),EFFERVESCENT TABS,5000MCG,20S,0,0,0,0,0,0,0,0,11,0,0,0,0,0,0,0,0,0,0,0,0,0,0,0
029,Saham Branch,007490016,BIOTINA (ORANGE FLAVOUR),EFFERVESCENT TABS,5000MCG,20S,0,0,0,0,0,0,0,0,2,0,5,0,12,0,0,0,0,0,0,0,0,0,0,0
031,Al Sawadi Branch,007490016,BIOTINA (ORANGE FLAVOUR),EFFERVESCENT TABS,5000MCG,20S,0,0,0,0,0,0,0,0,5,0,0,0,0,0,0,0,0,0,0,0,0,0,0,0
032,Al Khuwair Branch,007490016,BIOTINA (ORANGE FLAVOUR),EFFERVESCENT TABS,5000MCG,20S,0,0,0,0,0,0,0,0,91,0,0,0,28,0,0,0,0,0,0,0,0,0,0,0
034,Al Suwaiq  Branch,007490016,BIOTINA (ORANGE FLAVOUR),EFFERVESCENT TABS,5000MCG,20S,0,0,0,0,0,0,0,0,0,0,0,0,0,0,120,0,0,0,0,0,0,0,0,0
038,Al Bidayah Branch,007490016,BIOTINA (ORANGE FLAVOUR),EFFERVESCENT TABS,5000MCG,20S,0,0,0,0,0,0,0,0,30,0,0,0,23,0,0,0,0,0,0,0,0,0,0,0
039,Seeb Branch,007490016,BIOTINA (ORANGE FLAVOUR),EFFERVESCENT TABS,5000MCG,20S,0,0,0,0,0,0,0,0,17,0,0,0,23,0,0,0,0,0,0,0,0,0,0,0
040,Masirah Branch,007490016,BIOTINA (ORANGE FLAVOUR),EFFERVESCENT TABS,5000MCG,20S,0,0,0,0,0,0,0,0,10,0,12,0,0,0,0,0,0,0,0,0,0,0,0,0
041,Al Muzn Mall Branch,007490016,BIOTINA (ORANGE FLAVOUR),EFFERVESCENT TABS,5000MCG,20S,0,0,0,0,0,0,0,0,20,0,0,0,8,0,0,0,0,0,0,0,0,0,0,0
042,Muscat Int'l Airport Branch - Landside,007490016,BIOTINA (ORANGE FLAVOUR),EFFERVESCENT TABS,5000MCG,20S,0,0,0,0,0,0,0,0,65,0,0,0,0,0,0,0,0,0,0,0,0,0,0,0
043,Muscat Int'l Airport Branch - Airside,007490016,BIOTINA (ORANGE FLAVOUR),EFFERVESCENT TABS,5000MCG,20S,0,0,0,0,0,0,0,0,15,0,0,0,0,0,0,0,0,0,0,0,0,0,0,0
044,Safeer (Azaiba) Branch,007490016,BIOTINA (ORANGE FLAVOUR),EFFERVESCENT TABS,5000MCG,20S,0,0,0,0,0,0,0,0,30,0,0,0,2,0,0,0,0,0,0,0,0,0,0,0
045,Ibri Sanaya Branch,007490016,BIOTINA (ORANGE FLAVOUR),EFFERVESCENT TABS,5000MCG,20S,0,0,0,0,0,0,0,0,43,0,0,0,20,0,0,0,0,0,0,0,0,0,0,0
046,Yanqil Branch,007490016,BIOTINA (ORANGE FLAVOUR),EFFERVESCENT TABS,5000MCG,20S,0,0,0,0,0,0,0,0,80,0,0,0,0,0,0,0,0,0,0,0,0,0,0,0
048,Sur Branch,007490016,BIOTINA (ORANGE FLAVOUR),EFFERVESCENT TABS,5000MCG,20S,0,0,0,0,0,0,0,0,0,0,0,0,6,0,0,0,0,0,0,0,0,0,0,0
068,Wadi Hatat Branch,007490016,BIOTINA (ORANGE FLAVOUR),EFFERVESCENT TABS,5000MCG,20S,0,0,0,0,0,0,0,0,97,0,0,0,10,0,0,0,0,0,0,0,0,0,0,0
080,Qurum City Centre Branch,007490016,BIOTINA (ORANGE FLAVOUR),EFFERVESCENT TABS,5000MCG,20S,0,0,0,0,0,0,0,0,82,0,0,0,39,0,0,0,0,0,0,0,0,0,0,0
081,Rustaq Branch,007490016,BIOTINA (ORANGE FLAVOUR),EFFERVESCENT TABS,5000MCG,20S,0,0,0,0,0,0,0,0,20,0,0,0,19,0,0,0,0,0,0,0,0,0,0,0
082,Al Khod Branch,007490016,BIOTINA (ORANGE FLAVOUR),EFFERVESCENT TABS,5000MCG,20S,0,0,0,0,0,0,10,0,71,0,0,0,0,0,0,0,0,0,0,0,0,0,0,0
083,Sinaw Branch,007490016,BIOTINA (ORANGE FLAVOUR),EFFERVESCENT TABS,5000MCG,20S,0,0,0,0,0,0,0,0,50,0,0,0,0,0,0,0,0,0,0,0,0,0,0,0
084,Bilad Bani Buali Branch,007490016,BIOTINA (ORANGE FLAVOUR),EFFERVESCENT TABS,5000MCG,20S,0,0,0,0,0,0,0,0,20,0,0,0,6,0,0,0,0,0,0,0,0,0,0,0
087,Hamriya Branch,007490016,BIOTINA (ORANGE FLAVOUR),EFFERVESCENT TABS,5000MCG,20S,0,0,0,0,0,0,0,0,61,0,0,0,0,0,0,0,0,0,0,0,0,0,0,0
088,Al Sarooj Comm.Centre (Pharmacy),007490016,BIOTINA (ORANGE FLAVOUR),EFFERVESCENT TABS,5000MCG,20S,0,0,0,0,0,0,0,0,275,0,50,0,59,0,0,0,0,0,0,0,0,0,0,0
090,Muttrah Branch,007490016,BIOTINA (ORANGE FLAVOUR),EFFERVESCENT TABS,5000MCG,20S,0,0,0,0,0,0,0,0,15,0,10,0,0,0,0,0,0,0,0,0,0,0,0,0
091,Barka Branch,007490016,BIOTINA (ORANGE FLAVOUR),EFFERVESCENT TABS,5000MCG,20S,0,0,0,0,0,0,0,0,15,0,6,0,0,0,0,0,0,0,0,0,0,0,0,0
092,Bahla  Branch,007490016,BIOTINA (ORANGE FLAVOUR),EFFERVESCENT TABS,5000MCG,20S,0,0,0,0,0,0,0,0,4,0,10,0,10,0,0,0,0,0,0,0,0,0,0,0
093,Ruwi High Street Branch,007490016,BIOTINA (ORANGE FLAVOUR),EFFERVESCENT TABS,5000MCG,20S,0,0,0,0,0,0,0,0,30,0,0,0,7,0,0,0,0,0,0,0,0,0,0,0
097,Al Hail Branch,007490016,BIOTINA (ORANGE FLAVOUR),EFFERVESCENT TABS,5000MCG,20S,0,0,0,0,0,0,0,0,28,0,0,0,16,0,0,0,0,0,0,0,0,0,0,0
098,Al Meera Al Amerat Branch,007490016,BIOTINA (ORANGE FLAVOUR),EFFERVESCENT TABS,5000MCG,20S,0,0,0,0,0,0,0,0,25,0,0,0,0,0,0,0,0,0,0,0,0,0,0,0
099,Al-Mawaleh Branch,007490016,BIOTINA (ORANGE FLAVOUR),EFFERVESCENT TABS,5000MCG,20S,0,0,0,0,0,0,0,0,15,0,1,0,28,0,0,0,0,0,0,0,0,0,0,0
100,Mabela Branch,007490016,BIOTINA (ORANGE FLAVOUR),EFFERVESCENT TABS,5000MCG,20S,0,0,0,0,0,0,0,0,27,0,6,0,0,0,12,0,0,0,0,0,0,0,0,0
101,Hay Al-Rahbah Cplx Branch (MQ),007490016,BIOTINA (ORANGE FLAVOUR),EFFERVESCENT TABS,5000MCG,20S,0,0,0,0,0,0,0,0,20,0,0,0,4,0,0,0,0,0,0,0,0,0,0,0
102,Liwa Branch,007490016,BIOTINA (ORANGE FLAVOUR),EFFERVESCENT TABS,5000MCG,20S,0,0,0,0,0,0,0,0,0,0,0,0,0,0,30,0,0,0,0,0,0,0,0,0
105,Mall of Oman Branch,007490016,BIOTINA (ORANGE FLAVOUR),EFFERVESCENT TABS,5000MCG,20S,0,0,0,0,0,0,0,0,176,0,10,0,36,0,0,0,0,0,0,0,0,0,0,0
107,City Centre Branch,007490016,BIOTINA (ORANGE FLAVOUR),EFFERVESCENT TABS,5000MCG,20S,0,0,0,0,0,0,0,0,43,0,4,0,8,0,0,0,0,0,0,0,0,0,0,0
118,Safeer-Sohar (Pharmacy) Branch,007490016,BIOTINA (ORANGE FLAVOUR),EFFERVESCENT TABS,5000MCG,20S,0,0,0,0,0,0,0,0,0,0,0,0,13,0,0,0,0,0,0,0,0,0,0,0
124,Barka Grand Centre Branch,007490016,BIOTINA (ORANGE FLAVOUR),EFFERVESCENT TABS,5000MCG,20S,0,0,0,0,0,0,0,0,10,0,0,0,3,0,0,0,0,0,0,0,0,0,0,0
A495,ALYA AL AMERAT PHARMACY,007490016,BIOTINA (ORANGE FLAVOUR),EFFERVESCENT TABS,5000MCG,20S,0,0,0,0,0,0,0,0,0,0,0,0,5,1,0,0,0,0,0,0,0,0,0,0
A517,EVA PHARMACY,007490016,BIOTINA (ORANGE FLAVOUR),EFFERVESCENT TABS,5000MCG,20S,0,0,0,0,0,0,0,0,6,1,12,2,0,0,0,0,0,0,0,0,0,0,0,0
A521,OMAN INTERNATIONAL HOSPITAL,007490016,BIOTINA (ORANGE FLAVOUR),EFFERVESCENT TABS,5000MCG,20S,0,0,0,0,0,0,0,0,0,0,20,5,0,0,0,0,0,0,0,0,0,0,0,0
A592,AMLA PHARMACY MUSANNAH,007490016,BIOTINA (ORANGE FLAVOUR),EFFERVESCENT TABS,5000MCG,20S,0,0,0,0,0,0,0,0,0,0,0,0,1,0,0,0,0,0,0,0,0,0,0,0
B133,BELQEES PHARMACY (MABELLA),007490016,BIOTINA (ORANGE FLAVOUR),EFFERVESCENT TABS,5000MCG,20S,0,0,0,0,0,0,0,0,0,0,0,0,10,2,0,0,0,0,0,0,0,0,0,0
B186,BASMAT AL AMAL PHARMACY,007490016,BIOTINA (ORANGE FLAVOUR),EFFERVESCENT TABS,5000MCG,20S,0,0,0,0,0,0,0,0,0,0,5,1,0,0,0,0,0,0,0,0,0,0,0,0
C094,COSMED PHARMACY,007490016,BIOTINA (ORANGE FLAVOUR),EFFERVESCENT TABS,5000MCG,20S,0,0,0,0,0,0,0,0,0,0,0,0,1,0,0,0,0,0,0,0,0,0,0,0
J111,JANNATH PHARMACY,007490016,BIOTINA (ORANGE FLAVOUR),EFFERVESCENT TABS,5000MCG,20S,0,0,0,0,0,0,0,0,0,0,0,0,5,1,0,0,0,0,0,0,0,0,0,0
N268,NIZWA PHARMACY (Safari Roses),007490016,BIOTINA (ORANGE FLAVOUR),EFFERVESCENT TABS,5000MCG,20S,0,0,0,0,0,0,0,0,0,0,2,0,1,0,0,0,0,0,0,0,0,0,0,0
S061,BAHWAN HEALTHCARE CENTRE LLC.,007490016,BIOTINA (ORANGE FLAVOUR),EFFERVESCENT TABS,5000MCG,20S,0,0,0,0,0,0,0,0,0,0,5,1,0,0,0,0,0,0,0,0,0,0,0,0
S360,AL BUSHRA MEDICAL SPECIALTY COMPLEX,007490016,BIOTINA (ORANGE FLAVOUR),EFFERVESCENT TABS,5000MCG,20S,0,0,0,0,0,0,0,0,2,0,0,0,0,0,0,0,0,0,0,0,0,0,0,0
T115,NEW TAIBA PHARMACY (CENTRAL STORE),007490016,BIOTINA (ORANGE FLAVOUR),EFFERVESCENT TABS,5000MCG,20S,0,0,0,0,0,0,0,0,0,0,0,0,50,12,0,0,0,0,0,0,0,0,0,0
U016,UM BALQEES NATIONAL CO. LLC,007490016,BIOTINA (ORANGE FLAVOUR),EFFERVESCENT TABS,5000MCG,20S,0,0,0,0,0,0,0,0,0,0,0,0,10,2,0,0,0,0,0,0,0,0,0,0
001,Ruwi Branch,007490025,C-VIT,EFFERVESCENT TABLETS,,20S,0,0,0,0,0,0,1,0,20,0,0,0,28,0,0,0,0,0,0,0,0,0,0,0
003,Al Gobra (Pharmacy) Branch,007490025,C-VIT,EFFERVESCENT TABLETS,,20S,30,0,0,0,0,0,1,0,29,0,1,0,103,0,0,0,0,0,0,0,0,0,0,0
004,Al Rusayl Branch (Near SQUH),007490025,C-VIT,EFFERVESCENT TABLETS,,20S,0,0,0,0,0,0,0,0,28,0,0,0,0,0,0,0,0,0,0,0,0,0,0,0
005,Wadi Kabir (Opp: Al Maha Pump) Br.,007490025,C-VIT,EFFERVESCENT TABLETS,,20S,10,0,0,0,0,0,0,0,0,0,20,0,0,0,0,0,0,0,0,0,0,0,0,0
006,Muttrah Souq  Branch,007490025,C-VIT,EFFERVESCENT TABLETS,,20S,5,0,0,0,0,0,0,0,28,0,0,0,0,0,0,0,0,0,0,0,0,0,0,0
007,Al Hamra Branch,007490025,C-VIT,EFFERVESCENT TABLETS,,20S,3,0,0,0,0,0,0,0,0,0,0,0,2,0,0,0,0,0,0,0,0,0,0,0
008,Medinat Qaboos Branch,007490025,C-VIT,EFFERVESCENT TABLETS,,20S,112,0,0,0,0,0,0,0,0,0,58,0,28,0,0,0,0,0,0,0,0,0,0,0
009,Sohar Branch,007490025,C-VIT,EFFERVESCENT TABLETS,,20S,0,0,0,0,0,0,0,0,10,0,0,0,20,0,0,0,0,0,0,0,0,0,0,0
010,Nizwa Branch,007490025,C-VIT,EFFERVESCENT TABLETS,,20S,0,0,42,0,0,0,0,0,96,0,0,0,0,0,0,0,0,0,0,0,0,0,0,0
011,Khasab (Musandam) Branch,007490025,C-VIT,EFFERVESCENT TABLETS,,20S,38,0,0,0,0,0,0,0,0,0,0,0,2,0,56,0,0,0,0,0,0,0,0,0
012,Musanna Branch,007490025,C-VIT,EFFERVESCENT TABLETS,,20S,0,0,0,0,0,0,0,0,10,0,0,0,9,0,0,0,0,0,0,0,0,0,0,0
018,Darsait Branch,007490025,C-VIT,EFFERVESCENT TABLETS,,20S,30,0,0,0,0,0,0,0,11,0,6,0,6,0,0,0,0,0,0,0,0,0,0,0
024,Greater Muttrah Branch,007490025,C-VIT,EFFERVESCENT TABLETS,,20S,0,0,0,0,0,0,0,0,0,0,0,0,10,0,0,0,0,0,0,0,0,0,0,0
025,Qurum  Branch,007490025,C-VIT,EFFERVESCENT TABLETS,,20S,0,0,0,0,0,0,0,0,30,0,0,0,0,0,0,0,0,0,0,0,0,0,0,0
026,Wadi Kabir Branch,007490025,C-VIT,EFFERVESCENT TABLETS,,20S,88,0,0,0,0,0,0,0,20,0,0,0,36,0,0,0,0,0,0,0,0,0,0,0
028,Ibri Murtafa Branch,007490025,C-VIT,EFFERVESCENT TABLETS,,20S,0,0,0,0,0,0,0,0,10,0,15,0,0,0,0,0,0,0,0,0,0,0,0,0
029,Saham Branch,007490025,C-VIT,EFFERVESCENT TABLETS,,20S,3,0,0,0,0,0,0,0,0,0,8,0,30,0,0,0,0,0,0,0,0,0,0,0
031,Al Sawadi Branch,007490025,C-VIT,EFFERVESCENT TABLETS,,20S,2,0,0,0,0,0,0,0,0,0,28,0,28,0,0,0,0,0,0,0,0,0,0,0
032,Al Khuwair Branch,007490025,C-VIT,EFFERVESCENT TABLETS,,20S,5,0,12,0,0,0,0,0,58,0,10,0,60,0,0,0,0,0,0,0,0,0,0,0
033,Al Kamel Branch,007490025,C-VIT,EFFERVESCENT TABLETS,,20S,69,0,0,0,0,0,0,0,0,0,0,0,40,0,0,0,0,0,0,0,0,0,0,0
034,Al Suwaiq  Branch,007490025,C-VIT,EFFERVESCENT TABLETS,,20S,3,0,3,0,0,0,0,0,0,0,0,0,3,0,6,0,0,0,0,0,0,0,0,0
038,Al Bidayah Branch,007490025,C-VIT,EFFERVESCENT TABLETS,,20S,25,0,8,0,0,0,0,0,35,0,0,0,10,0,0,0,0,0,0,0,0,0,0,0
039,Seeb Branch,007490025,C-VIT,EFFERVESCENT TABLETS,,20S,5,0,0,0,0,0,0,0,0,0,12,0,0,0,0,0,0,0,0,0,0,0,0,0
040,Masirah Branch,007490025,C-VIT,EFFERVESCENT TABLETS,,20S,28,0,0,0,0,0,0,0,10,0,36,0,0,0,0,0,0,0,0,0,0,0,0,0
041,Al Muzn Mall Branch,007490025,C-VIT,EFFERVESCENT TABLETS,,20S,12,0,0,0,0,0,0,0,28,0,0,0,0,0,0,0,0,0,0,0,0,0,0,0
042,Muscat Int'l Airport Branch - Landside,007490025,C-VIT,EFFERVESCENT TABLETS,,20S,20,0,0,0,0,0,0,0,0,0,0,0,38,0,0,0,0,0,0,0,0,0,0,0
043,Muscat Int'l Airport Branch - Airside,007490025,C-VIT,EFFERVESCENT TABLETS,,20S,26,0,0,0,0,0,0,0,10,0,56,0,0,0,28,0,0,0,0,0,0,0,0,0
044,Safeer (Azaiba) Branch,007490025,C-VIT,EFFERVESCENT TABLETS,,20S,7,0,0,0,0,0,0,0,5,0,0,0,36,0,0,0,0,0,0,0,0,0,0,0
045,Ibri Sanaya Branch,007490025,C-VIT,EFFERVESCENT TABLETS,,20S,0,0,10,0,3,0,0,0,50,0,15,0,45,0,0,0,0,0,0,0,0,0,0,0
046,Yanqil Branch,007490025,C-VIT,EFFERVESCENT TABLETS,,20S,0,0,0,0,0,0,0,0,76,0,0,0,0,0,0,0,0,0,0,0,0,0,0,0
047,Ibra Branch,007490025,C-VIT,EFFERVESCENT TABLETS,,20S,8,0,3,0,0,0,0,0,0,0,3,0,2,0,0,0,0,0,0,0,0,0,0,0
048,Sur Branch,007490025,C-VIT,EFFERVESCENT TABLETS,,20S,0,0,0,0,7,0,0,0,50,0,0,0,70,0,0,0,0,0,0,0,0,0,0,0
068,Wadi Hatat Branch,007490025,C-VIT,EFFERVESCENT TABLETS,,20S,72,0,0,0,0,0,0,0,0,0,0,0,7,0,37,0,0,0,0,0,0,0,0,0
080,Qurum City Centre Branch,007490025,C-VIT,EFFERVESCENT TABLETS,,20S,25,0,0,0,24,0,0,0,86,0,0,0,56,0,0,0,0,0,0,0,0,0,0,0
081,Rustaq Branch,007490025,C-VIT,EFFERVESCENT TABLETS,,20S,1,0,0,0,0,0,0,0,5,0,0,0,12,0,0,0,0,0,0,0,0,0,0,0
082,Al Khod Branch,007490025,C-VIT,EFFERVESCENT TABLETS,,20S,5,0,0,0,0,0,0,0,11,0,0,0,22,0,0,0,0,0,0,0,0,0,0,0
083,Sinaw Branch,007490025,C-VIT,EFFERVESCENT TABLETS,,20S,10,0,0,0,0,0,0,0,40,0,0,0,20,0,0,0,0,0,0,0,0,0,0,0
084,Bilad Bani Buali Branch,007490025,C-VIT,EFFERVESCENT TABLETS,,20S,0,0,10,0,0,0,0,0,6,0,20,0,0,0,0,0,0,0,0,0,0,0,0,0
087,Hamriya Branch,007490025,C-VIT,EFFERVESCENT TABLETS,,20S,31,0,0,0,0,0,0,0,28,0,0,0,12,0,0,0,0,0,0,0,0,0,0,0
088,Al Sarooj Comm.Centre (Pharmacy),007490025,C-VIT,EFFERVESCENT TABLETS,,20S,112,0,0,0,0,0,0,0,312,0,0,0,0,0,0,0,0,0,0,0,0,0,0,0
090,Muttrah Branch,007490025,C-VIT,EFFERVESCENT TABLETS,,20S,33,0,0,0,0,0,0,0,5,0,20,0,0,0,0,0,0,0,0,0,0,0,0,0
091,Barka Branch,007490025,C-VIT,EFFERVESCENT TABLETS,,20S,15,0,0,0,0,0,0,0,20,0,40,0,0,0,0,0,0,0,0,0,0,0,0,0
092,Bahla  Branch,007490025,C-VIT,EFFERVESCENT TABLETS,,20S,12,0,5,0,0,0,0,0,0,0,0,0,5,0,0,0,0,0,0,0,0,0,0,0
093,Ruwi High Street Branch,007490025,C-VIT,EFFERVESCENT TABLETS,,20S,4,0,0,0,0,0,0,0,0,0,10,0,10,0,0,0,0,0,0,0,0,0,0,0
094,Buraimi Branch,007490025,C-VIT,EFFERVESCENT TABLETS,,20S,12,0,0,0,0,0,0,0,15,0,0,0,0,0,0,0,0,0,0,0,0,0,0,0
097,Al Hail Branch,007490025,C-VIT,EFFERVESCENT TABLETS,,20S,12,0,0,0,0,0,1,0,32,0,0,0,98,0,0,0,0,0,0,0,0,0,0,0
098,Al Meera Al Amerat Branch,007490025,C-VIT,EFFERVESCENT TABLETS,,20S,0,0,0,0,0,0,0,0,5,0,0,0,3,0,0,0,0,0,0,0,0,0,0,0
099,Al-Mawaleh Branch,007490025,C-VIT,EFFERVESCENT TABLETS,,20S,106,0,0,0,0,0,0,0,0,0,100,0,0,0,0,0,0,0,0,0,0,0,0,0
100,Mabela Branch,007490025,C-VIT,EFFERVESCENT TABLETS,,20S,40,0,0,0,0,0,0,0,30,0,5,0,12,0,28,0,0,0,0,0,0,0,0,0
101,Hay Al-Rahbah Cplx Branch (MQ),007490025,C-VIT,EFFERVESCENT TABLETS,,20S,9,0,12,0,0,0,0,0,0,0,5,0,5,0,0,0,0,0,0,0,0,0,0,0
102,Liwa Branch,007490025,C-VIT,EFFERVESCENT TABLETS,,20S,6,0,0,0,0,0,0,0,10,0,0,0,3,0,12,0,0,0,0,0,0,0,0,0
104,Khaburah Branch,007490025,C-VIT,EFFERVESCENT TABLETS,,20S,4,0,0,0,0,0,0,0,20,0,0,0,20,0,0,0,0,0,0,0,0,0,0,0
105,Mall of Oman Branch,007490025,C-VIT,EFFERVESCENT TABLETS,,20S,30,0,0,0,0,0,0,0,115,0,0,0,56,0,0,0,0,0,0,0,0,0,0,0
107,City Centre Branch,007490025,C-VIT,EFFERVESCENT TABLETS,,20S,0,0,0,0,0,0,0,0,2,0,2,0,1,0,0,0,0,0,0,0,0,0,0,0
118,Safeer-Sohar (Pharmacy) Branch,007490025,C-VIT,EFFERVESCENT TABLETS,,20S,2,0,5,0,0,0,0,0,38,0,0,0,0,0,0,0,0,0,0,0,0,0,0,0
124,Barka Grand Centre Branch,007490025,C-VIT,EFFERVESCENT TABLETS,,20S,6,0,0,0,0,0,0,0,0,0,0,0,0,0,0,0,0,0,0,0,0,0,0,0
3202,QARN AL RAWDAH CLINIC,007490025,C-VIT,EFFERVESCENT TABLETS,,20S,0,0,10,2,0,0,0,0,0,0,0,0,0,0,0,0,0,0,0,0,0,0,0,0
4092,AL JAWI PHARMACY,007490025,C-VIT,EFFERVESCENT TABLETS,,20S,0,0,5,1,0,0,0,0,0,0,0,0,0,0,0,0,0,0,0,0,0,0,0,0
5016,INTERNAL SECURITY SERVICE,007490025,C-VIT,EFFERVESCENT TABLETS,,20S,0,0,0,0,0,0,0,0,0,0,0,0,412,0,0,0,0,0,0,0,0,0,0,0
5069,SULTAN'S SPECIAL FORCE-AZAIBA/SALALAH,007490025,C-VIT,EFFERVESCENT TABLETS,,20S,0,0,0,0,0,0,0,0,60,0,0,0,0,0,0,0,0,0,0,0,0,0,0,0
A546,ABAQ AL SHAHAD PHARMACY,007490025,C-VIT,EFFERVESCENT TABLETS,,20S,0,0,0,0,0,0,0,0,0,0,50,14,0,0,0,0,0,0,0,0,0,0,0,0
B108,AL BAWARAK PHARMACY,007490025,C-VIT,EFFERVESCENT TABLETS,,20S,0,0,0,0,0,0,0,0,10,2,0,0,0,0,0,0,0,0,0,0,0,0,0,0
B111,BADAR AL JASHMI-II PHARMACY,007490025,C-VIT,EFFERVESCENT TABLETS,,20S,0,0,0,0,0,0,0,0,0,0,0,0,25,5,0,0,0,0,0,0,0,0,0,0
B133,BELQEES PHARMACY (MABELLA),007490025,C-VIT,EFFERVESCENT TABLETS,,20S,0,0,0,0,0,0,0,0,10,2,10,2,20,4,0,0,0,0,0,0,0,0,0,0
B210,AL BURAIMI MODERN PHARMACY,007490025,C-VIT,EFFERVESCENT TABLETS,,20S,0,0,0,0,0,0,0,0,20,4,0,0,0,0,0,0,0,0,0,0,0,0,0,0
C094,COSMED PHARMACY,007490025,C-VIT,EFFERVESCENT TABLETS,,20S,0,0,0,0,0,0,0,0,0,0,0,0,5,1,0,0,0,0,0,0,0,0,0,0
C964,HITEN P DOSHI (STAFF #1273),007490025,C-VIT,EFFERVESCENT TABLETS,,20S,0,0,0,0,0,0,0,0,0,0,25,5,0,0,0,0,0,0,0,0,0,0,0,0
D147,DIBBA PHARMACY,007490025,C-VIT,EFFERVESCENT TABLETS,,20S,2,0,0,0,0,0,0,0,0,0,0,0,0,0,0,0,0,0,0,0,0,0,0,0
E023,KCA DEUTAG ENERGY LLC.,007490025,C-VIT,EFFERVESCENT TABLETS,,20S,17,0,0,0,0,0,0,0,5,0,9,0,4,0,0,0,0,0,0,0,0,0,0,0
F126,FAMILY MODERN PHARMACY,007490025,C-VIT,EFFERVESCENT TABLETS,,20S,0,0,0,0,0,0,0,0,2,0,0,0,0,0,0,0,0,0,0,0,0,0,0,0
H198,AL HARMEEN MODERN PHARMACY (STORES),007490025,C-VIT,EFFERVESCENT TABLETS,,20S,0,0,0,0,20,4,0,0,15,3,15,3,25,5,0,0,0,0,0,0,0,0,0,0
H236,HELENA PHARMACY,007490025,C-VIT,EFFERVESCENT TABLETS,,20S,0,0,0,0,0,0,0,0,5,1,0,0,0,0,0,0,0,0,0,0,0,0,0,0
H238,HEALTH CORNER PHARMACY,007490025,C-VIT,EFFERVESCENT TABLETS,,20S,0,0,0,0,0,0,0,0,0,0,10,2,0,0,0,0,0,0,0,0,0,0,0,0
H251,HEALTH PHARMACY DRUG STORE,007490025,C-VIT,EFFERVESCENT TABLETS,,20S,0,0,10,2,0,0,0,0,50,11,0,0,0,0,0,0,0,0,0,0,0,0,0,0
H254,AL HUBBI PHARMACY,007490025,C-VIT,EFFERVESCENT TABLETS,,20S,0,0,0,0,0,0,0,0,5,1,0,0,0,0,0,0,0,0,0,0,0,0,0,0
I001,IBN SINA PHARMACY,007490025,C-VIT,EFFERVESCENT TABLETS,,20S,0,0,0,0,0,0,0,0,0,0,10,2,0,0,0,0,0,0,0,0,0,0,0,0
I112,IBN AL YAFEI PHARMACY (BILAD),007490025,C-VIT,EFFERVESCENT TABLETS,,20S,0,0,1,0,0,0,0,0,0,0,0,0,0,0,0,0,0,0,0,0,0,0,0,0
J113,AL JADEED PHARMACY,007490025,C-VIT,EFFERVESCENT TABLETS,,20S,0,0,0,0,0,0,0,0,7,0,0,0,10,2,0,0,0,0,0,0,0,0,0,0
K119,KIMS OMAN MEDICAL COMPLEX,007490025,C-VIT,EFFERVESCENT TABLETS,,20S,0,0,0,0,0,0,0,0,0,0,0,0,50,11,0,0,0,0,0,0,0,0,0,0
K189,KNOOJ AL ARAQI TRAD PHARMACY,007490025,C-VIT,EFFERVESCENT TABLETS,,20S,0,0,0,0,0,0,0,0,0,0,0,0,5,1,0,0,0,0,0,0,0,0,0,0
L070,LULU PHARMACY (CENTRAL STORES),007490025,C-VIT,EFFERVESCENT TABLETS,,20S,0,0,0,0,0,0,0,0,100,24,200,60,0,0,0,0,0,0,0,0,0,0,0,0
M001,MAZOON PHARMACY,007490025,C-VIT,EFFERVESCENT TABLETS,,20S,2,0,0,0,0,0,0,0,0,0,0,0,0,0,0,0,0,0,0,0,0,0,0,0
M011,MUSCAT PHARMACY & STORES SALALAH LLC,007490025,C-VIT,EFFERVESCENT TABLETS,,20S,200,48,0,0,0,0,0,0,0,0,300,78,0,0,0,0,0,0,0,0,0,0,0,0
M531,AL MALAZ PHARMACY,007490025,C-VIT,EFFERVESCENT TABLETS,,20S,0,0,0,0,0,0,0,0,0,0,0,0,3,0,0,0,0,0,0,0,0,0,0,0
N077,NATIONAL DRILLING & SERVICES L L C,007490025,C-VIT,EFFERVESCENT TABLETS,,20S,0,0,0,0,0,0,0,0,0,0,0,0,10,0,0,0,0,0,0,0,0,0,0,0
N185,NAEEM MAJAN MEDICAL COMPLEX PHARMACY,007490025,C-VIT,EFFERVESCENT TABLETS,,20S,0,0,5,1,0,0,0,0,0,0,0,0,0,0,0,0,0,0,0,0,0,0,0,0
N268,NIZWA PHARMACY (Safari Roses),007490025,C-VIT,EFFERVESCENT TABLETS,,20S,0,0,0,0,0,0,0,0,0,0,3,0,0,0,0,0,0,0,0,0,0,0,0,0
N276,AL NAMA PHARMACY,007490025,C-VIT,EFFERVESCENT TABLETS,,20S,0,0,0,0,0,0,0,0,0,0,5,1,0,0,0,0,0,0,0,0,0,0,0,0
O172,OMAN MEDICAL HUB,007490025,C-VIT,EFFERVESCENT TABLETS,,20S,0,0,0,0,0,0,0,0,0,0,0,0,10,2,0,0,0,0,0,0,0,0,0,0
P041,NABORS DRILLING SERVICES BV (Oman Branch),007490025,C-VIT,EFFERVESCENT TABLETS,,20S,30,0,0,0,0,0,0,0,10,0,0,0,0,0,0,0,0,0,0,0,0,0,0,0
P047,PEACE LAND PHARMACY (GHOBRA),007490025,C-VIT,EFFERVESCENT TABLETS,,20S,0,0,0,0,0,0,0,0,0,0,0,0,25,5,0,0,0,0,0,0,0,0,0,0
P056,PEACE LAND MEDICAL SERVICES LLC.,007490025,C-VIT,EFFERVESCENT TABLETS,,20S,0,0,0,0,0,0,0,0,2,0,0,0,0,0,0,0,0,0,0,0,0,0,0,0
R026,RUSTAQ PHARMACY,007490025,C-VIT,EFFERVESCENT TABLETS,,20S,0,0,0,0,0,0,0,0,0,0,25,5,0,0,0,0,0,0,0,0,0,0,0,0
S061,BAHWAN HEALTHCARE CENTRE LLC.,007490025,C-VIT,EFFERVESCENT TABLETS,,20S,0,0,0,0,0,0,0,0,10,2,0,0,20,4,0,0,0,0,0,0,0,0,0,0
S206,AL SAADY PHARMACY,007490025,C-VIT,EFFERVESCENT TABLETS,,20S,0,0,0,0,0,0,0,0,12,2,0,0,0,0,0,0,0,0,0,0,0,0,0,0
S345,SAHARA MEDICAL STORES LLC,007490025,C-VIT,EFFERVESCENT TABLETS,,20S,200,48,0,0,0,0,0,0,100,24,200,48,0,0,0,0,0,0,0,0,0,0,0,0
S529,SAHARA PHARMACY,007490025,C-VIT,EFFERVESCENT TABLETS,,20S,0,0,0,0,0,0,0,0,0,0,0,0,5,1,0,0,0,0,0,0,0,0,0,0
S614,AL SARAF MEDICAL STORE,007490025,C-VIT,EFFERVESCENT TABLETS,,20S,0,0,0,0,0,0,0,0,0,0,10,2,30,6,0,0,0,0,0,0,0,0,0,0
T012,CATERING AND SUPPLIES COMPANY LLC,007490025,C-VIT,EFFERVESCENT TABLETS,,20S,0,0,0,0,0,0,0,0,0,0,3,0,0,0,0,0,0,0,0,0,0,0,0,0
T169,AL TAMAM PHARMACY,007490025,C-VIT,EFFERVESCENT TABLETS,,20S,0,0,0,0,0,0,0,0,0,0,10,2,0,0,0,0,0,0,0,0,0,0,0,0
U008,UM SALAMA PHARMACY L.L.C.,007490025,C-VIT,EFFERVESCENT TABLETS,,20S,0,0,0,0,0,0,0,0,100,24,0,0,0,0,0,0,0,0,0,0,0,0,0,0
U016,UM BALQEES NATIONAL CO. LLC,007490025,C-VIT,EFFERVESCENT TABLETS,,20S,10,2,0,0,0,0,0,0,20,4,20,4,0,0,0,0,0,0,0,0,0,0,0,0
V023,VISTA PHARMA,007490025,C-VIT,EFFERVESCENT TABLETS,,20S,100,24,0,0,0,0,0,0,0,0,0,0,100,35,0,0,0,0,0,0,0,0,0,0
003,Al Gobra (Pharmacy) Branch,007490030,CAL-D3VIT (MANGO FLAVOUR),EFFERVESCENT TABS,300MG+25MC,20S,0,0,0,0,0,0,0,0,12,0,24,0,30,0,0,0,0,0,0,0,0,0,0,0
009,Sohar Branch,007490030,CAL-D3VIT (MANGO FLAVOUR),EFFERVESCENT TABS,300MG+25MC,20S,0,0,0,0,0,0,0,0,0,0,0,0,10,0,10,0,0,0,0,0,0,0,0,0
011,Khasab (Musandam) Branch,007490030,CAL-D3VIT (MANGO FLAVOUR),EFFERVESCENT TABS,300MG+25MC,20S,0,0,0,0,0,0,0,0,20,0,0,0,2,0,28,0,0,0,0,0,0,0,0,0
018,Darsait Branch,007490030,CAL-D3VIT (MANGO FLAVOUR),EFFERVESCENT TABS,300MG+25MC,20S,0,0,0,0,0,0,0,0,0,0,6,0,8,0,0,0,0,0,0,0,0,0,0,0
024,Greater Muttrah Branch,007490030,CAL-D3VIT (MANGO FLAVOUR),EFFERVESCENT TABS,300MG+25MC,20S,0,0,0,0,0,0,0,0,0,0,0,0,6,0,0,0,0,0,0,0,0,0,0,0
025,Qurum  Branch,007490030,CAL-D3VIT (MANGO FLAVOUR),EFFERVESCENT TABS,300MG+25MC,20S,0,0,0,0,0,0,0,0,6,0,10,0,0,0,0,0,0,0,0,0,0,0,0,0
026,Wadi Kabir Branch,007490030,CAL-D3VIT (MANGO FLAVOUR),EFFERVESCENT TABS,300MG+25MC,20S,0,0,0,0,0,0,0,0,6,0,0,0,0,0,0,0,0,0,0,0,0,0,0,0
028,Ibri Murtafa Branch,007490030,CAL-D3VIT (MANGO FLAVOUR),EFFERVESCENT TABS,300MG+25MC,20S,0,0,0,0,0,0,0,0,0,0,6,0,0,0,0,0,0,0,0,0,0,0,0,0
029,Saham Branch,007490030,CAL-D3VIT (MANGO FLAVOUR),EFFERVESCENT TABS,300MG+25MC,20S,0,0,0,0,0,0,0,0,0,0,0,0,6,0,0,0,0,0,0,0,0,0,0,0
031,Al Sawadi Branch,007490030,CAL-D3VIT (MANGO FLAVOUR),EFFERVESCENT TABS,300MG+25MC,20S,0,0,0,0,0,0,0,0,0,0,6,0,0,0,0,0,0,0,0,0,0,0,0,0
034,Al Suwaiq  Branch,007490030,CAL-D3VIT (MANGO FLAVOUR),EFFERVESCENT TABS,300MG+25MC,20S,0,0,0,0,0,0,0,0,0,0,0,0,0,0,10,0,0,0,0,0,0,0,0,0
038,Al Bidayah Branch,007490030,CAL-D3VIT (MANGO FLAVOUR),EFFERVESCENT TABS,300MG+25MC,20S,0,0,0,0,0,0,0,0,0,0,20,0,10,0,0,0,0,0,0,0,0,0,0,0
039,Seeb Branch,007490030,CAL-D3VIT (MANGO FLAVOUR),EFFERVESCENT TABS,300MG+25MC,20S,0,0,0,0,0,0,0,0,0,0,0,0,12,0,0,0,0,0,0,0,0,0,0,0
043,Muscat Int'l Airport Branch - Airside,007490030,CAL-D3VIT (MANGO FLAVOUR),EFFERVESCENT TABS,300MG+25MC,20S,0,0,0,0,0,0,0,0,6,0,0,0,2,0,0,0,0,0,0,0,0,0,0,0
045,Ibri Sanaya Branch,007490030,CAL-D3VIT (MANGO FLAVOUR),EFFERVESCENT TABS,300MG+25MC,20S,0,0,0,0,0,0,0,0,44,0,0,0,0,0,0,0,0,0,0,0,0,0,0,0
046,Yanqil Branch,007490030,CAL-D3VIT (MANGO FLAVOUR),EFFERVESCENT TABS,300MG+25MC,20S,0,0,0,0,0,0,0,0,20,0,30,0,0,0,0,0,0,0,0,0,0,0,0,0
047,Ibra Branch,007490030,CAL-D3VIT (MANGO FLAVOUR),EFFERVESCENT TABS,300MG+25MC,20S,0,0,0,0,0,0,0,0,0,0,0,0,6,0,2,0,0,0,0,0,0,0,0,0
048,Sur Branch,007490030,CAL-D3VIT (MANGO FLAVOUR),EFFERVESCENT TABS,300MG+25MC,20S,0,0,0,0,0,0,0,0,0,0,0,0,12,0,0,0,0,0,0,0,0,0,0,0
068,Wadi Hatat Branch,007490030,CAL-D3VIT (MANGO FLAVOUR),EFFERVESCENT TABS,300MG+25MC,20S,0,0,0,0,0,0,0,0,0,0,0,0,0,0,28,0,0,0,0,0,0,0,0,0
080,Qurum City Centre Branch,007490030,CAL-D3VIT (MANGO FLAVOUR),EFFERVESCENT TABS,300MG+25MC,20S,0,0,0,0,0,0,0,0,20,0,10,0,24,0,0,0,0,0,0,0,0,0,0,0
081,Rustaq Branch,007490030,CAL-D3VIT (MANGO FLAVOUR),EFFERVESCENT TABS,300MG+25MC,20S,0,0,0,0,0,0,0,0,0,0,0,0,30,0,0,0,0,0,0,0,0,0,0,0
082,Al Khod Branch,007490030,CAL-D3VIT (MANGO FLAVOUR),EFFERVESCENT TABS,300MG+25MC,20S,0,0,0,0,0,0,0,0,10,0,0,0,6,0,0,0,0,0,0,0,0,0,0,0
087,Hamriya Branch,007490030,CAL-D3VIT (MANGO FLAVOUR),EFFERVESCENT TABS,300MG+25MC,20S,0,0,0,0,0,0,0,0,30,0,56,0,0,0,0,0,0,0,0,0,0,0,0,0
091,Barka Branch,007490030,CAL-D3VIT (MANGO FLAVOUR),EFFERVESCENT TABS,300MG+25MC,20S,0,0,0,0,0,0,0,0,10,0,12,0,0,0,0,0,0,0,0,0,0,0,0,0
092,Bahla  Branch,007490030,CAL-D3VIT (MANGO FLAVOUR),EFFERVESCENT TABS,300MG+25MC,20S,0,0,0,0,0,0,0,0,0,0,20,0,0,0,0,0,0,0,0,0,0,0,0,0
097,Al Hail Branch,007490030,CAL-D3VIT (MANGO FLAVOUR),EFFERVESCENT TABS,300MG+25MC,20S,0,0,0,0,0,0,0,0,12,0,0,0,24,0,0,0,0,0,0,0,0,0,0,0
099,Al-Mawaleh Branch,007490030,CAL-D3VIT (MANGO FLAVOUR),EFFERVESCENT TABS,300MG+25MC,20S,0,0,0,0,0,0,0,0,20,0,0,0,12,0,28,0,0,0,0,0,0,0,0,0
100,Mabela Branch,007490030,CAL-D3VIT (MANGO FLAVOUR),EFFERVESCENT TABS,300MG+25MC,20S,0,0,0,0,0,0,0,0,0,0,0,0,0,0,28,0,0,0,0,0,0,0,0,0
101,Hay Al-Rahbah Cplx Branch (MQ),007490030,CAL-D3VIT (MANGO FLAVOUR),EFFERVESCENT TABS,300MG+25MC,20S,0,0,0,0,0,0,0,0,10,0,6,0,0,0,0,0,0,0,0,0,0,0,0,0
102,Liwa Branch,007490030,CAL-D3VIT (MANGO FLAVOUR),EFFERVESCENT TABS,300MG+25MC,20S,0,0,0,0,0,0,0,0,0,0,0,0,0,0,30,0,0,0,0,0,0,0,0,0
104,Khaburah Branch,007490030,CAL-D3VIT (MANGO FLAVOUR),EFFERVESCENT TABS,300MG+25MC,20S,0,0,0,0,0,0,0,0,10,0,0,0,0,0,0,0,0,0,0,0,0,0,0,0
105,Mall of Oman Branch,007490030,CAL-D3VIT (MANGO FLAVOUR),EFFERVESCENT TABS,300MG+25MC,20S,0,0,0,0,0,0,0,0,15,0,0,0,10,0,0,0,0,0,0,0,0,0,0,0
107,City Centre Branch,007490030,CAL-D3VIT (MANGO FLAVOUR),EFFERVESCENT TABS,300MG+25MC,20S,0,0,0,0,0,0,0,0,0,0,0,0,56,0,0,0,0,0,0,0,0,0,0,0
118,Safeer-Sohar (Pharmacy) Branch,007490030,CAL-D3VIT (MANGO FLAVOUR),EFFERVESCENT TABS,300MG+25MC,20S,0,0,0,0,0,0,0,0,0,0,0,0,28,0,0,0,0,0,0,0,0,0,0,0
8525,SIGMA PHARMACY (NAKHAL),007490030,CAL-D3VIT (MANGO FLAVOUR),EFFERVESCENT TABS,300MG+25MC,20S,0,0,0,0,0,0,0,0,0,0,5,1,0,0,0,0,0,0,0,0,0,0,0,0
A503,ASIA PHARMACY (RUWI),007490030,CAL-D3VIT (MANGO FLAVOUR),EFFERVESCENT TABS,300MG+25MC,20S,0,0,0,0,0,0,0,0,0,0,10,2,50,11,0,0,0,0,0,0,0,0,0,0
A546,ABAQ AL SHAHAD PHARMACY,007490030,CAL-D3VIT (MANGO FLAVOUR),EFFERVESCENT TABS,300MG+25MC,20S,0,0,0,0,0,0,0,0,0,0,0,0,5,1,0,0,0,0,0,0,0,0,0,0
A592,AMLA PHARMACY MUSANNAH,007490030,CAL-D3VIT (MANGO FLAVOUR),EFFERVESCENT TABS,300MG+25MC,20S,0,0,0,0,0,0,0,0,0,0,0,0,2,0,0,0,0,0,0,0,0,0,0,0
B111,BADAR AL JASHMI-II PHARMACY,007490030,CAL-D3VIT (MANGO FLAVOUR),EFFERVESCENT TABS,300MG+25MC,20S,0,0,0,0,0,0,0,0,0,0,25,5,0,0,0,0,0,0,0,0,0,0,0,0
F130,FARAH PHARMACY,007490030,CAL-D3VIT (MANGO FLAVOUR),EFFERVESCENT TABS,300MG+25MC,20S,0,0,0,0,0,0,0,0,0,0,4,0,0,0,0,0,0,0,0,0,0,0,0,0
J111,JANNATH PHARMACY,007490030,CAL-D3VIT (MANGO FLAVOUR),EFFERVESCENT TABS,300MG+25MC,20S,0,0,0,0,0,0,0,0,0,0,0,0,5,1,0,0,0,0,0,0,0,0,0,0
M011,MUSCAT PHARMACY & STORES SALALAH LLC,007490030,CAL-D3VIT (MANGO FLAVOUR),EFFERVESCENT TABS,300MG+25MC,20S,0,0,0,0,0,0,0,0,100,24,0,0,0,0,0,0,0,0,0,0,0,0,0,0
M377,MODERN AL SALAMA POLYCLINIC PHY.,007490030,CAL-D3VIT (MANGO FLAVOUR),EFFERVESCENT TABS,300MG+25MC,20S,0,0,0,0,0,0,0,0,0,0,15,3,0,0,0,0,0,0,0,0,0,0,0,0
N268,NIZWA PHARMACY (Safari Roses),007490030,CAL-D3VIT (MANGO FLAVOUR),EFFERVESCENT TABS,300MG+25MC,20S,0,0,0,0,0,0,0,0,0,0,1,0,2,0,0,0,0,0,0,0,0,0,0,0
O166,OZONE PHARMACY BEHLA,007490030,CAL-D3VIT (MANGO FLAVOUR),EFFERVESCENT TABS,300MG+25MC,20S,0,0,0,0,0,0,0,0,0,0,0,0,25,5,0,0,0,0,0,0,0,0,0,0
T115,NEW TAIBA PHARMACY (CENTRAL STORE),007490030,CAL-D3VIT (MANGO FLAVOUR),EFFERVESCENT TABS,300MG+25MC,20S,0,0,0,0,0,0,0,0,50,11,0,0,0,0,0,0,0,0,0,0,0,0,0,0
U016,UM BALQEES NATIONAL CO. LLC,007490030,CAL-D3VIT (MANGO FLAVOUR),EFFERVESCENT TABS,300MG+25MC,20S,0,0,0,0,0,0,0,0,0,0,0,0,10,2,0,0,0,0,0,0,0,0,0,0
V023,VISTA PHARMA,007490030,CAL-D3VIT (MANGO FLAVOUR),EFFERVESCENT TABS,300MG+25MC,20S,0,0,0,0,0,0,0,0,0,0,0,0,50,17,0,0,0,0,0,0,0,0,0,0
001,Ruwi Branch,007490035,D3-VIT,EFFERVESCENT TABLETS,1000IU,20S,0,0,0,0,20,0,0,0,0,0,12,0,0,0,0,0,0,0,0,0,0,0,0,0
003,Al Gobra (Pharmacy) Branch,007490035,D3-VIT,EFFERVESCENT TABLETS,1000IU,20S,30,0,0,0,0,0,0,0,0,0,0,0,30,0,0,0,0,0,0,0,0,0,0,0
004,Al Rusayl Branch (Near SQUH),007490035,D3-VIT,EFFERVESCENT TABLETS,1000IU,20S,3,0,0,0,0,0,0,0,2,0,5,0,0,0,0,0,0,0,0,0,0,0,0,0
006,Muttrah Souq  Branch,007490035,D3-VIT,EFFERVESCENT TABLETS,1000IU,20S,6,0,0,0,0,0,0,0,5,0,5,0,0,0,0,0,0,0,0,0,0,0,0,0
007,Al Hamra Branch,007490035,D3-VIT,EFFERVESCENT TABLETS,1000IU,20S,3,0,0,0,10,0,0,0,10,0,0,0,0,0,0,0,0,0,0,0,0,0,0,0
008,Medinat Qaboos Branch,007490035,D3-VIT,EFFERVESCENT TABLETS,1000IU,20S,36,0,0,0,0,0,0,0,0,0,0,0,0,0,0,0,0,0,0,0,0,0,0,0
009,Sohar Branch,007490035,D3-VIT,EFFERVESCENT TABLETS,1000IU,20S,0,0,0,0,0,0,5,0,0,0,0,0,0,0,0,0,0,0,0,0,0,0,0,0
010,Nizwa Branch,007490035,D3-VIT,EFFERVESCENT TABLETS,1000IU,20S,0,0,54,0,0,0,0,0,0,0,0,0,0,0,0,0,0,0,0,0,0,0,0,0
011,Khasab (Musandam) Branch,007490035,D3-VIT,EFFERVESCENT TABLETS,1000IU,20S,22,0,0,0,0,0,0,0,0,0,0,0,0,0,0,0,0,0,0,0,0,0,0,0
012,Musanna Branch,007490035,D3-VIT,EFFERVESCENT TABLETS,1000IU,20S,2,0,0,0,3,0,6,0,0,0,0,0,0,0,0,0,0,0,0,0,0,0,0,0
018,Darsait Branch,007490035,D3-VIT,EFFERVESCENT TABLETS,1000IU,20S,3,0,0,0,5,0,0,0,0,0,0,0,0,0,0,0,0,0,0,0,0,0,0,0
024,Greater Muttrah Branch,007490035,D3-VIT,EFFERVESCENT TABLETS,1000IU,20S,0,0,0,0,0,0,12,0,0,0,0,0,5,0,0,0,0,0,0,0,0,0,0,0
025,Qurum  Branch,007490035,D3-VIT,EFFERVESCENT TABLETS,1000IU,20S,7,0,0,0,0,0,10,0,0,0,0,0,0,0,0,0,0,0,0,0,0,0,0,0
026,Wadi Kabir Branch,007490035,D3-VIT,EFFERVESCENT TABLETS,1000IU,20S,47,0,0,0,0,0,0,0,4,0,0,0,0,0,0,0,0,0,0,0,0,0,0,0
028,Ibri Murtafa Branch,007490035,D3-VIT,EFFERVESCENT TABLETS,1000IU,20S,0,0,4,0,0,0,0,0,4,0,15,0,12,0,0,0,0,0,0,0,0,0,0,0
029,Saham Branch,007490035,D3-VIT,EFFERVESCENT TABLETS,1000IU,20S,0,0,0,0,0,0,0,0,0,0,0,0,10,0,0,0,0,0,0,0,0,0,0,0
031,Al Sawadi Branch,007490035,D3-VIT,EFFERVESCENT TABLETS,1000IU,20S,0,0,0,0,0,0,0,0,0,0,6,0,0,0,0,0,0,0,0,0,0,0,0,0
032,Al Khuwair Branch,007490035,D3-VIT,EFFERVESCENT TABLETS,1000IU,20S,20,0,0,0,0,0,0,0,0,0,10,0,0,0,0,0,0,0,0,0,0,0,0,0
033,Al Kamel Branch,007490035,D3-VIT,EFFERVESCENT TABLETS,1000IU,20S,4,0,0,0,3,0,0,0,0,0,0,0,10,0,0,0,0,0,0,0,0,0,0,0
034,Al Suwaiq  Branch,007490035,D3-VIT,EFFERVESCENT TABLETS,1000IU,20S,3,0,0,0,0,0,3,0,0,0,0,0,0,0,5,0,0,0,0,0,0,0,0,0
038,Al Bidayah Branch,007490035,D3-VIT,EFFERVESCENT TABLETS,1000IU,20S,13,0,15,0,10,0,0,0,0,0,0,0,10,0,0,0,0,0,0,0,0,0,0,0
039,Seeb Branch,007490035,D3-VIT,EFFERVESCENT TABLETS,1000IU,20S,0,0,0,0,0,0,0,0,0,0,0,0,7,0,0,0,0,0,0,0,0,0,0,0
040,Masirah Branch,007490035,D3-VIT,EFFERVESCENT TABLETS,1000IU,20S,12,0,12,0,0,0,0,0,0,0,0,0,6,0,12,0,0,0,0,0,0,0,0,0
041,Al Muzn Mall Branch,007490035,D3-VIT,EFFERVESCENT TABLETS,1000IU,20S,0,0,3,0,0,0,0,0,0,0,0,0,0,0,0,0,0,0,0,0,0,0,0,0
042,Muscat Int'l Airport Branch - Landside,007490035,D3-VIT,EFFERVESCENT TABLETS,1000IU,20S,10,0,0,0,0,0,0,0,0,0,0,0,0,0,0,0,0,0,0,0,0,0,0,0
043,Muscat Int'l Airport Branch - Airside,007490035,D3-VIT,EFFERVESCENT TABLETS,1000IU,20S,12,0,0,0,0,0,0,0,0,0,0,0,0,0,0,0,0,0,0,0,0,0,0,0
044,Safeer (Azaiba) Branch,007490035,D3-VIT,EFFERVESCENT TABLETS,1000IU,20S,7,0,0,0,20,0,0,0,0,0,0,0,0,0,0,0,0,0,0,0,0,0,0,0
045,Ibri Sanaya Branch,007490035,D3-VIT,EFFERVESCENT TABLETS,1000IU,20S,0,0,10,0,3,0,0,0,0,0,10,0,0,0,0,0,0,0,0,0,0,0,0,0
046,Yanqil Branch,007490035,D3-VIT,EFFERVESCENT TABLETS,1000IU,20S,0,0,0,0,0,0,20,0,0,0,0,0,0,0,0,0,0,0,0,0,0,0,0,0
047,Ibra Branch,007490035,D3-VIT,EFFERVESCENT TABLETS,1000IU,20S,6,0,0,0,0,0,0,0,0,0,0,0,0,0,5,0,0,0,0,0,0,0,0,0
048,Sur Branch,007490035,D3-VIT,EFFERVESCENT TABLETS,1000IU,20S,0,0,16,0,0,0,0,0,20,0,0,0,0,0,0,0,0,0,0,0,0,0,0,0
068,Wadi Hatat Branch,007490035,D3-VIT,EFFERVESCENT TABLETS,1000IU,20S,12,0,0,0,10,0,0,0,0,0,0,0,0,0,6,0,0,0,0,0,0,0,0,0
080,Qurum City Centre Branch,007490035,D3-VIT,EFFERVESCENT TABLETS,1000IU,20S,25,0,0,0,0,0,20,0,0,0,0,0,24,0,0,0,0,0,0,0,0,0,0,0
081,Rustaq Branch,007490035,D3-VIT,EFFERVESCENT TABLETS,1000IU,20S,4,0,3,0,0,0,0,0,2,0,0,0,9,0,0,0,0,0,0,0,0,0,0,0
082,Al Khod Branch,007490035,D3-VIT,EFFERVESCENT TABLETS,1000IU,20S,3,0,0,0,0,0,5,0,5,0,0,0,15,0,0,0,0,0,0,0,0,0,0,0
083,Sinaw Branch,007490035,D3-VIT,EFFERVESCENT TABLETS,1000IU,20S,5,0,3,0,0,0,0,0,5,0,15,0,0,0,0,0,0,0,0,0,0,0,0,0
084,Bilad Bani Buali Branch,007490035,D3-VIT,EFFERVESCENT TABLETS,1000IU,20S,0,0,10,0,0,0,0,0,0,0,0,0,0,0,0,0,0,0,0,0,0,0,0,0
087,Hamriya Branch,007490035,D3-VIT,EFFERVESCENT TABLETS,1000IU,20S,6,0,10,0,0,0,0,0,0,0,0,0,0,0,0,0,0,0,0,0,0,0,0,0
088,Al Sarooj Comm.Centre (Pharmacy),007490035,D3-VIT,EFFERVESCENT TABLETS,1000IU,20S,84,0,0,0,0,0,0,0,0,0,0,0,0,0,0,0,0,0,0,0,0,0,0,0
090,Muttrah Branch,007490035,D3-VIT,EFFERVESCENT TABLETS,1000IU,20S,8,0,0,0,0,0,0,0,0,0,0,0,0,0,0,0,0,0,0,0,0,0,0,0
091,Barka Branch,007490035,D3-VIT,EFFERVESCENT TABLETS,1000IU,20S,4,0,0,0,0,0,0,0,0,0,11,0,0,0,0,0,0,0,0,0,0,0,0,0
092,Bahla  Branch,007490035,D3-VIT,EFFERVESCENT TABLETS,1000IU,20S,4,0,0,0,0,0,5,0,0,0,1,0,9,0,0,0,0,0,0,0,0,0,0,0
093,Ruwi High Street Branch,007490035,D3-VIT,EFFERVESCENT TABLETS,1000IU,20S,0,0,2,0,0,0,0,0,0,0,0,0,1,0,0,0,0,0,0,0,0,0,0,0
094,Buraimi Branch,007490035,D3-VIT,EFFERVESCENT TABLETS,1000IU,20S,10,0,0,0,0,0,5,0,0,0,0,0,0,0,0,0,0,0,0,0,0,0,0,0
097,Al Hail Branch,007490035,D3-VIT,EFFERVESCENT TABLETS,1000IU,20S,13,0,6,0,0,0,5,0,12,0,0,0,22,0,0,0,0,0,0,0,0,0,0,0
098,Al Meera Al Amerat Branch,007490035,D3-VIT,EFFERVESCENT TABLETS,1000IU,20S,13,0,0,0,10,0,0,0,0,0,0,0,0,0,0,0,0,0,0,0,0,0,0,0
099,Al-Mawaleh Branch,007490035,D3-VIT,EFFERVESCENT TABLETS,1000IU,20S,36,0,0,0,0,0,0,0,0,0,0,0,0,0,0,0,0,0,0,0,0,0,0,0
100,Mabela Branch,007490035,D3-VIT,EFFERVESCENT TABLETS,1000IU,20S,10,0,0,0,0,0,0,0,10,0,0,0,0,0,0,0,0,0,0,0,0,0,0,0
101,Hay Al-Rahbah Cplx Branch (MQ),007490035,D3-VIT,EFFERVESCENT TABLETS,1000IU,20S,8,0,10,0,0,0,0,0,0,0,0,0,30,0,0,0,0,0,0,0,0,0,0,0
102,Liwa Branch,007490035,D3-VIT,EFFERVESCENT TABLETS,1000IU,20S,6,0,0,0,0,0,0,0,0,0,0,0,0,0,0,0,0,0,0,0,0,0,0,0
103,Al Aqar Branch,007490035,D3-VIT,EFFERVESCENT TABLETS,1000IU,20S,0,0,0,0,0,0,30,0,0,0,0,0,0,0,0,0,0,0,0,0,0,0,0,0
104,Khaburah Branch,007490035,D3-VIT,EFFERVESCENT TABLETS,1000IU,20S,0,0,0,0,0,0,0,0,3,0,0,0,0,0,0,0,0,0,0,0,0,0,0,0
105,Mall of Oman Branch,007490035,D3-VIT,EFFERVESCENT TABLETS,1000IU,20S,0,0,0,0,28,0,0,0,20,0,0,0,28,0,0,0,0,0,0,0,0,0,0,0
107,City Centre Branch,007490035,D3-VIT,EFFERVESCENT TABLETS,1000IU,20S,0,0,0,0,12,0,0,0,0,0,0,0,0,0,0,0,0,0,0,0,0,0,0,0
118,Safeer-Sohar (Pharmacy) Branch,007490035,D3-VIT,EFFERVESCENT TABLETS,1000IU,20S,1,0,0,0,0,0,0,0,0,0,0,0,10,0,0,0,0,0,0,0,0,0,0,0
124,Barka Grand Centre Branch,007490035,D3-VIT,EFFERVESCENT TABLETS,1000IU,20S,6,0,0,0,0,0,0,0,0,0,0,0,0,0,0,0,0,0,0,0,0,0,0,0
A337,ABU BADER AL HOSNI PHARMACY (KHADRA),007490035,D3-VIT,EFFERVESCENT TABLETS,1000IU,20S,0,0,1,0,0,0,0,0,0,0,0,0,0,0,0,0,0,0,0,0,0,0,0,0
A495,ALYA AL AMERAT PHARMACY,007490035,D3-VIT,EFFERVESCENT TABLETS,1000IU,20S,2,0,1,0,0,0,0,0,0,0,0,0,0,0,0,0,0,0,0,0,0,0,0,0
A591,ALIF PHARMACY MEBELA,007490035,D3-VIT,EFFERVESCENT TABLETS,1000IU,20S,0,0,0,0,1,0,0,0,0,0,0,0,0,0,0,0,0,0,0,0,0,0,0,0
B165,AL BAWARAK PHARMACY (Mabellah),007490035,D3-VIT,EFFERVESCENT TABLETS,1000IU,20S,0,0,0,0,0,0,3,0,0,0,12,2,0,0,0,0,0,0,0,0,0,0,0,0
C094,COSMED PHARMACY,007490035,D3-VIT,EFFERVESCENT TABLETS,1000IU,20S,0,0,0,0,0,0,0,0,0,0,0,0,2,0,0,0,0,0,0,0,0,0,0,0
C912,HVS - Pharma,007490035,D3-VIT,EFFERVESCENT TABLETS,1000IU,20S,0,0,0,0,1,0,0,0,0,0,0,0,0,0,0,0,0,0,0,0,0,0,0,0
D147,DIBBA PHARMACY,007490035,D3-VIT,EFFERVESCENT TABLETS,1000IU,20S,2,0,0,0,0,0,0,0,0,0,0,0,0,0,0,0,0,0,0,0,0,0,0,0
D153,DAR AL DAWAA PHARMACY - SOHAR,007490035,D3-VIT,EFFERVESCENT TABLETS,1000IU,20S,0,0,5,1,0,0,0,0,0,0,0,0,0,0,0,0,0,0,0,0,0,0,0,0
H245,HAYYAK PHARMACY,007490035,D3-VIT,EFFERVESCENT TABLETS,1000IU,20S,2,0,0,0,0,0,0,0,0,0,0,0,0,0,0,0,0,0,0,0,0,0,0,0
I001,IBN SINA PHARMACY,007490035,D3-VIT,EFFERVESCENT TABLETS,1000IU,20S,0,0,10,2,0,0,6,1,0,0,10,2,0,0,0,0,0,0,0,0,0,0,0,0
I035,IBN SALIM PHARMACY ( IBRA ),007490035,D3-VIT,EFFERVESCENT TABLETS,1000IU,20S,0,0,0,0,0,0,0,0,0,0,0,0,5,1,0,0,0,0,0,0,0,0,0,0
J113,AL JADEED PHARMACY,007490035,D3-VIT,EFFERVESCENT TABLETS,1000IU,20S,0,0,0,0,0,0,0,0,3,0,0,0,0,0,0,0,0,0,0,0,0,0,0,0
K166,AL KARAM PHARMACY,007490035,D3-VIT,EFFERVESCENT TABLETS,1000IU,20S,0,0,0,0,1,0,0,0,0,0,0,0,0,0,0,0,0,0,0,0,0,0,0,0
M001,MAZOON PHARMACY,007490035,D3-VIT,EFFERVESCENT TABLETS,1000IU,20S,2,0,0,0,0,0,0,0,0,0,0,0,0,0,0,0,0,0,0,0,0,0,0,0
M263,NEW AL BAHLA PHARMACY,007490035,D3-VIT,EFFERVESCENT TABLETS,1000IU,20S,0,0,5,1,0,0,0,0,0,0,0,0,0,0,0,0,0,0,0,0,0,0,0,0
M304,NEW BEHLA PHARMACY - AL MAWALAH,007490035,D3-VIT,EFFERVESCENT TABLETS,1000IU,20S,5,1,0,0,0,0,0,0,0,0,0,0,0,0,0,0,0,0,0,0,0,0,0,0
N268,NIZWA PHARMACY (Safari Roses),007490035,D3-VIT,EFFERVESCENT TABLETS,1000IU,20S,0,0,0,0,0,0,0,0,0,0,0,0,1,0,0,0,0,0,0,0,0,0,0,0
O167,OMAR PHARMACY,007490035,D3-VIT,EFFERVESCENT TABLETS,1000IU,20S,0,0,2,0,0,0,0,0,0,0,0,0,0,0,0,0,0,0,0,0,0,0,0,0
P068,PHARMALINA PHARMACY (AL KHOUD),007490035,D3-VIT,EFFERVESCENT TABLETS,1000IU,20S,0,0,0,0,0,0,0,0,0,0,0,0,6,1,0,0,0,0,0,0,0,0,0,0
R185,ROYAL PHARMACY,007490035,D3-VIT,EFFERVESCENT TABLETS,1000IU,20S,5,1,0,0,0,0,0,0,0,0,0,0,0,0,0,0,0,0,0,0,0,0,0,0
S058,SEA & LAND DRILLING CONTRACTORS INC,007490035,D3-VIT,EFFERVESCENT TABLETS,1000IU,20S,0,0,0,0,0,0,0,0,0,0,0,0,2,0,0,0,0,0,0,0,0,0,0,0
S200,SOHAR PHARMACY - SOHAR,007490035,D3-VIT,EFFERVESCENT TABLETS,1000IU,20S,0,0,0,0,0,0,0,0,0,0,5,1,0,0,0,0,0,0,0,0,0,0,0,0
U016,UM BALQEES NATIONAL CO. LLC,007490035,D3-VIT,EFFERVESCENT TABLETS,1000IU,20S,0,0,0,0,10,2,0,0,0,0,0,0,0,0,0,0,0,0,0,0,0,0,0,0
V023,VISTA PHARMA,007490035,D3-VIT,EFFERVESCENT TABLETS,1000IU,20S,50,11,0,0,0,0,0,0,0,0,0,0,0,0,0,0,0,0,0,0,0,0,0,0
Z065,AL ZAKI PHARMACY,007490035,D3-VIT,EFFERVESCENT TABLETS,1000IU,20S,0,0,3,0,0,0,0,0,0,0,0,0,0,0,0,0,0,0,0,0,0,0,0,0
001,Ruwi Branch,007490036,D3-VIT,EFFERVESCENT TABLETS,2000IU,20S,0,0,10,0,20,0,0,0,0,0,20,0,28,0,0,0,0,0,0,0,0,0,0,0
003,Al Gobra (Pharmacy) Branch,007490036,D3-VIT,EFFERVESCENT TABLETS,2000IU,20S,30,0,0,0,10,0,0,0,12,0,0,0,46,0,0,0,0,0,0,0,0,0,0,0
004,Al Rusayl Branch (Near SQUH),007490036,D3-VIT,EFFERVESCENT TABLETS,2000IU,20S,0,0,2,0,0,0,5,0,0,0,0,0,2,0,5,0,0,0,0,0,0,0,0,0
007,Al Hamra Branch,007490036,D3-VIT,EFFERVESCENT TABLETS,2000IU,20S,0,0,0,0,10,0,0,0,0,0,0,0,2,0,0,0,0,0,0,0,0,0,0,0
008,Medinat Qaboos Branch,007490036,D3-VIT,EFFERVESCENT TABLETS,2000IU,20S,28,0,0,0,0,0,0,0,0,0,0,0,0,0,0,0,0,0,0,0,0,0,0,0
009,Sohar Branch,007490036,D3-VIT,EFFERVESCENT TABLETS,2000IU,20S,2,0,0,0,5,0,0,0,0,0,0,0,0,0,5,0,0,0,0,0,0,0,0,0
010,Nizwa Branch,007490036,D3-VIT,EFFERVESCENT TABLETS,2000IU,20S,0,0,48,0,0,0,0,0,0,0,0,0,2,0,0,0,0,0,0,0,0,0,0,0
011,Khasab (Musandam) Branch,007490036,D3-VIT,EFFERVESCENT TABLETS,2000IU,20S,22,0,0,0,0,0,20,0,0,0,0,0,28,0,0,0,0,0,0,0,0,0,0,0
012,Musanna Branch,007490036,D3-VIT,EFFERVESCENT TABLETS,2000IU,20S,0,0,5,0,12,0,0,0,0,0,6,0,0,0,0,0,0,0,0,0,0,0,0,0
018,Darsait Branch,007490036,D3-VIT,EFFERVESCENT TABLETS,2000IU,20S,3,0,0,0,0,0,3,0,0,0,0,0,0,0,0,0,0,0,0,0,0,0,0,0
024,Greater Muttrah Branch,007490036,D3-VIT,EFFERVESCENT TABLETS,2000IU,20S,0,0,0,0,0,0,12,0,0,0,0,0,8,0,0,0,0,0,0,0,0,0,0,0
025,Qurum  Branch,007490036,D3-VIT,EFFERVESCENT TABLETS,2000IU,20S,5,0,0,0,0,0,10,0,0,0,0,0,5,0,0,0,0,0,0,0,0,0,0,0
026,Wadi Kabir Branch,007490036,D3-VIT,EFFERVESCENT TABLETS,2000IU,20S,46,0,0,0,0,0,0,0,0,0,0,0,2,0,0,0,0,0,0,0,0,0,0,0
028,Ibri Murtafa Branch,007490036,D3-VIT,EFFERVESCENT TABLETS,2000IU,20S,0,0,4,0,0,0,3,0,0,0,4,0,0,0,0,0,0,0,0,0,0,0,0,0
029,Saham Branch,007490036,D3-VIT,EFFERVESCENT TABLETS,2000IU,20S,0,0,0,0,0,0,5,0,5,0,0,0,11,0,0,0,0,0,0,0,0,0,0,0
031,Al Sawadi Branch,007490036,D3-VIT,EFFERVESCENT TABLETS,2000IU,20S,0,0,0,0,0,0,1,0,0,0,6,0,0,0,0,0,0,0,0,0,0,0,0,0
032,Al Khuwair Branch,007490036,D3-VIT,EFFERVESCENT TABLETS,2000IU,20S,10,0,10,0,0,0,10,0,20,0,0,0,0,0,0,0,0,0,0,0,0,0,0,0
033,Al Kamel Branch,007490036,D3-VIT,EFFERVESCENT TABLETS,2000IU,20S,4,0,10,0,0,0,0,0,0,0,0,0,10,0,0,0,0,0,0,0,0,0,0,0
034,Al Suwaiq  Branch,007490036,D3-VIT,EFFERVESCENT TABLETS,2000IU,20S,3,0,0,0,0,0,0,0,3,0,0,0,0,0,5,0,0,0,0,0,0,0,0,0
038,Al Bidayah Branch,007490036,D3-VIT,EFFERVESCENT TABLETS,2000IU,20S,21,0,35,0,25,0,0,0,0,0,10,0,10,0,0,0,0,0,0,0,0,0,0,0
039,Seeb Branch,007490036,D3-VIT,EFFERVESCENT TABLETS,2000IU,20S,0,0,4,0,0,0,0,0,6,0,0,0,8,0,0,0,0,0,0,0,0,0,0,0
040,Masirah Branch,007490036,D3-VIT,EFFERVESCENT TABLETS,2000IU,20S,28,0,0,0,12,0,10,0,0,0,12,0,0,0,12,0,0,0,0,0,0,0,0,0
041,Al Muzn Mall Branch,007490036,D3-VIT,EFFERVESCENT TABLETS,2000IU,20S,0,0,6,0,9,0,0,0,0,0,0,0,0,0,0,0,0,0,0,0,0,0,0,0
042,Muscat Int'l Airport Branch - Landside,007490036,D3-VIT,EFFERVESCENT TABLETS,2000IU,20S,20,0,0,0,0,0,0,0,0,0,0,0,0,0,0,0,0,0,0,0,0,0,0,0
043,Muscat Int'l Airport Branch - Airside,007490036,D3-VIT,EFFERVESCENT TABLETS,2000IU,20S,12,0,12,0,0,0,10,0,0,0,0,0,0,0,0,0,0,0,0,0,0,0,0,0
044,Safeer (Azaiba) Branch,007490036,D3-VIT,EFFERVESCENT TABLETS,2000IU,20S,7,0,6,0,20,0,0,0,0,0,0,0,0,0,0,0,0,0,0,0,0,0,0,0
045,Ibri Sanaya Branch,007490036,D3-VIT,EFFERVESCENT TABLETS,2000IU,20S,0,0,0,0,6,0,6,0,0,0,6,0,0,0,0,0,0,0,0,0,0,0,0,0
046,Yanqil Branch,007490036,D3-VIT,EFFERVESCENT TABLETS,2000IU,20S,0,0,0,0,0,0,20,0,0,0,10,0,0,0,0,0,0,0,0,0,0,0,0,0
047,Ibra Branch,007490036,D3-VIT,EFFERVESCENT TABLETS,2000IU,20S,8,0,0,0,0,0,0,0,0,0,2,0,0,0,5,0,0,0,0,0,0,0,0,0
048,Sur Branch,007490036,D3-VIT,EFFERVESCENT TABLETS,2000IU,20S,0,0,16,0,10,0,0,0,8,0,10,0,10,0,0,0,0,0,0,0,0,0,0,0
068,Wadi Hatat Branch,007490036,D3-VIT,EFFERVESCENT TABLETS,2000IU,20S,14,0,0,0,0,0,0,0,0,0,0,0,0,0,6,0,0,0,0,0,0,0,0,0
080,Qurum City Centre Branch,007490036,D3-VIT,EFFERVESCENT TABLETS,2000IU,20S,25,0,0,0,0,0,0,0,0,0,10,0,12,0,0,0,0,0,0,0,0,0,0,0
081,Rustaq Branch,007490036,D3-VIT,EFFERVESCENT TABLETS,2000IU,20S,0,0,4,0,0,0,0,0,2,0,0,0,7,0,0,0,0,0,0,0,0,0,0,0
082,Al Khod Branch,007490036,D3-VIT,EFFERVESCENT TABLETS,2000IU,20S,0,0,0,0,0,0,10,0,3,0,0,0,20,0,0,0,0,0,0,0,0,0,0,0
083,Sinaw Branch,007490036,D3-VIT,EFFERVESCENT TABLETS,2000IU,20S,0,0,5,0,0,0,0,0,0,0,0,0,5,0,0,0,0,0,0,0,0,0,0,0
084,Bilad Bani Buali Branch,007490036,D3-VIT,EFFERVESCENT TABLETS,2000IU,20S,0,0,0,0,0,0,0,0,0,0,4,0,0,0,0,0,0,0,0,0,0,0,0,0
087,Hamriya Branch,007490036,D3-VIT,EFFERVESCENT TABLETS,2000IU,20S,3,0,20,0,0,0,0,0,0,0,0,0,10,0,0,0,0,0,0,0,0,0,0,0
088,Al Sarooj Comm.Centre (Pharmacy),007490036,D3-VIT,EFFERVESCENT TABLETS,2000IU,20S,28,0,0,0,0,0,0,0,38,0,0,0,30,0,0,0,0,0,0,0,0,0,0,0
090,Muttrah Branch,007490036,D3-VIT,EFFERVESCENT TABLETS,2000IU,20S,8,0,0,0,1,0,3,0,0,0,0,0,0,0,0,0,0,0,0,0,0,0,0,0
091,Barka Branch,007490036,D3-VIT,EFFERVESCENT TABLETS,2000IU,20S,5,0,0,0,0,0,0,0,1,0,22,0,0,0,0,0,0,0,0,0,0,0,0,0
092,Bahla  Branch,007490036,D3-VIT,EFFERVESCENT TABLETS,2000IU,20S,12,0,10,0,0,0,0,0,0,0,0,0,10,0,0,0,0,0,0,0,0,0,0,0
093,Ruwi High Street Branch,007490036,D3-VIT,EFFERVESCENT TABLETS,2000IU,20S,0,0,0,0,0,0,1,0,0,0,0,0,2,0,0,0,0,0,0,0,0,0,0,0
094,Buraimi Branch,007490036,D3-VIT,EFFERVESCENT TABLETS,2000IU,20S,13,0,0,0,5,0,5,0,0,0,5,0,0,0,0,0,0,0,0,0,0,0,0,0
097,Al Hail Branch,007490036,D3-VIT,EFFERVESCENT TABLETS,2000IU,20S,6,0,0,0,0,0,10,0,6,0,0,0,18,0,0,0,0,0,0,0,0,0,0,0
098,Al Meera Al Amerat Branch,007490036,D3-VIT,EFFERVESCENT TABLETS,2000IU,20S,0,0,0,0,10,0,0,0,0,0,0,0,0,0,0,0,0,0,0,0,0,0,0,0
099,Al-Mawaleh Branch,007490036,D3-VIT,EFFERVESCENT TABLETS,2000IU,20S,36,0,12,0,10,0,0,0,0,0,15,0,0,0,0,0,0,0,0,0,0,0,0,0
100,Mabela Branch,007490036,D3-VIT,EFFERVESCENT TABLETS,2000IU,20S,10,0,0,0,0,0,0,0,0,0,0,0,0,0,0,0,0,0,0,0,0,0,0,0
101,Hay Al-Rahbah Cplx Branch (MQ),007490036,D3-VIT,EFFERVESCENT TABLETS,2000IU,20S,5,0,10,0,0,0,0,0,0,0,0,0,1,0,0,0,0,0,0,0,0,0,0,0
102,Liwa Branch,007490036,D3-VIT,EFFERVESCENT TABLETS,2000IU,20S,0,0,0,0,0,0,0,0,10,0,0,0,0,0,0,0,0,0,0,0,0,0,0,0
103,Al Aqar Branch,007490036,D3-VIT,EFFERVESCENT TABLETS,2000IU,20S,0,0,0,0,0,0,0,0,0,0,0,0,3,0,0,0,0,0,0,0,0,0,0,0
104,Khaburah Branch,007490036,D3-VIT,EFFERVESCENT TABLETS,2000IU,20S,7,0,0,0,15,0,0,0,0,0,5,0,0,0,0,0,0,0,0,0,0,0,0,0
105,Mall of Oman Branch,007490036,D3-VIT,EFFERVESCENT TABLETS,2000IU,20S,20,0,0,0,0,0,11,0,28,0,0,0,28,0,0,0,0,0,0,0,0,0,0,0
107,City Centre Branch,007490036,D3-VIT,EFFERVESCENT TABLETS,2000IU,20S,0,0,0,0,12,0,0,0,0,0,0,0,16,0,0,0,0,0,0,0,0,0,0,0
118,Safeer-Sohar (Pharmacy) Branch,007490036,D3-VIT,EFFERVESCENT TABLETS,2000IU,20S,3,0,6,0,0,0,0,0,0,0,0,0,10,0,0,0,0,0,0,0,0,0,0,0
124,Barka Grand Centre Branch,007490036,D3-VIT,EFFERVESCENT TABLETS,2000IU,20S,6,0,0,0,0,0,0,0,0,0,0,0,0,0,0,0,0,0,0,0,0,0,0,0
A495,ALYA AL AMERAT PHARMACY,007490036,D3-VIT,EFFERVESCENT TABLETS,2000IU,20S,1,0,0,0,0,0,0,0,0,0,0,0,10,2,0,0,0,0,0,0,0,0,0,0
A551,ANJAAD PHARMACY,007490036,D3-VIT,EFFERVESCENT TABLETS,2000IU,20S,0,0,2,0,0,0,0,0,0,0,0,0,2,0,0,0,0,0,0,0,0,0,0,0
A591,ALIF PHARMACY MEBELA,007490036,D3-VIT,EFFERVESCENT TABLETS,2000IU,20S,0,0,0,0,1,0,0,0,0,0,0,0,0,0,0,0,0,0,0,0,0,0,0,0
B111,BADAR AL JASHMI-II PHARMACY,007490036,D3-VIT,EFFERVESCENT TABLETS,2000IU,20S,0,0,0,0,0,0,0,0,12,2,0,0,0,0,0,0,0,0,0,0,0,0,0,0
B166,AL BAWARAK PHARMACY,007490036,D3-VIT,EFFERVESCENT TABLETS,2000IU,20S,0,0,0,0,0,0,5,1,0,0,0,0,0,0,0,0,0,0,0,0,0,0,0,0
B210,AL BURAIMI MODERN PHARMACY,007490036,D3-VIT,EFFERVESCENT TABLETS,2000IU,20S,0,0,0,0,0,0,0,0,10,0,0,0,0,0,0,0,0,0,0,0,0,0,0,0
C912,HVS - Pharma,007490036,D3-VIT,EFFERVESCENT TABLETS,2000IU,20S,0,0,0,0,1,0,0,0,0,0,0,0,0,0,0,0,0,0,0,0,0,0,0,0
D114,DELTA PHARMACY MEDICAL STORE,007490036,D3-VIT,EFFERVESCENT TABLETS,2000IU,20S,0,0,100,30,0,0,0,0,0,0,0,0,100,35,0,0,0,0,0,0,0,0,0,0
D153,DAR AL DAWAA PHARMACY - SOHAR,007490036,D3-VIT,EFFERVESCENT TABLETS,2000IU,20S,0,0,5,1,0,0,0,0,0,0,0,0,0,0,0,0,0,0,0,0,0,0,0,0
D159,DOCTOR MOHAMMED PHARMACY,007490036,D3-VIT,EFFERVESCENT TABLETS,2000IU,20S,5,1,0,0,0,0,0,0,0,0,0,0,0,0,0,0,0,0,0,0,0,0,0,0
F126,FAMILY MODERN PHARMACY,007490036,D3-VIT,EFFERVESCENT TABLETS,2000IU,20S,0,0,0,0,0,0,0,0,2,0,0,0,0,0,0,0,0,0,0,0,0,0,0,0
G142,GULF OXYGEN PHARMACY LLC.,007490036,D3-VIT,EFFERVESCENT TABLETS,2000IU,20S,0,0,25,5,0,0,0,0,0,0,0,0,0,0,0,0,0,0,0,0,0,0,0,0
H245,HAYYAK PHARMACY,007490036,D3-VIT,EFFERVESCENT TABLETS,2000IU,20S,2,0,0,0,0,0,0,0,0,0,0,0,0,0,0,0,0,0,0,0,0,0,0,0
I001,IBN SINA PHARMACY,007490036,D3-VIT,EFFERVESCENT TABLETS,2000IU,20S,0,0,10,2,0,0,0,0,0,0,10,2,0,0,0,0,0,0,0,0,0,0,0,0
I035,IBN SALIM PHARMACY ( IBRA ),007490036,D3-VIT,EFFERVESCENT TABLETS,2000IU,20S,0,0,0,0,0,0,0,0,0,0,0,0,5,1,0,0,0,0,0,0,0,0,0,0
J113,AL JADEED PHARMACY,007490036,D3-VIT,EFFERVESCENT TABLETS,2000IU,20S,0,0,0,0,2,0,0,0,0,0,0,0,0,0,0,0,0,0,0,0,0,0,0,0
K166,AL KARAM PHARMACY,007490036,D3-VIT,EFFERVESCENT TABLETS,2000IU,20S,0,0,0,0,1,0,0,0,0,0,0,0,0,0,0,0,0,0,0,0,0,0,0,0
L070,LULU PHARMACY (CENTRAL STORES),007490036,D3-VIT,EFFERVESCENT TABLETS,2000IU,20S,0,0,0,0,100,24,0,0,0,0,0,0,0,0,0,0,0,0,0,0,0,0,0,0
M001,MAZOON PHARMACY,007490036,D3-VIT,EFFERVESCENT TABLETS,2000IU,20S,2,0,0,0,0,0,0,0,0,0,0,0,0,0,0,0,0,0,0,0,0,0,0,0
M304,NEW BEHLA PHARMACY - AL MAWALAH,007490036,D3-VIT,EFFERVESCENT TABLETS,2000IU,20S,5,1,0,0,0,0,0,0,0,0,0,0,0,0,0,0,0,0,0,0,0,0,0,0
N268,NIZWA PHARMACY (Safari Roses),007490036,D3-VIT,EFFERVESCENT TABLETS,2000IU,20S,0,0,0,0,2,0,0,0,0,0,0,0,1,0,0,0,0,0,0,0,0,0,0,0
O167,OMAR PHARMACY,007490036,D3-VIT,EFFERVESCENT TABLETS,2000IU,20S,0,0,2,0,0,0,0,0,0,0,0,0,0,0,0,0,0,0,0,0,0,0,0,0
P068,PHARMALINA PHARMACY (AL KHOUD),007490036,D3-VIT,EFFERVESCENT TABLETS,2000IU,20S,0,0,0,0,0,0,0,0,0,0,0,0,6,1,0,0,0,0,0,0,0,0,0,0
R185,ROYAL PHARMACY,007490036,D3-VIT,EFFERVESCENT TABLETS,2000IU,20S,5,1,0,0,0,0,0,0,0,0,0,0,0,0,0,0,0,0,0,0,0,0,0,0
S271,AL SAADI PHARMACY (BIDAYA),007490036,D3-VIT,EFFERVESCENT TABLETS,2000IU,20S,0,0,15,3,0,0,0,0,0,0,0,0,0,0,0,0,0,0,0,0,0,0,0,0
S345,SAHARA MEDICAL STORES LLC,007490036,D3-VIT,EFFERVESCENT TABLETS,2000IU,20S,0,0,0,0,100,24,0,0,0,0,0,0,0,0,0,0,0,0,0,0,0,0,0,0
S360,AL BUSHRA MEDICAL SPECIALTY COMPLEX,007490036,D3-VIT,EFFERVESCENT TABLETS,2000IU,20S,0,0,0,0,0,0,0,0,2,0,0,0,0,0,0,0,0,0,0,0,0,0,0,0
S614,AL SARAF MEDICAL STORE,007490036,D3-VIT,EFFERVESCENT TABLETS,2000IU,20S,0,0,10,2,0,0,0,0,10,2,10,2,20,4,0,0,0,0,0,0,0,0,0,0
U008,UM SALAMA PHARMACY L.L.C.,007490036,D3-VIT,EFFERVESCENT TABLETS,2000IU,20S,0,0,0,0,10,2,0,0,0,0,0,0,0,0,0,0,0,0,0,0,0,0,0,0
U016,UM BALQEES NATIONAL CO. LLC,007490036,D3-VIT,EFFERVESCENT TABLETS,2000IU,20S,0,0,10,2,0,0,0,0,0,0,10,2,0,0,0,0,0,0,0,0,0,0,0,0
V023,VISTA PHARMA,007490036,D3-VIT,EFFERVESCENT TABLETS,2000IU,20S,50,11,0,0,0,0,0,0,0,0,0,0,0,0,0,0,0,0,0,0,0,0,0,0
001,Ruwi Branch,007490045,ELECTROBIOTICA,EFFERVESCENT TABLETS,,20S,0,0,0,0,0,0,0,0,0,0,0,0,10,0,0,0,0,0,0,0,0,0,0,0
003,Al Gobra (Pharmacy) Branch,007490045,ELECTROBIOTICA,EFFERVESCENT TABLETS,,20S,12,0,0,0,0,0,0,0,13,0,11,0,30,0,0,0,0,0,0,0,0,0,0,0
004,Al Rusayl Branch (Near SQUH),007490045,ELECTROBIOTICA,EFFERVESCENT TABLETS,,20S,0,0,0,0,0,0,3,0,0,0,5,0,0,0,0,0,0,0,0,0,0,0,0,0
005,Wadi Kabir (Opp: Al Maha Pump) Br.,007490045,ELECTROBIOTICA,EFFERVESCENT TABLETS,,20S,0,0,0,0,0,0,0,0,0,0,3,0,0,0,0,0,0,0,0,0,0,0,0,0
006,Muttrah Souq  Branch,007490045,ELECTROBIOTICA,EFFERVESCENT TABLETS,,20S,11,0,0,0,0,0,0,0,0,0,0,0,0,0,0,0,0,0,0,0,0,0,0,0
007,Al Hamra Branch,007490045,ELECTROBIOTICA,EFFERVESCENT TABLETS,,20S,0,0,0,0,10,0,0,0,0,0,10,0,0,0,0,0,0,0,0,0,0,0,0,0
008,Medinat Qaboos Branch,007490045,ELECTROBIOTICA,EFFERVESCENT TABLETS,,20S,38,0,0,0,0,0,0,0,0,0,24,0,0,0,0,0,0,0,0,0,0,0,0,0
009,Sohar Branch,007490045,ELECTROBIOTICA,EFFERVESCENT TABLETS,,20S,0,0,0,0,0,0,0,0,5,0,0,0,0,0,0,0,0,0,0,0,0,0,0,0
010,Nizwa Branch,007490045,ELECTROBIOTICA,EFFERVESCENT TABLETS,,20S,0,0,45,0,0,0,0,0,0,0,0,0,0,0,0,0,0,0,0,0,0,0,0,0
011,Khasab (Musandam) Branch,007490045,ELECTROBIOTICA,EFFERVESCENT TABLETS,,20S,22,0,0,0,0,0,10,0,0,0,0,0,0,0,10,0,0,0,0,0,0,0,0,0
018,Darsait Branch,007490045,ELECTROBIOTICA,EFFERVESCENT TABLETS,,20S,3,0,0,0,0,0,2,0,0,0,0,0,0,0,0,0,0,0,0,0,0,0,0,0
025,Qurum  Branch,007490045,ELECTROBIOTICA,EFFERVESCENT TABLETS,,20S,6,0,0,0,0,0,0,0,0,0,10,0,0,0,0,0,0,0,0,0,0,0,0,0
026,Wadi Kabir Branch,007490045,ELECTROBIOTICA,EFFERVESCENT TABLETS,,20S,27,0,0,0,0,0,0,0,0,0,0,0,1,0,0,0,0,0,0,0,0,0,0,0
028,Ibri Murtafa Branch,007490045,ELECTROBIOTICA,EFFERVESCENT TABLETS,,20S,0,0,0,0,1,0,0,0,4,0,2,0,0,0,0,0,0,0,0,0,0,0,0,0
029,Saham Branch,007490045,ELECTROBIOTICA,EFFERVESCENT TABLETS,,20S,8,0,0,0,0,0,0,0,0,0,0,0,6,0,0,0,0,0,0,0,0,0,0,0
031,Al Sawadi Branch,007490045,ELECTROBIOTICA,EFFERVESCENT TABLETS,,20S,0,0,0,0,0,0,0,0,0,0,0,0,1,0,0,0,0,0,0,0,0,0,0,0
032,Al Khuwair Branch,007490045,ELECTROBIOTICA,EFFERVESCENT TABLETS,,20S,0,0,5,0,5,0,0,0,0,0,20,0,0,0,0,0,0,0,0,0,0,0,0,0
033,Al Kamel Branch,007490045,ELECTROBIOTICA,EFFERVESCENT TABLETS,,20S,6,0,0,0,0,0,0,0,0,0,0,0,0,0,0,0,0,0,0,0,0,0,0,0
034,Al Suwaiq  Branch,007490045,ELECTROBIOTICA,EFFERVESCENT TABLETS,,20S,3,0,0,0,0,0,0,0,5,0,0,0,0,0,3,0,0,0,0,0,0,0,0,0
038,Al Bidayah Branch,007490045,ELECTROBIOTICA,EFFERVESCENT TABLETS,,20S,8,0,16,0,20,0,0,0,0,0,4,0,10,0,0,0,0,0,0,0,0,0,0,0
039,Seeb Branch,007490045,ELECTROBIOTICA,EFFERVESCENT TABLETS,,20S,0,0,0,0,0,0,0,0,0,0,0,0,6,0,0,0,0,0,0,0,0,0,0,0
040,Masirah Branch,007490045,ELECTROBIOTICA,EFFERVESCENT TABLETS,,20S,12,0,12,0,5,0,0,0,0,0,0,0,0,0,6,0,0,0,0,0,0,0,0,0
041,Al Muzn Mall Branch,007490045,ELECTROBIOTICA,EFFERVESCENT TABLETS,,20S,10,0,0,0,10,0,0,0,0,0,0,0,0,0,28,0,0,0,0,0,0,0,0,0
042,Muscat Int'l Airport Branch - Landside,007490045,ELECTROBIOTICA,EFFERVESCENT TABLETS,,20S,0,0,20,0,0,0,0,0,0,0,0,0,0,0,0,0,0,0,0,0,0,0,0,0
043,Muscat Int'l Airport Branch - Airside,007490045,ELECTROBIOTICA,EFFERVESCENT TABLETS,,20S,12,0,0,0,0,0,10,0,0,0,0,0,56,0,0,0,0,0,0,0,0,0,0,0
044,Safeer (Azaiba) Branch,007490045,ELECTROBIOTICA,EFFERVESCENT TABLETS,,20S,7,0,3,0,10,0,0,0,0,0,10,0,0,0,0,0,0,0,0,0,0,0,0,0
045,Ibri Sanaya Branch,007490045,ELECTROBIOTICA,EFFERVESCENT TABLETS,,20S,0,0,0,0,10,0,0,0,0,0,0,0,6,0,0,0,0,0,0,0,0,0,0,0
046,Yanqil Branch,007490045,ELECTROBIOTICA,EFFERVESCENT TABLETS,,20S,0,0,0,0,20,0,0,0,10,0,28,0,10,0,0,0,0,0,0,0,0,0,0,0
047,Ibra Branch,007490045,ELECTROBIOTICA,EFFERVESCENT TABLETS,,20S,0,0,0,0,0,0,0,0,6,0,0,0,2,0,6,0,0,0,0,0,0,0,0,0
048,Sur Branch,007490045,ELECTROBIOTICA,EFFERVESCENT TABLETS,,20S,0,0,6,0,0,0,0,0,0,0,3,0,0,0,0,0,0,0,0,0,0,0,0,0
068,Wadi Hatat Branch,007490045,ELECTROBIOTICA,EFFERVESCENT TABLETS,,20S,12,0,0,0,0,0,0,0,0,0,0,0,0,0,0,0,0,0,0,0,0,0,0,0
080,Qurum City Centre Branch,007490045,ELECTROBIOTICA,EFFERVESCENT TABLETS,,20S,10,0,0,0,0,0,12,0,10,0,0,0,0,0,0,0,0,0,0,0,0,0,0,0
081,Rustaq Branch,007490045,ELECTROBIOTICA,EFFERVESCENT TABLETS,,20S,2,0,0,0,0,0,0,0,0,0,2,0,9,0,0,0,0,0,0,0,0,0,0,0
082,Al Khod Branch,007490045,ELECTROBIOTICA,EFFERVESCENT TABLETS,,20S,0,0,0,0,0,0,0,0,0,0,0,0,15,0,0,0,0,0,0,0,0,0,0,0
083,Sinaw Branch,007490045,ELECTROBIOTICA,EFFERVESCENT TABLETS,,20S,0,0,2,0,0,0,0,0,0,0,0,0,0,0,0,0,0,0,0,0,0,0,0,0
084,Bilad Bani Buali Branch,007490045,ELECTROBIOTICA,EFFERVESCENT TABLETS,,20S,4,0,0,0,0,0,0,0,0,0,0,0,0,0,0,0,0,0,0,0,0,0,0,0
087,Hamriya Branch,007490045,ELECTROBIOTICA,EFFERVESCENT TABLETS,,20S,0,0,0,0,0,0,0,0,0,0,0,0,1,0,0,0,0,0,0,0,0,0,0,0
088,Al Sarooj Comm.Centre (Pharmacy),007490045,ELECTROBIOTICA,EFFERVESCENT TABLETS,,20S,28,0,0,0,28,0,0,0,30,0,0,0,15,0,0,0,0,0,0,0,0,0,0,0
090,Muttrah Branch,007490045,ELECTROBIOTICA,EFFERVESCENT TABLETS,,20S,6,0,0,0,0,0,0,0,0,0,0,0,0,0,0,0,0,0,0,0,0,0,0,0
091,Barka Branch,007490045,ELECTROBIOTICA,EFFERVESCENT TABLETS,,20S,10,0,0,0,0,0,0,0,0,0,0,0,0,0,0,0,0,0,0,0,0,0,0,0
092,Bahla  Branch,007490045,ELECTROBIOTICA,EFFERVESCENT TABLETS,,20S,1,0,2,0,0,0,2,0,0,0,6,0,10,0,0,0,0,0,0,0,0,0,0,0
093,Ruwi High Street Branch,007490045,ELECTROBIOTICA,EFFERVESCENT TABLETS,,20S,0,0,0,0,0,0,0,0,3,0,0,0,5,0,0,0,0,0,0,0,0,0,0,0
094,Buraimi Branch,007490045,ELECTROBIOTICA,EFFERVESCENT TABLETS,,20S,5,0,0,0,8,0,2,0,0,0,0,0,0,0,0,0,0,0,0,0,0,0,0,0
097,Al Hail Branch,007490045,ELECTROBIOTICA,EFFERVESCENT TABLETS,,20S,0,0,0,0,0,0,11,0,10,0,0,0,10,0,0,0,0,0,0,0,0,0,0,0
098,Al Meera Al Amerat Branch,007490045,ELECTROBIOTICA,EFFERVESCENT TABLETS,,20S,0,0,0,0,10,0,0,0,0,0,0,0,0,0,0,0,0,0,0,0,0,0,0,0
099,Al-Mawaleh Branch,007490045,ELECTROBIOTICA,EFFERVESCENT TABLETS,,20S,0,0,6,0,20,0,15,0,15,0,15,0,0,0,10,0,0,0,0,0,0,0,0,0
100,Mabela Branch,007490045,ELECTROBIOTICA,EFFERVESCENT TABLETS,,20S,10,0,0,0,0,0,0,0,0,0,0,0,0,0,0,0,0,0,0,0,0,0,0,0
101,Hay Al-Rahbah Cplx Branch (MQ),007490045,ELECTROBIOTICA,EFFERVESCENT TABLETS,,20S,12,0,12,0,0,0,0,0,10,0,0,0,0,0,0,0,0,0,0,0,0,0,0,0
105,Mall of Oman Branch,007490045,ELECTROBIOTICA,EFFERVESCENT TABLETS,,20S,10,0,0,0,28,0,0,0,0,0,10,0,76,0,0,0,0,0,0,0,0,0,0,0
107,City Centre Branch,007490045,ELECTROBIOTICA,EFFERVESCENT TABLETS,,20S,0,0,0,0,0,0,0,0,15,0,0,0,28,0,0,0,0,0,0,0,0,0,0,0
118,Safeer-Sohar (Pharmacy) Branch,007490045,ELECTROBIOTICA,EFFERVESCENT TABLETS,,20S,0,0,0,0,0,0,0,0,0,0,0,0,28,0,0,0,0,0,0,0,0,0,0,0
124,Barka Grand Centre Branch,007490045,ELECTROBIOTICA,EFFERVESCENT TABLETS,,20S,3,0,0,0,0,0,0,0,0,0,0,0,0,0,0,0,0,0,0,0,0,0,0,0
A468,AL ATHEER PHARMACY,007490045,ELECTROBIOTICA,EFFERVESCENT TABLETS,,20S,0,0,0,0,0,0,0,0,0,0,0,0,2,0,0,0,0,0,0,0,0,0,0,0
A495,ALYA AL AMERAT PHARMACY,007490045,ELECTROBIOTICA,EFFERVESCENT TABLETS,,20S,2,0,2,0,0,0,0,0,6,1,0,0,2,0,0,0,0,0,0,0,0,0,0,0
A591,ALIF PHARMACY MEBELA,007490045,ELECTROBIOTICA,EFFERVESCENT TABLETS,,20S,0,0,0,0,5,1,0,0,0,0,0,0,0,0,0,0,0,0,0,0,0,0,0,0
A592,AMLA PHARMACY MUSANNAH,007490045,ELECTROBIOTICA,EFFERVESCENT TABLETS,,20S,0,0,0,0,0,0,0,0,0,0,0,0,2,0,0,0,0,0,0,0,0,0,0,0
B111,BADAR AL JASHMI-II PHARMACY,007490045,ELECTROBIOTICA,EFFERVESCENT TABLETS,,20S,0,0,5,1,0,0,10,2,0,0,0,0,0,0,0,0,0,0,0,0,0,0,0,0
B250,AL AIN PHARMACY (MABELLA-2),007490045,ELECTROBIOTICA,EFFERVESCENT TABLETS,,20S,0,0,0,0,0,0,3,0,0,0,0,0,0,0,0,0,0,0,0,0,0,0,0,0
C094,COSMED PHARMACY,007490045,ELECTROBIOTICA,EFFERVESCENT TABLETS,,20S,0,0,3,0,0,0,0,0,0,0,0,0,0,0,0,0,0,0,0,0,0,0,0,0
C912,HVS - Pharma,007490045,ELECTROBIOTICA,EFFERVESCENT TABLETS,,20S,0,0,0,0,0,0,0,0,0,0,2,0,0,0,0,0,0,0,0,0,0,0,0,0
C964,HITEN P DOSHI (STAFF #1273),007490045,ELECTROBIOTICA,EFFERVESCENT TABLETS,,20S,0,0,0,0,0,0,0,0,0,0,12,2,0,0,0,0,0,0,0,0,0,0,0,0
D159,DOCTOR MOHAMMED PHARMACY,007490045,ELECTROBIOTICA,EFFERVESCENT TABLETS,,20S,5,1,0,0,0,0,0,0,0,0,0,0,0,0,0,0,0,0,0,0,0,0,0,0
F126,FAMILY MODERN PHARMACY,007490045,ELECTROBIOTICA,EFFERVESCENT TABLETS,,20S,0,0,0,0,0,0,0,0,5,1,0,0,0,0,0,0,0,0,0,0,0,0,0,0
F130,FARAH PHARMACY,007490045,ELECTROBIOTICA,EFFERVESCENT TABLETS,,20S,5,1,0,0,0,0,10,2,0,0,5,1,10,2,0,0,0,0,0,0,0,0,0,0
G142,GULF OXYGEN PHARMACY LLC.,007490045,ELECTROBIOTICA,EFFERVESCENT TABLETS,,20S,0,0,25,5,0,0,0,0,0,0,0,0,0,0,0,0,0,0,0,0,0,0,0,0
H245,HAYYAK PHARMACY,007490045,ELECTROBIOTICA,EFFERVESCENT TABLETS,,20S,2,0,0,0,0,0,0,0,0,0,0,0,0,0,0,0,0,0,0,0,0,0,0,0
H251,HEALTH PHARMACY DRUG STORE,007490045,ELECTROBIOTICA,EFFERVESCENT TABLETS,,20S,0,0,10,2,0,0,25,5,0,0,25,5,0,0,0,0,0,0,0,0,0,0,0,0
I001,IBN SINA PHARMACY,007490045,ELECTROBIOTICA,EFFERVESCENT TABLETS,,20S,0,0,10,2,0,0,0,0,0,0,10,2,0,0,0,0,0,0,0,0,0,0,0,0
I035,IBN SALIM PHARMACY ( IBRA ),007490045,ELECTROBIOTICA,EFFERVESCENT TABLETS,,20S,0,0,0,0,10,2,0,0,0,0,0,0,0,0,0,0,0,0,0,0,0,0,0,0
I082,IBN SALEEM PHARMACY (MUDHAIBI),007490045,ELECTROBIOTICA,EFFERVESCENT TABLETS,,20S,0,0,0,0,2,0,0,0,0,0,0,0,0,0,0,0,0,0,0,0,0,0,0,0
J113,AL JADEED PHARMACY,007490045,ELECTROBIOTICA,EFFERVESCENT TABLETS,,20S,0,0,0,0,0,0,0,0,2,0,0,0,0,0,0,0,0,0,0,0,0,0,0,0
K166,AL KARAM PHARMACY,007490045,ELECTROBIOTICA,EFFERVESCENT TABLETS,,20S,0,0,0,0,5,1,0,0,0,0,0,0,0,0,0,0,0,0,0,0,0,0,0,0
L070,LULU PHARMACY (CENTRAL STORES),007490045,ELECTROBIOTICA,EFFERVESCENT TABLETS,,20S,0,0,0,0,100,24,0,0,0,0,0,0,0,0,0,0,0,0,0,0,0,0,0,0
M001,MAZOON PHARMACY,007490045,ELECTROBIOTICA,EFFERVESCENT TABLETS,,20S,2,0,0,0,0,0,0,0,0,0,0,0,0,0,0,0,0,0,0,0,0,0,0,0
M304,NEW BEHLA PHARMACY - AL MAWALAH,007490045,ELECTROBIOTICA,EFFERVESCENT TABLETS,,20S,2,0,0,0,5,1,0,0,0,0,0,0,0,0,0,0,0,0,0,0,0,0,0,0
M462,MED OASIS PHARMACY,007490045,ELECTROBIOTICA,EFFERVESCENT TABLETS,,20S,0,0,0,0,0,0,5,1,0,0,0,0,0,0,0,0,0,0,0,0,0,0,0,0
N268,NIZWA PHARMACY (Safari Roses),007490045,ELECTROBIOTICA,EFFERVESCENT TABLETS,,20S,0,0,0,0,0,0,0,0,0,0,0,0,5,1,0,0,0,0,0,0,0,0,0,0
O167,OMAR PHARMACY,007490045,ELECTROBIOTICA,EFFERVESCENT TABLETS,,20S,0,0,3,0,0,0,0,0,0,0,0,0,0,0,0,0,0,0,0,0,0,0,0,0
O169,OONS PHARMACY,007490045,ELECTROBIOTICA,EFFERVESCENT TABLETS,,20S,0,0,0,0,0,0,2,0,0,0,0,0,0,0,0,0,0,0,0,0,0,0,0,0
R185,ROYAL PHARMACY,007490045,ELECTROBIOTICA,EFFERVESCENT TABLETS,,20S,5,1,0,0,0,0,0,0,0,0,0,0,0,0,0,0,0,0,0,0,0,0,0,0
S061,BAHWAN HEALTHCARE CENTRE LLC.,007490045,ELECTROBIOTICA,EFFERVESCENT TABLETS,,20S,0,0,0,0,0,0,0,0,5,1,5,1,0,0,0,0,0,0,0,0,0,0,0,0
S271,AL SAADI PHARMACY (BIDAYA),007490045,ELECTROBIOTICA,EFFERVESCENT TABLETS,,20S,0,0,15,3,0,0,0,0,0,0,0,0,0,0,0,0,0,0,0,0,0,0,0,0
S360,AL BUSHRA MEDICAL SPECIALTY COMPLEX,007490045,ELECTROBIOTICA,EFFERVESCENT TABLETS,,20S,5,1,0,0,0,0,0,0,0,0,0,0,0,0,0,0,0,0,0,0,0,0,0,0
U016,UM BALQEES NATIONAL CO. LLC,007490045,ELECTROBIOTICA,EFFERVESCENT TABLETS,,20S,0,0,10,2,0,0,0,0,0,0,0,0,0,0,0,0,0,0,0,0,0,0,0,0
Z065,AL ZAKI PHARMACY,007490045,ELECTROBIOTICA,EFFERVESCENT TABLETS,,20S,0,0,3,0,0,0,0,0,0,0,0,0,0,0,0,0,0,0,0,0,0,0,0,0
Z073,ZAD PHARMACY,007490045,ELECTROBIOTICA,EFFERVESCENT TABLETS,,20S,0,0,0,0,5,1,0,0,0,0,0,0,0,0,0,0,0,0,0,0,0,0,0,0
001,Ruwi Branch,007490060,GASOFIZZ,EFFERVESCENT TABLETS,,20S,0,0,26,0,10,0,0,0,0,0,0,0,0,0,5,0,0,0,0,0,0,0,0,0
003,Al Gobra (Pharmacy) Branch,007490060,GASOFIZZ,EFFERVESCENT TABLETS,,20S,12,0,0,0,0,0,0,0,12,0,11,0,30,0,0,0,0,0,0,0,0,0,0,0
004,Al Rusayl Branch (Near SQUH),007490060,GASOFIZZ,EFFERVESCENT TABLETS,,20S,1,0,2,0,0,0,3,0,8,0,0,0,0,0,0,0,0,0,0,0,0,0,0,0
007,Al Hamra Branch,007490060,GASOFIZZ,EFFERVESCENT TABLETS,,20S,4,0,0,0,10,0,0,0,0,0,0,0,0,0,0,0,0,0,0,0,0,0,0,0
008,Medinat Qaboos Branch,007490060,GASOFIZZ,EFFERVESCENT TABLETS,,20S,28,0,0,0,0,0,0,0,0,0,0,0,0,0,0,0,0,0,0,0,0,0,0,0
009,Sohar Branch,007490060,GASOFIZZ,EFFERVESCENT TABLETS,,20S,0,0,0,0,0,0,0,0,0,0,0,0,5,0,0,0,0,0,0,0,0,0,0,0
010,Nizwa Branch,007490060,GASOFIZZ,EFFERVESCENT TABLETS,,20S,0,0,60,0,0,0,0,0,0,0,0,0,0,0,0,0,0,0,0,0,0,0,0,0
011,Khasab (Musandam) Branch,007490060,GASOFIZZ,EFFERVESCENT TABLETS,,20S,38,0,0,0,0,0,0,0,0,0,0,0,0,0,0,0,0,0,0,0,0,0,0,0
012,Musanna Branch,007490060,GASOFIZZ,EFFERVESCENT TABLETS,,20S,4,0,0,0,25,0,0,0,0,0,1,0,0,0,0,0,0,0,0,0,0,0,0,0
018,Darsait Branch,007490060,GASOFIZZ,EFFERVESCENT TABLETS,,20S,6,0,0,0,3,0,3,0,0,0,3,0,3,0,0,0,0,0,0,0,0,0,0,0
024,Greater Muttrah Branch,007490060,GASOFIZZ,EFFERVESCENT TABLETS,,20S,4,0,0,0,0,0,0,0,0,0,6,0,0,0,0,0,0,0,0,0,0,0,0,0
025,Qurum  Branch,007490060,GASOFIZZ,EFFERVESCENT TABLETS,,20S,5,0,0,0,0,0,0,0,0,0,0,0,0,0,0,0,0,0,0,0,0,0,0,0
026,Wadi Kabir Branch,007490060,GASOFIZZ,EFFERVESCENT TABLETS,,20S,65,0,0,0,0,0,0,0,0,0,0,0,1,0,0,0,0,0,0,0,0,0,0,0
028,Ibri Murtafa Branch,007490060,GASOFIZZ,EFFERVESCENT TABLETS,,20S,0,0,0,0,1,0,1,0,0,0,1,0,0,0,0,0,0,0,0,0,0,0,0,0
029,Saham Branch,007490060,GASOFIZZ,EFFERVESCENT TABLETS,,20S,0,0,0,0,0,0,0,0,0,0,5,0,0,0,0,0,0,0,0,0,0,0,0,0
031,Al Sawadi Branch,007490060,GASOFIZZ,EFFERVESCENT TABLETS,,20S,0,0,0,0,0,0,0,0,0,0,0,0,17,0,0,0,0,0,0,0,0,0,0,0
032,Al Khuwair Branch,007490060,GASOFIZZ,EFFERVESCENT TABLETS,,20S,13,0,10,0,0,0,0,0,0,0,28,0,0,0,0,0,0,0,0,0,0,0,0,0
033,Al Kamel Branch,007490060,GASOFIZZ,EFFERVESCENT TABLETS,,20S,12,0,3,0,0,0,0,0,0,0,0,0,0,0,3,0,0,0,0,0,0,0,0,0
034,Al Suwaiq  Branch,007490060,GASOFIZZ,EFFERVESCENT TABLETS,,20S,3,0,10,0,0,0,0,0,0,0,0,0,0,0,6,0,0,0,0,0,0,0,0,0
038,Al Bidayah Branch,007490060,GASOFIZZ,EFFERVESCENT TABLETS,,20S,24,0,30,0,20,0,0,0,0,0,0,0,5,0,0,0,0,0,0,0,0,0,0,0
039,Seeb Branch,007490060,GASOFIZZ,EFFERVESCENT TABLETS,,20S,0,0,0,0,10,0,0,0,0,0,0,0,0,0,0,0,0,0,0,0,0,0,0,0
040,Masirah Branch,007490060,GASOFIZZ,EFFERVESCENT TABLETS,,20S,12,0,6,0,10,0,0,0,0,0,0,0,0,0,0,0,0,0,0,0,0,0,0,0
041,Al Muzn Mall Branch,007490060,GASOFIZZ,EFFERVESCENT TABLETS,,20S,4,0,0,0,0,0,3,0,0,0,0,0,0,0,0,0,0,0,0,0,0,0,0,0
042,Muscat Int'l Airport Branch - Landside,007490060,GASOFIZZ,EFFERVESCENT TABLETS,,20S,40,0,0,0,0,0,0,0,0,0,0,0,0,0,0,0,0,0,0,0,0,0,0,0
043,Muscat Int'l Airport Branch - Airside,007490060,GASOFIZZ,EFFERVESCENT TABLETS,,20S,26,0,0,0,0,0,0,0,0,0,0,0,0,0,0,0,0,0,0,0,0,0,0,0
044,Safeer (Azaiba) Branch,007490060,GASOFIZZ,EFFERVESCENT TABLETS,,20S,5,0,6,0,10,0,30,0,0,0,0,0,0,0,4,0,0,0,0,0,0,0,0,0
045,Ibri Sanaya Branch,007490060,GASOFIZZ,EFFERVESCENT TABLETS,,20S,0,0,10,0,6,0,3,0,0,0,10,0,3,0,0,0,0,0,0,0,0,0,0,0
046,Yanqil Branch,007490060,GASOFIZZ,EFFERVESCENT TABLETS,,20S,0,0,0,0,0,0,0,0,0,0,5,0,0,0,0,0,0,0,0,0,0,0,0,0
047,Ibra Branch,007490060,GASOFIZZ,EFFERVESCENT TABLETS,,20S,4,0,0,0,3,0,0,0,0,0,2,0,5,0,0,0,0,0,0,0,0,0,0,0
068,Wadi Hatat Branch,007490060,GASOFIZZ,EFFERVESCENT TABLETS,,20S,38,0,0,0,0,0,0,0,0,0,0,0,7,0,10,0,0,0,0,0,0,0,0,0
080,Qurum City Centre Branch,007490060,GASOFIZZ,EFFERVESCENT TABLETS,,20S,6,0,0,0,0,0,0,0,0,0,0,0,0,0,0,0,0,0,0,0,0,0,0,0
081,Rustaq Branch,007490060,GASOFIZZ,EFFERVESCENT TABLETS,,20S,0,0,0,0,0,0,4,0,3,0,0,0,9,0,0,0,0,0,0,0,0,0,0,0
082,Al Khod Branch,007490060,GASOFIZZ,EFFERVESCENT TABLETS,,20S,5,0,0,0,0,0,3,0,0,0,0,0,13,0,0,0,0,0,0,0,0,0,0,0
084,Bilad Bani Buali Branch,007490060,GASOFIZZ,EFFERVESCENT TABLETS,,20S,5,0,0,0,0,0,0,0,0,0,2,0,0,0,0,0,0,0,0,0,0,0,0,0
087,Hamriya Branch,007490060,GASOFIZZ,EFFERVESCENT TABLETS,,20S,4,0,0,0,5,0,0,0,10,0,10,0,0,0,0,0,0,0,0,0,0,0,0,0
088,Al Sarooj Comm.Centre (Pharmacy),007490060,GASOFIZZ,EFFERVESCENT TABLETS,,20S,56,0,0,0,0,0,0,0,28,0,0,0,15,0,0,0,0,0,0,0,0,0,0,0
090,Muttrah Branch,007490060,GASOFIZZ,EFFERVESCENT TABLETS,,20S,0,0,6,0,10,0,0,0,0,0,0,0,0,0,0,0,0,0,0,0,0,0,0,0
091,Barka Branch,007490060,GASOFIZZ,EFFERVESCENT TABLETS,,20S,10,0,20,0,0,0,0,0,0,0,0,0,0,0,0,0,0,0,0,0,0,0,0,0
092,Bahla  Branch,007490060,GASOFIZZ,EFFERVESCENT TABLETS,,20S,0,0,5,0,4,0,0,0,0,0,0,0,10,0,0,0,0,0,0,0,0,0,0,0
093,Ruwi High Street Branch,007490060,GASOFIZZ,EFFERVESCENT TABLETS,,20S,1,0,2,0,0,0,0,0,0,0,0,0,0,0,0,0,0,0,0,0,0,0,0,0
094,Buraimi Branch,007490060,GASOFIZZ,EFFERVESCENT TABLETS,,20S,19,0,3,0,0,0,0,0,0,0,0,0,8,0,0,0,0,0,0,0,0,0,0,0
097,Al Hail Branch,007490060,GASOFIZZ,EFFERVESCENT TABLETS,,20S,6,0,0,0,0,0,3,0,5,0,0,0,12,0,0,0,0,0,0,0,0,0,0,0
098,Al Meera Al Amerat Branch,007490060,GASOFIZZ,EFFERVESCENT TABLETS,,20S,13,0,0,0,0,0,0,0,0,0,0,0,0,0,0,0,0,0,0,0,0,0,0,0
099,Al-Mawaleh Branch,007490060,GASOFIZZ,EFFERVESCENT TABLETS,,20S,27,0,0,0,40,0,0,0,0,0,15,0,0,0,0,0,0,0,0,0,0,0,0,0
100,Mabela Branch,007490060,GASOFIZZ,EFFERVESCENT TABLETS,,20S,10,0,0,0,12,0,0,0,0,0,0,0,0,0,0,0,0,0,0,0,0,0,0,0
101,Hay Al-Rahbah Cplx Branch (MQ),007490060,GASOFIZZ,EFFERVESCENT TABLETS,,20S,8,0,68,0,0,0,0,0,0,0,0,0,0,0,0,0,0,0,0,0,0,0,0,0
104,Khaburah Branch,007490060,GASOFIZZ,EFFERVESCENT TABLETS,,20S,7,0,6,0,0,0,0,0,6,0,0,0,0,0,0,0,0,0,0,0,0,0,0,0
105,Mall of Oman Branch,007490060,GASOFIZZ,EFFERVESCENT TABLETS,,20S,10,0,0,0,0,0,0,0,30,0,0,0,10,0,0,0,0,0,0,0,0,0,0,0
118,Safeer-Sohar (Pharmacy) Branch,007490060,GASOFIZZ,EFFERVESCENT TABLETS,,20S,0,0,0,0,0,0,0,0,0,0,15,0,10,0,0,0,0,0,0,0,0,0,0,0
124,Barka Grand Centre Branch,007490060,GASOFIZZ,EFFERVESCENT TABLETS,,20S,13,0,0,0,0,0,0,0,0,0,0,0,0,0,0,0,0,0,0,0,0,0,0,0
8677,GOLDEN MEDICAL PHARMACY,007490060,GASOFIZZ,EFFERVESCENT TABLETS,,20S,0,0,0,0,0,0,10,2,0,0,0,0,0,0,0,0,0,0,0,0,0,0,0,0
A312,ABRAJ ENERGY SERVICES LLC,007490060,GASOFIZZ,EFFERVESCENT TABLETS,,20S,0,0,0,0,0,0,2,0,0,0,20,0,7,0,0,0,0,0,0,0,0,0,0,0
A454,AJMAL AL FARABI PHARMACY,007490060,GASOFIZZ,EFFERVESCENT TABLETS,,20S,0,0,25,5,0,0,0,0,0,0,0,0,0,0,0,0,0,0,0,0,0,0,0,0
A468,AL ATHEER PHARMACY,007490060,GASOFIZZ,EFFERVESCENT TABLETS,,20S,0,0,0,0,0,0,0,0,0,0,0,0,2,0,0,0,0,0,0,0,0,0,0,0
A495,ALYA AL AMERAT PHARMACY,007490060,GASOFIZZ,EFFERVESCENT TABLETS,,20S,6,1,8,1,0,0,2,0,3,0,5,1,17,3,0,0,0,0,0,0,0,0,0,0
A503,ASIA PHARMACY (RUWI),007490060,GASOFIZZ,EFFERVESCENT TABLETS,,20S,0,0,0,0,0,0,0,0,0,0,0,0,10,2,0,0,0,0,0,0,0,0,0,0
A521,OMAN INTERNATIONAL HOSPITAL,007490060,GASOFIZZ,EFFERVESCENT TABLETS,,20S,0,0,0,0,0,0,0,0,0,0,10,2,0,0,0,0,0,0,0,0,0,0,0,0
A551,ANJAAD PHARMACY,007490060,GASOFIZZ,EFFERVESCENT TABLETS,,20S,0,0,5,1,0,0,0,0,0,0,0,0,0,0,0,0,0,0,0,0,0,0,0,0
B133,BELQEES PHARMACY (MABELLA),007490060,GASOFIZZ,EFFERVESCENT TABLETS,,20S,0,0,0,0,0,0,0,0,0,0,0,0,5,1,0,0,0,0,0,0,0,0,0,0
B137,BELQEES PHARMACY (SUMAIL),007490060,GASOFIZZ,EFFERVESCENT TABLETS,,20S,0,0,0,0,0,0,10,2,0,0,0,0,0,0,0,0,0,0,0,0,0,0,0,0
B165,AL BAWARAK PHARMACY (Mabellah),007490060,GASOFIZZ,EFFERVESCENT TABLETS,,20S,0,0,0,0,0,0,6,1,0,0,0,0,0,0,0,0,0,0,0,0,0,0,0,0
B166,AL BAWARAK PHARMACY,007490060,GASOFIZZ,EFFERVESCENT TABLETS,,20S,0,0,0,0,0,0,5,1,0,0,0,0,0,0,0,0,0,0,0,0,0,0,0,0
B186,BASMAT AL AMAL PHARMACY,007490060,GASOFIZZ,EFFERVESCENT TABLETS,,20S,0,0,0,0,0,0,0,0,0,0,5,1,0,0,0,0,0,0,0,0,0,0,0,0
B210,AL BURAIMI MODERN PHARMACY,007490060,GASOFIZZ,EFFERVESCENT TABLETS,,20S,0,0,0,0,0,0,0,0,10,2,0,0,0,0,0,0,0,0,0,0,0,0,0,0
B238,AL BALSAM AL SHAFI PHARMACY,007490060,GASOFIZZ,EFFERVESCENT TABLETS,,20S,0,0,0,0,20,4,0,0,0,0,0,0,0,0,0,0,0,0,0,0,0,0,0,0
C094,COSMED PHARMACY,007490060,GASOFIZZ,EFFERVESCENT TABLETS,,20S,0,0,0,0,0,0,0,0,0,0,0,0,6,1,0,0,0,0,0,0,0,0,0,0
C912,HVS - Pharma,007490060,GASOFIZZ,EFFERVESCENT TABLETS,,20S,0,0,0,0,0,0,0,0,0,0,10,0,0,0,0,0,0,0,0,0,0,0,0,0
C964,HITEN P DOSHI (STAFF #1273),007490060,GASOFIZZ,EFFERVESCENT TABLETS,,20S,0,0,0,0,0,0,0,0,0,0,6,1,0,0,0,0,0,0,0,0,0,0,0,0
D153,DAR AL DAWAA PHARMACY - SOHAR,007490060,GASOFIZZ,EFFERVESCENT TABLETS,,20S,0,0,0,0,0,0,5,1,0,0,0,0,0,0,0,0,0,0,0,0,0,0,0,0
E023,KCA DEUTAG ENERGY LLC.,007490060,GASOFIZZ,EFFERVESCENT TABLETS,,20S,0,0,0,0,0,0,24,0,1,0,12,0,19,0,0,0,0,0,0,0,0,0,0,0
F126,FAMILY MODERN PHARMACY,007490060,GASOFIZZ,EFFERVESCENT TABLETS,,20S,0,0,0,0,0,0,0,0,3,0,0,0,0,0,0,0,0,0,0,0,0,0,0,0
F130,FARAH PHARMACY,007490060,GASOFIZZ,EFFERVESCENT TABLETS,,20S,0,0,0,0,0,0,5,1,0,0,0,0,5,1,0,0,0,0,0,0,0,0,0,0
F152,AL FANAR PHARMACY,007490060,GASOFIZZ,EFFERVESCENT TABLETS,,20S,10,2,0,0,0,0,0,0,0,0,0,0,0,0,0,0,0,0,0,0,0,0,0,0
G107,GULF HOSPITAL PHARMACY,007490060,GASOFIZZ,EFFERVESCENT TABLETS,,20S,10,2,10,2,0,0,10,2,0,0,10,2,0,0,0,0,0,0,0,0,0,0,0,0
G123,GOHARAT AL SHARQIYA PHARMACY,007490060,GASOFIZZ,EFFERVESCENT TABLETS,,20S,0,0,0,0,0,0,10,2,0,0,0,0,0,0,0,0,0,0,0,0,0,0,0,0
H220,HOR EYES PHARMACY,007490060,GASOFIZZ,EFFERVESCENT TABLETS,,20S,0,0,0,0,10,2,0,0,0,0,0,0,0,0,0,0,0,0,0,0,0,0,0,0
H248,HAYA PHARMACY (FIRQ),007490060,GASOFIZZ,EFFERVESCENT TABLETS,,20S,0,0,0,0,0,0,0,0,20,4,100,24,0,0,0,0,0,0,0,0,0,0,0,0
I001,IBN SINA PHARMACY,007490060,GASOFIZZ,EFFERVESCENT TABLETS,,20S,0,0,10,2,0,0,10,2,0,0,10,2,0,0,0,0,0,0,0,0,0,0,0,0
I049,IBN AL HAITHAM PHARMACY - IBRA,007490060,GASOFIZZ,EFFERVESCENT TABLETS,,20S,0,0,0,0,2,0,0,0,0,0,0,0,0,0,0,0,0,0,0,0,0,0,0,0
J113,AL JADEED PHARMACY,007490060,GASOFIZZ,EFFERVESCENT TABLETS,,20S,0,0,0,0,0,0,0,0,2,0,0,0,0,0,0,0,0,0,0,0,0,0,0,0
K166,AL KARAM PHARMACY,007490060,GASOFIZZ,EFFERVESCENT TABLETS,,20S,0,0,0,0,5,1,0,0,0,0,0,0,0,0,0,0,0,0,0,0,0,0,0,0
K189,KNOOJ AL ARAQI TRAD PHARMACY,007490060,GASOFIZZ,EFFERVESCENT TABLETS,,20S,0,0,0,0,0,0,0,0,0,0,0,0,5,1,0,0,0,0,0,0,0,0,0,0
M001,MAZOON PHARMACY,007490060,GASOFIZZ,EFFERVESCENT TABLETS,,20S,2,0,0,0,0,0,0,0,0,0,0,0,0,0,0,0,0,0,0,0,0,0,0,0
M011,MUSCAT PHARMACY & STORES SALALAH LLC,007490060,GASOFIZZ,EFFERVESCENT TABLETS,,20S,0,0,0,0,0,0,0,0,0,0,50,11,50,11,0,0,0,0,0,0,0,0,0,0
N077,NATIONAL DRILLING & SERVICES L L C,007490060,GASOFIZZ,EFFERVESCENT TABLETS,,20S,0,0,0,0,0,0,0,0,0,0,3,0,0,0,0,0,0,0,0,0,0,0,0,0
N111,AL NOOR MEDICAL COMPLEX,007490060,GASOFIZZ,EFFERVESCENT TABLETS,,20S,0,0,10,2,0,0,0,0,0,0,0,0,0,0,0,0,0,0,0,0,0,0,0,0
N268,NIZWA PHARMACY (Safari Roses),007490060,GASOFIZZ,EFFERVESCENT TABLETS,,20S,0,0,0,0,2,0,0,0,0,0,0,0,2,0,0,0,0,0,0,0,0,0,0,0
N276,AL NAMA PHARMACY,007490060,GASOFIZZ,EFFERVESCENT TABLETS,,20S,0,0,5,1,0,0,0,0,0,0,0,0,0,0,0,0,0,0,0,0,0,0,0,0
O166,OZONE PHARMACY BEHLA,007490060,GASOFIZZ,EFFERVESCENT TABLETS,,20S,0,0,0,0,0,0,0,0,0,0,0,0,50,11,0,0,0,0,0,0,0,0,0,0
O169,OONS PHARMACY,007490060,GASOFIZZ,EFFERVESCENT TABLETS,,20S,0,0,0,0,0,0,3,0,0,0,0,0,0,0,0,0,0,0,0,0,0,0,0,0
O172,OMAN MEDICAL HUB,007490060,GASOFIZZ,EFFERVESCENT TABLETS,,20S,0,0,0,0,0,0,0,0,0,0,0,0,5,1,0,0,0,0,0,0,0,0,0,0
P041,NABORS DRILLING SERVICES BV (Oman Branch),007490060,GASOFIZZ,EFFERVESCENT TABLETS,,20S,0,0,0,0,0,0,0,0,0,0,3,0,0,0,0,0,0,0,0,0,0,0,0,0
P056,PEACE LAND MEDICAL SERVICES LLC.,007490060,GASOFIZZ,EFFERVESCENT TABLETS,,20S,0,0,0,0,0,0,0,0,35,0,40,0,0,0,0,0,0,0,0,0,0,0,0,0
P057,PRIME PHARMACY ONE,007490060,GASOFIZZ,EFFERVESCENT TABLETS,,20S,0,0,0,0,1,0,0,0,0,0,0,0,0,0,0,0,0,0,0,0,0,0,0,0
P072,PERFECT PHARMACY,007490060,GASOFIZZ,EFFERVESCENT TABLETS,,20S,0,0,5,1,0,0,0,0,0,0,0,0,0,0,0,0,0,0,0,0,0,0,0,0
Q056,AL QUDS PHARMACY-BIRAKAT AL MAUZ,007490060,GASOFIZZ,EFFERVESCENT TABLETS,,20S,0,0,0,0,25,5,0,0,0,0,0,0,0,0,0,0,0,0,0,0,0,0,0,0
S058,SEA & LAND DRILLING CONTRACTORS INC,007490060,GASOFIZZ,EFFERVESCENT TABLETS,,20S,0,0,0,0,0,0,0,0,5,0,0,0,5,0,0,0,0,0,0,0,0,0,0,0
S510,SEDERA PHARMACY LLC.,007490060,GASOFIZZ,EFFERVESCENT TABLETS,,20S,0,0,0,0,0,0,20,4,0,0,0,0,0,0,0,0,0,0,0,0,0,0,0,0
T115,NEW TAIBA PHARMACY (CENTRAL STORE),007490060,GASOFIZZ,EFFERVESCENT TABLETS,,20S,0,0,0,0,0,0,0,0,0,0,0,0,50,12,0,0,0,0,0,0,0,0,0,0
U016,UM BALQEES NATIONAL CO. LLC,007490060,GASOFIZZ,EFFERVESCENT TABLETS,,20S,0,0,0,0,0,0,0,0,0,0,0,0,10,2,0,0,0,0,0,0,0,0,0,0
V023,VISTA PHARMA,007490060,GASOFIZZ,EFFERVESCENT TABLETS,,20S,0,0,0,0,0,0,50,15,0,0,0,0,0,0,0,0,0,0,0,0,0,0,0,0
W076,AL WADI AL KABIR PHARMACY,007490060,GASOFIZZ,EFFERVESCENT TABLETS,,20S,25,5,0,0,0,0,0,0,0,0,0,0,0,0,0,0,0,0,0,0,0,0,0,0
W161,WELL CARE PHARMACY MAWALAH,007490060,GASOFIZZ,EFFERVESCENT TABLETS,,20S,25,5,0,0,0,0,0,0,0,0,0,0,0,0,0,0,0,0,0,0,0,0,0,0
001,Ruwi Branch,007490065,GLOWRAD,EFFERVECENT TABLETS,,20S,10,0,0,0,30,0,0,0,0,0,0,0,24,0,0,0,0,0,0,0,0,0,0,0
003,Al Gobra (Pharmacy) Branch,007490065,GLOWRAD,EFFERVECENT TABLETS,,20S,12,0,0,0,10,0,0,0,12,0,0,0,40,0,0,0,0,0,0,0,0,0,0,0
004,Al Rusayl Branch (Near SQUH),007490065,GLOWRAD,EFFERVECENT TABLETS,,20S,0,0,5,0,0,0,0,0,0,0,0,0,0,0,0,0,0,0,0,0,0,0,0,0
008,Medinat Qaboos Branch,007490065,GLOWRAD,EFFERVECENT TABLETS,,20S,36,0,0,0,0,0,0,0,0,0,0,0,0,0,0,0,0,0,0,0,0,0,0,0
009,Sohar Branch,007490065,GLOWRAD,EFFERVECENT TABLETS,,20S,0,0,0,0,3,0,0,0,5,0,0,0,10,0,5,0,0,0,0,0,0,0,0,0
010,Nizwa Branch,007490065,GLOWRAD,EFFERVECENT TABLETS,,20S,6,0,48,0,0,0,0,0,0,0,0,0,0,0,0,0,0,0,0,0,0,0,0,0
011,Khasab (Musandam) Branch,007490065,GLOWRAD,EFFERVECENT TABLETS,,20S,28,0,0,0,0,0,0,0,0,0,0,0,0,0,0,0,0,0,0,0,0,0,0,0
012,Musanna Branch,007490065,GLOWRAD,EFFERVECENT TABLETS,,20S,5,0,0,0,0,0,0,0,0,0,0,0,1,0,0,0,0,0,0,0,0,0,0,0
018,Darsait Branch,007490065,GLOWRAD,EFFERVECENT TABLETS,,20S,0,0,0,0,0,0,0,0,0,0,0,0,4,0,0,0,0,0,0,0,0,0,0,0
024,Greater Muttrah Branch,007490065,GLOWRAD,EFFERVECENT TABLETS,,20S,0,0,0,0,0,0,0,0,0,0,0,0,7,0,0,0,0,0,0,0,0,0,0,0
026,Wadi Kabir Branch,007490065,GLOWRAD,EFFERVECENT TABLETS,,20S,46,0,0,0,0,0,0,0,0,0,0,0,0,0,0,0,0,0,0,0,0,0,0,0
028,Ibri Murtafa Branch,007490065,GLOWRAD,EFFERVECENT TABLETS,,20S,0,0,0,0,1,0,0,0,0,0,0,0,2,0,0,0,0,0,0,0,0,0,0,0
029,Saham Branch,007490065,GLOWRAD,EFFERVECENT TABLETS,,20S,0,0,3,0,0,0,5,0,0,0,0,0,9,0,0,0,0,0,0,0,0,0,0,0
031,Al Sawadi Branch,007490065,GLOWRAD,EFFERVECENT TABLETS,,20S,0,0,0,0,6,0,0,0,0,0,0,0,6,0,0,0,0,0,0,0,0,0,0,0
032,Al Khuwair Branch,007490065,GLOWRAD,EFFERVECENT TABLETS,,20S,3,0,10,0,10,0,0,0,0,0,0,0,5,0,0,0,0,0,0,0,0,0,0,0
033,Al Kamel Branch,007490065,GLOWRAD,EFFERVECENT TABLETS,,20S,3,0,0,0,0,0,0,0,0,0,0,0,0,0,4,0,0,0,0,0,0,0,0,0
034,Al Suwaiq  Branch,007490065,GLOWRAD,EFFERVECENT TABLETS,,20S,3,0,10,0,0,0,0,0,0,0,0,0,0,0,5,0,0,0,0,0,0,0,0,0
038,Al Bidayah Branch,007490065,GLOWRAD,EFFERVECENT TABLETS,,20S,24,0,21,0,20,0,0,0,0,0,0,0,0,0,0,0,0,0,0,0,0,0,0,0
039,Seeb Branch,007490065,GLOWRAD,EFFERVECENT TABLETS,,20S,3,0,0,0,0,0,0,0,0,0,0,0,6,0,0,0,0,0,0,0,0,0,0,0
040,Masirah Branch,007490065,GLOWRAD,EFFERVECENT TABLETS,,20S,12,0,0,0,12,0,0,0,0,0,0,0,0,0,0,0,0,0,0,0,0,0,0,0
041,Al Muzn Mall Branch,007490065,GLOWRAD,EFFERVECENT TABLETS,,20S,0,0,6,0,0,0,0,0,0,0,0,0,0,0,0,0,0,0,0,0,0,0,0,0
042,Muscat Int'l Airport Branch - Landside,007490065,GLOWRAD,EFFERVECENT TABLETS,,20S,0,0,0,0,0,0,9,0,0,0,0,0,0,0,0,0,0,0,0,0,0,0,0,0
043,Muscat Int'l Airport Branch - Airside,007490065,GLOWRAD,EFFERVECENT TABLETS,,20S,12,0,0,0,0,0,0,0,0,0,0,0,0,0,0,0,0,0,0,0,0,0,0,0
044,Safeer (Azaiba) Branch,007490065,GLOWRAD,EFFERVECENT TABLETS,,20S,0,0,10,0,0,0,0,0,0,0,0,0,2,0,3,0,0,0,0,0,0,0,0,0
045,Ibri Sanaya Branch,007490065,GLOWRAD,EFFERVECENT TABLETS,,20S,0,0,0,0,10,0,3,0,0,0,0,0,0,0,0,0,0,0,0,0,0,0,0,0
046,Yanqil Branch,007490065,GLOWRAD,EFFERVECENT TABLETS,,20S,0,0,0,0,0,0,3,0,10,0,0,0,0,0,0,0,0,0,0,0,0,0,0,0
047,Ibra Branch,007490065,GLOWRAD,EFFERVECENT TABLETS,,20S,6,0,0,0,4,0,0,0,0,0,0,0,5,0,0,0,0,0,0,0,0,0,0,0
048,Sur Branch,007490065,GLOWRAD,EFFERVECENT TABLETS,,20S,2,0,0,0,20,0,0,0,0,0,0,0,30,0,0,0,0,0,0,0,0,0,0,0
068,Wadi Hatat Branch,007490065,GLOWRAD,EFFERVECENT TABLETS,,20S,13,0,0,0,0,0,0,0,0,0,0,0,0,0,0,0,0,0,0,0,0,0,0,0
080,Qurum City Centre Branch,007490065,GLOWRAD,EFFERVECENT TABLETS,,20S,10,0,0,0,0,0,0,0,0,0,0,0,6,0,0,0,0,0,0,0,0,0,0,0
081,Rustaq Branch,007490065,GLOWRAD,EFFERVECENT TABLETS,,20S,3,0,0,0,0,0,0,0,2,0,0,0,9,0,0,0,0,0,0,0,0,0,0,0
082,Al Khod Branch,007490065,GLOWRAD,EFFERVECENT TABLETS,,20S,0,0,0,0,3,0,5,0,0,0,0,0,7,0,0,0,0,0,0,0,0,0,0,0
083,Sinaw Branch,007490065,GLOWRAD,EFFERVECENT TABLETS,,20S,5,0,3,0,0,0,0,0,10,0,0,0,0,0,0,0,0,0,0,0,0,0,0,0
084,Bilad Bani Buali Branch,007490065,GLOWRAD,EFFERVECENT TABLETS,,20S,0,0,0,0,0,0,0,0,0,0,16,0,0,0,0,0,0,0,0,0,0,0,0,0
087,Hamriya Branch,007490065,GLOWRAD,EFFERVECENT TABLETS,,20S,5,0,0,0,0,0,0,0,0,0,0,0,12,0,0,0,0,0,0,0,0,0,0,0
088,Al Sarooj Comm.Centre (Pharmacy),007490065,GLOWRAD,EFFERVECENT TABLETS,,20S,28,0,0,0,0,0,0,0,0,0,0,0,10,0,0,0,0,0,0,0,0,0,0,0
090,Muttrah Branch,007490065,GLOWRAD,EFFERVECENT TABLETS,,20S,9,0,0,0,0,0,0,0,0,0,0,0,0,0,0,0,0,0,0,0,0,0,0,0
091,Barka Branch,007490065,GLOWRAD,EFFERVECENT TABLETS,,20S,12,0,5,0,0,0,0,0,0,0,0,0,0,0,0,0,0,0,0,0,0,0,0,0
092,Bahla  Branch,007490065,GLOWRAD,EFFERVECENT TABLETS,,20S,0,0,0,0,0,0,0,0,0,0,0,0,10,0,0,0,0,0,0,0,0,0,0,0
093,Ruwi High Street Branch,007490065,GLOWRAD,EFFERVECENT TABLETS,,20S,3,0,0,0,6,0,4,0,0,0,0,0,4,0,0,0,0,0,0,0,0,0,0,0
094,Buraimi Branch,007490065,GLOWRAD,EFFERVECENT TABLETS,,20S,7,0,0,0,5,0,11,0,5,0,0,0,0,0,0,0,0,0,0,0,0,0,0,0
097,Al Hail Branch,007490065,GLOWRAD,EFFERVECENT TABLETS,,20S,6,0,0,0,0,0,0,0,5,0,0,0,12,0,0,0,0,0,0,0,0,0,0,0
098,Al Meera Al Amerat Branch,007490065,GLOWRAD,EFFERVECENT TABLETS,,20S,7,0,0,0,0,0,0,0,0,0,0,0,0,0,0,0,0,0,0,0,0,0,0,0
099,Al-Mawaleh Branch,007490065,GLOWRAD,EFFERVECENT TABLETS,,20S,12,0,14,0,5,0,10,0,0,0,0,0,3,0,30,0,0,0,0,0,0,0,0,0
100,Mabela Branch,007490065,GLOWRAD,EFFERVECENT TABLETS,,20S,10,0,0,0,0,0,0,0,0,0,0,0,0,0,0,0,0,0,0,0,0,0,0,0
101,Hay Al-Rahbah Cplx Branch (MQ),007490065,GLOWRAD,EFFERVECENT TABLETS,,20S,12,0,0,0,0,0,0,0,0,0,0,0,3,0,0,0,0,0,0,0,0,0,0,0
102,Liwa Branch,007490065,GLOWRAD,EFFERVECENT TABLETS,,20S,0,0,0,0,5,0,0,0,0,0,0,0,0,0,0,0,0,0,0,0,0,0,0,0
103,Al Aqar Branch,007490065,GLOWRAD,EFFERVECENT TABLETS,,20S,0,0,0,0,0,0,3,0,7,0,0,0,0,0,0,0,0,0,0,0,0,0,0,0
104,Khaburah Branch,007490065,GLOWRAD,EFFERVECENT TABLETS,,20S,5,0,11,0,0,0,5,0,0,0,0,0,10,0,0,0,0,0,0,0,0,0,0,0
105,Mall of Oman Branch,007490065,GLOWRAD,EFFERVECENT TABLETS,,20S,7,0,0,0,0,0,0,0,10,0,0,0,20,0,0,0,0,0,0,0,0,0,0,0
107,City Centre Branch,007490065,GLOWRAD,EFFERVECENT TABLETS,,20S,9,0,0,0,0,0,0,0,0,0,0,0,11,0,0,0,0,0,0,0,0,0,0,0
118,Safeer-Sohar (Pharmacy) Branch,007490065,GLOWRAD,EFFERVECENT TABLETS,,20S,0,0,10,0,0,0,0,0,28,0,0,0,0,0,0,0,0,0,0,0,0,0,0,0
124,Barka Grand Centre Branch,007490065,GLOWRAD,EFFERVECENT TABLETS,,20S,14,0,0,0,0,0,0,0,0,0,0,0,0,0,0,0,0,0,0,0,0,0,0,0
3202,QARN AL RAWDAH CLINIC,007490065,GLOWRAD,EFFERVECENT TABLETS,,20S,0,0,10,2,0,0,0,0,0,0,0,0,0,0,0,0,0,0,0,0,0,0,0,0
8661,AL MUNEEF PHARMACY,007490065,GLOWRAD,EFFERVECENT TABLETS,,20S,0,0,10,2,0,0,0,0,5,1,0,0,0,0,0,0,0,0,0,0,0,0,0,0
8677,GOLDEN MEDICAL PHARMACY,007490065,GLOWRAD,EFFERVECENT TABLETS,,20S,0,0,10,2,0,0,0,0,0,0,0,0,0,0,0,0,0,0,0,0,0,0,0,0
A316,ALPHA MEDICAL CENTRE,007490065,GLOWRAD,EFFERVECENT TABLETS,,20S,0,0,0,0,10,2,0,0,0,0,0,0,0,0,0,0,0,0,0,0,0,0,0,0
A364,BAWSHAR PHARMACY,007490065,GLOWRAD,EFFERVECENT TABLETS,,20S,0,0,0,0,0,0,1,0,0,0,0,0,0,0,0,0,0,0,0,0,0,0,0,0
A415,ABU BADER AL HOSNI PHARMACY (LIWA),007490065,GLOWRAD,EFFERVECENT TABLETS,,20S,0,0,0,0,5,1,0,0,0,0,0,0,0,0,0,0,0,0,0,0,0,0,0,0
A453,AWAFI PHARMACY,007490065,GLOWRAD,EFFERVECENT TABLETS,,20S,0,0,12,2,0,0,0,0,0,0,0,0,12,2,0,0,0,0,0,0,0,0,0,0
A495,ALYA AL AMERAT PHARMACY,007490065,GLOWRAD,EFFERVECENT TABLETS,,20S,2,0,8,1,0,0,0,0,0,0,0,0,5,1,0,0,0,0,0,0,0,0,0,0
A514,ADLIFE HOSPITAL & PHARMACY LLC.,007490065,GLOWRAD,EFFERVECENT TABLETS,,20S,0,0,0,0,25,5,0,0,0,0,0,0,0,0,0,0,0,0,0,0,0,0,0,0
A551,ANJAAD PHARMACY,007490065,GLOWRAD,EFFERVECENT TABLETS,,20S,0,0,2,0,0,0,0,0,0,0,0,0,2,0,0,0,0,0,0,0,0,0,0,0
A576,AL ATTA'A MEDICAL STORE,007490065,GLOWRAD,EFFERVECENT TABLETS,,20S,50,11,0,0,0,0,0,0,0,0,0,0,0,0,0,0,0,0,0,0,0,0,0,0
A591,ALIF PHARMACY MEBELA,007490065,GLOWRAD,EFFERVECENT TABLETS,,20S,0,0,0,0,2,0,0,0,0,0,0,0,0,0,0,0,0,0,0,0,0,0,0,0
B108,AL BAWARAK PHARMACY,007490065,GLOWRAD,EFFERVECENT TABLETS,,20S,0,0,5,1,0,0,0,0,0,0,0,0,0,0,0,0,0,0,0,0,0,0,0,0
B111,BADAR AL JASHMI-II PHARMACY,007490065,GLOWRAD,EFFERVECENT TABLETS,,20S,0,0,0,0,0,0,12,2,0,0,0,0,0,0,0,0,0,0,0,0,0,0,0,0
B133,BELQEES PHARMACY (MABELLA),007490065,GLOWRAD,EFFERVECENT TABLETS,,20S,6,0,5,1,0,0,10,2,0,0,0,0,0,0,0,0,0,0,0,0,0,0,0,0
B165,AL BAWARAK PHARMACY (Mabellah),007490065,GLOWRAD,EFFERVECENT TABLETS,,20S,0,0,0,0,0,0,6,1,0,0,0,0,0,0,0,0,0,0,0,0,0,0,0,0
B166,AL BAWARAK PHARMACY,007490065,GLOWRAD,EFFERVECENT TABLETS,,20S,5,1,0,0,0,0,0,0,0,0,0,0,0,0,0,0,0,0,0,0,0,0,0,0
B186,BASMAT AL AMAL PHARMACY,007490065,GLOWRAD,EFFERVECENT TABLETS,,20S,0,0,0,0,3,0,0,0,0,0,0,0,0,0,0,0,0,0,0,0,0,0,0,0
B210,AL BURAIMI MODERN PHARMACY,007490065,GLOWRAD,EFFERVECENT TABLETS,,20S,0,0,0,0,6,1,0,0,20,4,0,0,0,0,0,0,0,0,0,0,0,0,0,0
B238,AL BALSAM AL SHAFI PHARMACY,007490065,GLOWRAD,EFFERVECENT TABLETS,,20S,0,0,0,0,5,1,0,0,0,0,0,0,0,0,0,0,0,0,0,0,0,0,0,0
B250,AL AIN PHARMACY (MABELLA-2),007490065,GLOWRAD,EFFERVECENT TABLETS,,20S,0,0,0,0,0,0,6,0,0,0,0,0,0,0,0,0,0,0,0,0,0,0,0,0
C094,COSMED PHARMACY,007490065,GLOWRAD,EFFERVECENT TABLETS,,20S,0,0,0,0,3,0,0,0,0,0,0,0,0,0,0,0,0,0,0,0,0,0,0,0
C912,HVS - Pharma,007490065,GLOWRAD,EFFERVECENT TABLETS,,20S,0,0,0,0,1,0,0,0,0,0,0,0,0,0,0,0,0,0,0,0,0,0,0,0
D114,DELTA PHARMACY MEDICAL STORE,007490065,GLOWRAD,EFFERVECENT TABLETS,,20S,0,0,100,30,100,30,0,0,0,0,0,0,200,70,0,0,0,0,0,0,0,0,0,0
D142,DOLPHIN PHARMACY,007490065,GLOWRAD,EFFERVECENT TABLETS,,20S,0,0,2,0,0,0,0,0,0,0,0,0,0,0,0,0,0,0,0,0,0,0,0,0
D147,DIBBA PHARMACY,007490065,GLOWRAD,EFFERVECENT TABLETS,,20S,2,0,0,0,0,0,5,1,0,0,0,0,0,0,0,0,0,0,0,0,0,0,0,0
D159,DOCTOR MOHAMMED PHARMACY,007490065,GLOWRAD,EFFERVECENT TABLETS,,20S,5,1,0,0,0,0,0,0,0,0,0,0,0,0,0,0,0,0,0,0,0,0,0,0
F126,FAMILY MODERN PHARMACY,007490065,GLOWRAD,EFFERVECENT TABLETS,,20S,0,0,0,0,0,0,0,0,3,0,0,0,0,0,0,0,0,0,0,0,0,0,0,0
F130,FARAH PHARMACY,007490065,GLOWRAD,EFFERVECENT TABLETS,,20S,10,2,0,0,0,0,5,1,0,0,0,0,0,0,0,0,0,0,0,0,0,0,0,0
F142,AL FATEH PHARMACY,007490065,GLOWRAD,EFFERVECENT TABLETS,,20S,0,0,10,2,0,0,0,0,0,0,0,0,0,0,0,0,0,0,0,0,0,0,0,0
F152,AL FANAR PHARMACY,007490065,GLOWRAD,EFFERVECENT TABLETS,,20S,0,0,5,1,0,0,0,0,0,0,0,0,0,0,0,0,0,0,0,0,0,0,0,0
G142,GULF OXYGEN PHARMACY LLC.,007490065,GLOWRAD,EFFERVECENT TABLETS,,20S,0,0,25,5,0,0,0,0,0,0,0,0,0,0,0,0,0,0,0,0,0,0,0,0
H198,AL HARMEEN MODERN PHARMACY (STORES),007490065,GLOWRAD,EFFERVECENT TABLETS,,20S,0,0,0,0,15,3,0,0,1,0,5,1,0,0,0,0,0,0,0,0,0,0,0,0
H205,AL HEKMA PHARMACY (IBRI),007490065,GLOWRAD,EFFERVECENT TABLETS,,20S,0,0,0,0,0,0,2,0,0,0,0,0,0,0,0,0,0,0,0,0,0,0,0,0
H220,HOR EYES PHARMACY,007490065,GLOWRAD,EFFERVECENT TABLETS,,20S,0,0,0,0,2,0,0,0,0,0,0,0,0,0,0,0,0,0,0,0,0,0,0,0
H248,HAYA PHARMACY (FIRQ),007490065,GLOWRAD,EFFERVECENT TABLETS,,20S,0,0,0,0,0,0,0,0,15,3,0,0,0,0,0,0,0,0,0,0,0,0,0,0
H251,HEALTH PHARMACY DRUG STORE,007490065,GLOWRAD,EFFERVECENT TABLETS,,20S,0,0,15,3,0,0,0,0,50,11,50,11,0,0,0,0,0,0,0,0,0,0,0,0
I001,IBN SINA PHARMACY,007490065,GLOWRAD,EFFERVECENT TABLETS,,20S,0,0,5,1,0,0,25,5,0,0,10,2,0,0,0,0,0,0,0,0,0,0,0,0
I035,IBN SALIM PHARMACY ( IBRA ),007490065,GLOWRAD,EFFERVECENT TABLETS,,20S,10,2,10,2,10,2,0,0,10,2,5,1,0,0,0,0,0,0,0,0,0,0,0,0
I049,IBN AL HAITHAM PHARMACY - IBRA,007490065,GLOWRAD,EFFERVECENT TABLETS,,20S,0,0,0,0,2,0,0,0,0,0,0,0,0,0,0,0,0,0,0,0,0,0,0,0
J113,AL JADEED PHARMACY,007490065,GLOWRAD,EFFERVECENT TABLETS,,20S,0,0,0,0,0,0,0,0,2,0,0,0,0,0,0,0,0,0,0,0,0,0,0,0
K166,AL KARAM PHARMACY,007490065,GLOWRAD,EFFERVECENT TABLETS,,20S,0,0,0,0,1,0,0,0,0,0,0,0,0,0,0,0,0,0,0,0,0,0,0,0
L070,LULU PHARMACY (CENTRAL STORES),007490065,GLOWRAD,EFFERVECENT TABLETS,,20S,0,0,0,0,100,24,0,0,0,0,50,0,100,30,0,0,0,0,0,0,0,0,0,0
M001,MAZOON PHARMACY,007490065,GLOWRAD,EFFERVECENT TABLETS,,20S,2,0,0,0,0,0,0,0,0,0,0,0,0,0,0,0,0,0,0,0,0,0,0,0
M011,MUSCAT PHARMACY & STORES SALALAH LLC,007490065,GLOWRAD,EFFERVECENT TABLETS,,20S,0,0,0,0,0,0,0,0,25,5,0,0,0,0,0,0,0,0,0,0,0,0,0,0
M377,MODERN AL SALAMA POLYCLINIC PHY.,007490065,GLOWRAD,EFFERVECENT TABLETS,,20S,0,0,0,0,0,0,0,0,0,0,0,0,10,2,0,0,0,0,0,0,0,0,0,0
M462,MED OASIS PHARMACY,007490065,GLOWRAD,EFFERVECENT TABLETS,,20S,0,0,0,0,0,0,5,1,0,0,0,0,0,0,0,0,0,0,0,0,0,0,0,0
M531,AL MALAZ PHARMACY,007490065,GLOWRAD,EFFERVECENT TABLETS,,20S,0,0,0,0,0,0,0,0,0,0,0,0,2,0,0,0,0,0,0,0,0,0,0,0
M564,MAZAYA PHARMACY,007490065,GLOWRAD,EFFERVECENT TABLETS,,20S,0,0,0,0,0,0,1,0,0,0,0,0,0,0,0,0,0,0,0,0,0,0,0,0
N234,NAIRUZ PHARMACY,007490065,GLOWRAD,EFFERVECENT TABLETS,,20S,0,0,100,24,0,0,0,0,0,0,0,0,0,0,0,0,0,0,0,0,0,0,0,0
N268,NIZWA PHARMACY (Safari Roses),007490065,GLOWRAD,EFFERVECENT TABLETS,,20S,0,0,0,0,2,0,0,0,0,0,0,0,2,0,0,0,0,0,0,0,0,0,0,0
O161,OMEGA PHARMACY,007490065,GLOWRAD,EFFERVECENT TABLETS,,20S,0,0,0,0,0,0,2,0,0,0,0,0,0,0,0,0,0,0,0,0,0,0,0,0
O167,OMAR PHARMACY,007490065,GLOWRAD,EFFERVECENT TABLETS,,20S,0,0,3,0,0,0,0,0,0,0,0,0,0,0,0,0,0,0,0,0,0,0,0,0
O169,OONS PHARMACY,007490065,GLOWRAD,EFFERVECENT TABLETS,,20S,0,0,0,0,0,0,2,0,0,0,0,0,0,0,0,0,0,0,0,0,0,0,0,0
P057,PRIME PHARMACY ONE,007490065,GLOWRAD,EFFERVECENT TABLETS,,20S,0,0,0,0,3,0,0,0,0,0,0,0,0,0,0,0,0,0,0,0,0,0,0,0
P068,PHARMALINA PHARMACY (AL KHOUD),007490065,GLOWRAD,EFFERVECENT TABLETS,,20S,0,0,5,1,0,0,0,0,0,0,0,0,6,1,0,0,0,0,0,0,0,0,0,0
Q056,AL QUDS PHARMACY-BIRAKAT AL MAUZ,007490065,GLOWRAD,EFFERVECENT TABLETS,,20S,0,0,0,0,0,0,10,2,0,0,0,0,0,0,0,0,0,0,0,0,0,0,0,0
R185,ROYAL PHARMACY,007490065,GLOWRAD,EFFERVECENT TABLETS,,20S,5,1,0,0,0,0,0,0,0,0,0,0,0,0,0,0,0,0,0,0,0,0,0,0
S061,BAHWAN HEALTHCARE CENTRE LLC.,007490065,GLOWRAD,EFFERVECENT TABLETS,,20S,0,0,0,0,0,0,0,0,5,1,0,0,5,1,0,0,0,0,0,0,0,0,0,0
S081,SEEB PHARMACY (SEEB),007490065,GLOWRAD,EFFERVECENT TABLETS,,20S,10,2,0,0,0,0,0,0,0,0,0,0,0,0,0,0,0,0,0,0,0,0,0,0
S200,SOHAR PHARMACY - SOHAR,007490065,GLOWRAD,EFFERVECENT TABLETS,,20S,0,0,0,0,0,0,0,0,0,0,0,0,5,1,0,0,0,0,0,0,0,0,0,0
S271,AL SAADI PHARMACY (BIDAYA),007490065,GLOWRAD,EFFERVECENT TABLETS,,20S,0,0,15,3,0,0,0,0,0,0,0,0,0,0,0,0,0,0,0,0,0,0,0,0
S385,AVICEN PHARMACY (AL WANESS BUSINESS INTL.),007490065,GLOWRAD,EFFERVECENT TABLETS,,20S,0,0,300,96,0,0,0,0,0,0,0,0,100,24,0,0,0,0,0,0,0,0,0,0
S523,SPRING PHARMACY,007490065,GLOWRAD,EFFERVECENT TABLETS,,20S,0,0,0,0,2,0,0,0,0,0,0,0,0,0,0,0,0,0,0,0,0,0,0,0
S614,AL SARAF MEDICAL STORE,007490065,GLOWRAD,EFFERVECENT TABLETS,,20S,0,0,10,2,0,0,10,2,10,2,0,0,30,6,0,0,0,0,0,0,0,0,0,0
T115,NEW TAIBA PHARMACY (CENTRAL STORE),007490065,GLOWRAD,EFFERVECENT TABLETS,,20S,0,0,0,0,0,0,50,11,0,0,0,0,0,0,0,0,0,0,0,0,0,0,0,0
U008,UM SALAMA PHARMACY L.L.C.,007490065,GLOWRAD,EFFERVECENT TABLETS,,20S,0,0,0,0,10,2,0,0,0,0,0,0,0,0,0,0,0,0,0,0,0,0,0,0
U016,UM BALQEES NATIONAL CO. LLC,007490065,GLOWRAD,EFFERVECENT TABLETS,,20S,10,2,0,0,10,2,0,0,10,2,0,0,0,0,0,0,0,0,0,0,0,0,0,0
V023,VISTA PHARMA,007490065,GLOWRAD,EFFERVECENT TABLETS,,20S,50,11,0,0,0,0,50,15,0,0,0,0,0,0,0,0,0,0,0,0,0,0,0,0
V027,VAGUS PHARMACY- MABELA,007490065,GLOWRAD,EFFERVECENT TABLETS,,20S,12,2,0,0,0,0,0,0,0,0,0,0,0,0,0,0,0,0,0,0,0,0,0,0
Z065,AL ZAKI PHARMACY,007490065,GLOWRAD,EFFERVECENT TABLETS,,20S,0,0,3,0,0,0,0,0,0,0,2,0,0,0,0,0,0,0,0,0,0,0,0,0
Z073,ZAD PHARMACY,007490065,GLOWRAD,EFFERVECENT TABLETS,,20S,0,0,5,1,0,0,0,0,0,0,0,0,0,0,0,0,0,0,0,0,0,0,0,0
001,Ruwi Branch,007490066,GLYCODEC,EFFERVECENT TABLETS,,20S,0,0,0,0,20,0,0,0,0,0,0,0,0,0,0,0,0,0,0,0,0,0,0,0
003,Al Gobra (Pharmacy) Branch,007490066,GLYCODEC,EFFERVECENT TABLETS,,20S,12,0,0,0,0,0,0,0,0,0,0,0,0,0,0,0,0,0,0,0,0,0,0,0
007,Al Hamra Branch,007490066,GLYCODEC,EFFERVECENT TABLETS,,20S,3,0,0,0,10,0,0,0,0,0,0,0,0,0,0,0,0,0,0,0,0,0,0,0
008,Medinat Qaboos Branch,007490066,GLYCODEC,EFFERVECENT TABLETS,,20S,36,0,0,0,0,0,0,0,0,0,0,0,0,0,0,0,0,0,0,0,0,0,0,0
009,Sohar Branch,007490066,GLYCODEC,EFFERVECENT TABLETS,,20S,0,0,0,0,0,0,0,0,3,0,0,0,0,0,0,0,0,0,0,0,0,0,0,0
010,Nizwa Branch,007490066,GLYCODEC,EFFERVECENT TABLETS,,20S,0,0,26,0,0,0,0,0,0,0,0,0,0,0,0,0,0,0,0,0,0,0,0,0
011,Khasab (Musandam) Branch,007490066,GLYCODEC,EFFERVECENT TABLETS,,20S,11,0,0,0,0,0,10,0,0,0,0,0,0,0,0,0,0,0,0,0,0,0,0,0
012,Musanna Branch,007490066,GLYCODEC,EFFERVECENT TABLETS,,20S,4,0,0,0,0,0,0,0,0,0,0,0,0,0,0,0,0,0,0,0,0,0,0,0
018,Darsait Branch,007490066,GLYCODEC,EFFERVECENT TABLETS,,20S,3,0,0,0,0,0,0,0,0,0,3,0,3,0,0,0,0,0,0,0,0,0,0,0
026,Wadi Kabir Branch,007490066,GLYCODEC,EFFERVECENT TABLETS,,20S,40,0,0,0,0,0,0,0,0,0,0,0,0,0,0,0,0,0,0,0,0,0,0,0
029,Saham Branch,007490066,GLYCODEC,EFFERVECENT TABLETS,,20S,6,0,0,0,0,0,0,0,0,0,0,0,2,0,0,0,0,0,0,0,0,0,0,0
034,Al Suwaiq  Branch,007490066,GLYCODEC,EFFERVECENT TABLETS,,20S,3,0,0,0,0,0,0,0,0,0,0,0,0,0,0,0,0,0,0,0,0,0,0,0
038,Al Bidayah Branch,007490066,GLYCODEC,EFFERVECENT TABLETS,,20S,18,0,1,0,10,0,0,0,0,0,14,0,0,0,0,0,0,0,0,0,0,0,0,0
040,Masirah Branch,007490066,GLYCODEC,EFFERVECENT TABLETS,,20S,12,0,0,0,0,0,0,0,0,0,0,0,0,0,0,0,0,0,0,0,0,0,0,0
041,Al Muzn Mall Branch,007490066,GLYCODEC,EFFERVECENT TABLETS,,20S,3,0,0,0,0,0,0,0,0,0,0,0,0,0,0,0,0,0,0,0,0,0,0,0
042,Muscat Int'l Airport Branch - Landside,007490066,GLYCODEC,EFFERVECENT TABLETS,,20S,0,0,0,0,0,0,10,0,0,0,0,0,0,0,0,0,0,0,0,0,0,0,0,0
043,Muscat Int'l Airport Branch - Airside,007490066,GLYCODEC,EFFERVECENT TABLETS,,20S,3,0,0,0,0,0,0,0,0,0,0,0,0,0,0,0,0,0,0,0,0,0,0,0
044,Safeer (Azaiba) Branch,007490066,GLYCODEC,EFFERVECENT TABLETS,,20S,0,0,3,0,0,0,20,0,0,0,0,0,0,0,0,0,0,0,0,0,0,0,0,0
045,Ibri Sanaya Branch,007490066,GLYCODEC,EFFERVECENT TABLETS,,20S,0,0,0,0,2,0,0,0,0,0,0,0,0,0,0,0,0,0,0,0,0,0,0,0
046,Yanqil Branch,007490066,GLYCODEC,EFFERVECENT TABLETS,,20S,0,0,10,0,0,0,0,0,0,0,0,0,0,0,0,0,0,0,0,0,0,0,0,0
047,Ibra Branch,007490066,GLYCODEC,EFFERVECENT TABLETS,,20S,0,0,1,0,0,0,1,0,0,0,0,0,0,0,0,0,0,0,0,0,0,0,0,0
068,Wadi Hatat Branch,007490066,GLYCODEC,EFFERVECENT TABLETS,,20S,12,0,0,0,0,0,0,0,0,0,0,0,0,0,0,0,0,0,0,0,0,0,0,0
080,Qurum City Centre Branch,007490066,GLYCODEC,EFFERVECENT TABLETS,,20S,3,0,0,0,0,0,0,0,0,0,0,0,6,0,0,0,0,0,0,0,0,0,0,0
081,Rustaq Branch,007490066,GLYCODEC,EFFERVECENT TABLETS,,20S,3,0,0,0,0,0,0,0,0,0,0,0,0,0,0,0,0,0,0,0,0,0,0,0
082,Al Khod Branch,007490066,GLYCODEC,EFFERVECENT TABLETS,,20S,0,0,0,0,0,0,0,0,0,0,0,0,9,0,0,0,0,0,0,0,0,0,0,0
083,Sinaw Branch,007490066,GLYCODEC,EFFERVECENT TABLETS,,20S,3,0,0,0,0,0,0,0,0,0,0,0,0,0,0,0,0,0,0,0,0,0,0,0
084,Bilad Bani Buali Branch,007490066,GLYCODEC,EFFERVECENT TABLETS,,20S,0,0,0,0,0,0,0,0,0,0,2,0,0,0,0,0,0,0,0,0,0,0,0,0
088,Al Sarooj Comm.Centre (Pharmacy),007490066,GLYCODEC,EFFERVECENT TABLETS,,20S,0,0,0,0,0,0,0,0,0,0,0,0,6,0,0,0,0,0,0,0,0,0,0,0
091,Barka Branch,007490066,GLYCODEC,EFFERVECENT TABLETS,,20S,5,0,0,0,0,0,0,0,0,0,0,0,1,0,0,0,0,0,0,0,0,0,0,0
092,Bahla  Branch,007490066,GLYCODEC,EFFERVECENT TABLETS,,20S,0,0,0,0,0,0,0,0,0,0,0,0,5,0,0,0,0,0,0,0,0,0,0,0
097,Al Hail Branch,007490066,GLYCODEC,EFFERVECENT TABLETS,,20S,0,0,0,0,0,0,0,0,0,0,0,0,12,0,0,0,0,0,0,0,0,0,0,0
099,Al-Mawaleh Branch,007490066,GLYCODEC,EFFERVECENT TABLETS,,20S,24,0,0,0,0,0,0,0,0,0,0,0,0,0,0,0,0,0,0,0,0,0,0,0
101,Hay Al-Rahbah Cplx Branch (MQ),007490066,GLYCODEC,EFFERVECENT TABLETS,,20S,7,0,0,0,0,0,0,0,0,0,0,0,0,0,0,0,0,0,0,0,0,0,0,0
104,Khaburah Branch,007490066,GLYCODEC,EFFERVECENT TABLETS,,20S,0,0,0,0,0,0,0,0,5,0,0,0,0,0,0,0,0,0,0,0,0,0,0,0
105,Mall of Oman Branch,007490066,GLYCODEC,EFFERVECENT TABLETS,,20S,6,0,0,0,0,0,0,0,0,0,0,0,0,0,0,0,0,0,0,0,0,0,0,0
118,Safeer-Sohar (Pharmacy) Branch,007490066,GLYCODEC,EFFERVECENT TABLETS,,20S,0,0,0,0,6,0,0,0,0,0,0,0,10,0,0,0,0,0,0,0,0,0,0,0
124,Barka Grand Centre Branch,007490066,GLYCODEC,EFFERVECENT TABLETS,,20S,2,0,0,0,0,0,0,0,0,0,0,0,0,0,0,0,0,0,0,0,0,0,0,0
A495,ALYA AL AMERAT PHARMACY,007490066,GLYCODEC,EFFERVECENT TABLETS,,20S,0,0,2,0,0,0,0,0,0,0,0,0,5,1,0,0,0,0,0,0,0,0,0,0
B133,BELQEES PHARMACY (MABELLA),007490066,GLYCODEC,EFFERVECENT TABLETS,,20S,0,0,0,0,0,0,10,2,0,0,0,0,0,0,0,0,0,0,0,0,0,0,0,0
B186,BASMAT AL AMAL PHARMACY,007490066,GLYCODEC,EFFERVECENT TABLETS,,20S,0,0,2,0,0,0,0,0,0,0,0,0,0,0,0,0,0,0,0,0,0,0,0,0
B250,AL AIN PHARMACY (MABELLA-2),007490066,GLYCODEC,EFFERVECENT TABLETS,,20S,0,0,0,0,0,0,2,0,0,0,0,0,0,0,0,0,0,0,0,0,0,0,0,0
D159,DOCTOR MOHAMMED PHARMACY,007490066,GLYCODEC,EFFERVECENT TABLETS,,20S,5,1,0,0,0,0,0,0,0,0,0,0,0,0,0,0,0,0,0,0,0,0,0,0
F142,AL FATEH PHARMACY,007490066,GLYCODEC,EFFERVECENT TABLETS,,20S,0,0,10,2,0,0,0,0,0,0,0,0,0,0,0,0,0,0,0,0,0,0,0,0
H245,HAYYAK PHARMACY,007490066,GLYCODEC,EFFERVECENT TABLETS,,20S,2,0,0,0,0,0,0,0,0,0,0,0,0,0,0,0,0,0,0,0,0,0,0,0
I001,IBN SINA PHARMACY,007490066,GLYCODEC,EFFERVECENT TABLETS,,20S,0,0,5,1,0,0,0,0,0,0,0,0,0,0,0,0,0,0,0,0,0,0,0,0
K166,AL KARAM PHARMACY,007490066,GLYCODEC,EFFERVECENT TABLETS,,20S,0,0,0,0,1,0,0,0,0,0,0,0,0,0,0,0,0,0,0,0,0,0,0,0
M001,MAZOON PHARMACY,007490066,GLYCODEC,EFFERVECENT TABLETS,,20S,2,0,0,0,0,0,0,0,0,0,0,0,0,0,0,0,0,0,0,0,0,0,0,0
M304,NEW BEHLA PHARMACY - AL MAWALAH,007490066,GLYCODEC,EFFERVECENT TABLETS,,20S,0,0,5,1,0,0,0,0,0,0,0,0,0,0,0,0,0,0,0,0,0,0,0,0
M535,AL MEEZAN PHARMACY,007490066,GLYCODEC,EFFERVECENT TABLETS,,20S,0,0,0,0,0,0,0,0,2,0,0,0,0,0,0,0,0,0,0,0,0,0,0,0
U016,UM BALQEES NATIONAL CO. LLC,007490066,GLYCODEC,EFFERVECENT TABLETS,,20S,0,0,0,0,0,0,10,2,0,0,0,0,0,0,0,0,0,0,0,0,0,0,0,0
003,Al Gobra (Pharmacy) Branch,007490068,FLEXVIT (STRAWBERRY FLAVOUR),EFFERVESCENT TABS,,20S,0,0,0,0,0,0,0,0,12,0,0,0,42,0,0,0,0,0,0,0,0,0,0,0
009,Sohar Branch,007490068,FLEXVIT (STRAWBERRY FLAVOUR),EFFERVESCENT TABS,,20S,0,0,0,0,0,0,0,0,0,0,0,0,10,0,5,0,0,0,0,0,0,0,0,0
011,Khasab (Musandam) Branch,007490068,FLEXVIT (STRAWBERRY FLAVOUR),EFFERVESCENT TABS,,20S,0,0,0,0,0,0,0,0,10,0,0,0,0,0,38,0,0,0,0,0,0,0,0,0
018,Darsait Branch,007490068,FLEXVIT (STRAWBERRY FLAVOUR),EFFERVESCENT TABS,,20S,0,0,0,0,0,0,0,0,0,0,6,0,0,0,0,0,0,0,0,0,0,0,0,0
025,Qurum  Branch,007490068,FLEXVIT (STRAWBERRY FLAVOUR),EFFERVESCENT TABS,,20S,0,0,0,0,0,0,0,0,6,0,0,0,3,0,0,0,0,0,0,0,0,0,0,0
026,Wadi Kabir Branch,007490068,FLEXVIT (STRAWBERRY FLAVOUR),EFFERVESCENT TABS,,20S,0,0,0,0,0,0,0,0,9,0,0,0,0,0,0,0,0,0,0,0,0,0,0,0
034,Al Suwaiq  Branch,007490068,FLEXVIT (STRAWBERRY FLAVOUR),EFFERVESCENT TABS,,20S,0,0,0,0,0,0,0,0,0,0,0,0,0,0,10,0,0,0,0,0,0,0,0,0
038,Al Bidayah Branch,007490068,FLEXVIT (STRAWBERRY FLAVOUR),EFFERVESCENT TABS,,20S,0,0,0,0,0,0,0,0,0,0,20,0,0,0,0,0,0,0,0,0,0,0,0,0
043,Muscat Int'l Airport Branch - Airside,007490068,FLEXVIT (STRAWBERRY FLAVOUR),EFFERVESCENT TABS,,20S,0,0,0,0,0,0,0,0,6,0,0,0,0,0,7,0,0,0,0,0,0,0,0,0
045,Ibri Sanaya Branch,007490068,FLEXVIT (STRAWBERRY FLAVOUR),EFFERVESCENT TABS,,20S,0,0,0,0,0,0,0,0,10,0,0,0,0,0,0,0,0,0,0,0,0,0,0,0
046,Yanqil Branch,007490068,FLEXVIT (STRAWBERRY FLAVOUR),EFFERVESCENT TABS,,20S,0,0,0,0,0,0,0,0,10,0,10,0,0,0,0,0,0,0,0,0,0,0,0,0
080,Qurum City Centre Branch,007490068,FLEXVIT (STRAWBERRY FLAVOUR),EFFERVESCENT TABS,,20S,0,0,0,0,0,0,0,0,6,0,0,0,20,0,0,0,0,0,0,0,0,0,0,0
081,Rustaq Branch,007490068,FLEXVIT (STRAWBERRY FLAVOUR),EFFERVESCENT TABS,,20S,0,0,0,0,0,0,0,0,0,0,0,0,8,0,0,0,0,0,0,0,0,0,0,0
082,Al Khod Branch,007490068,FLEXVIT (STRAWBERRY FLAVOUR),EFFERVESCENT TABS,,20S,0,0,0,0,0,0,0,0,4,0,0,0,6,0,0,0,0,0,0,0,0,0,0,0
087,Hamriya Branch,007490068,FLEXVIT (STRAWBERRY FLAVOUR),EFFERVESCENT TABS,,20S,0,0,0,0,0,0,0,0,30,0,0,0,0,0,0,0,0,0,0,0,0,0,0,0
091,Barka Branch,007490068,FLEXVIT (STRAWBERRY FLAVOUR),EFFERVESCENT TABS,,20S,0,0,0,0,0,0,0,0,10,0,0,0,0,0,0,0,0,0,0,0,0,0,0,0
092,Bahla  Branch,007490068,FLEXVIT (STRAWBERRY FLAVOUR),EFFERVESCENT TABS,,20S,0,0,0,0,0,0,0,0,0,0,0,0,10,0,0,0,0,0,0,0,0,0,0,0
093,Ruwi High Street Branch,007490068,FLEXVIT (STRAWBERRY FLAVOUR),EFFERVESCENT TABS,,20S,0,0,0,0,0,0,0,0,0,0,0,0,7,0,0,0,0,0,0,0,0,0,0,0
097,Al Hail Branch,007490068,FLEXVIT (STRAWBERRY FLAVOUR),EFFERVESCENT TABS,,20S,0,0,0,0,0,0,0,0,6,0,0,0,6,0,0,0,0,0,0,0,0,0,0,0
099,Al-Mawaleh Branch,007490068,FLEXVIT (STRAWBERRY FLAVOUR),EFFERVESCENT TABS,,20S,0,0,0,0,0,0,0,0,20,0,0,0,0,0,0,0,0,0,0,0,0,0,0,0
101,Hay Al-Rahbah Cplx Branch (MQ),007490068,FLEXVIT (STRAWBERRY FLAVOUR),EFFERVESCENT TABS,,20S,0,0,0,0,0,0,0,0,6,0,0,0,0,0,0,0,0,0,0,0,0,0,0,0
102,Liwa Branch,007490068,FLEXVIT (STRAWBERRY FLAVOUR),EFFERVESCENT TABS,,20S,0,0,0,0,0,0,0,0,0,0,0,0,0,0,30,0,0,0,0,0,0,0,0,0
104,Khaburah Branch,007490068,FLEXVIT (STRAWBERRY FLAVOUR),EFFERVESCENT TABS,,20S,0,0,0,0,0,0,0,0,4,0,0,0,20,0,0,0,0,0,0,0,0,0,0,0
105,Mall of Oman Branch,007490068,FLEXVIT (STRAWBERRY FLAVOUR),EFFERVESCENT TABS,,20S,0,0,0,0,0,0,0,0,0,0,0,0,10,0,0,0,0,0,0,0,0,0,0,0
118,Safeer-Sohar (Pharmacy) Branch,007490068,FLEXVIT (STRAWBERRY FLAVOUR),EFFERVESCENT TABS,,20S,0,0,0,0,0,0,0,0,0,0,0,0,10,0,0,0,0,0,0,0,0,0,0,0
8525,SIGMA PHARMACY (NAKHAL),007490068,FLEXVIT (STRAWBERRY FLAVOUR),EFFERVESCENT TABS,,20S,0,0,0,0,0,0,0,0,0,0,0,0,5,1,0,0,0,0,0,0,0,0,0,0
A495,ALYA AL AMERAT PHARMACY,007490068,FLEXVIT (STRAWBERRY FLAVOUR),EFFERVESCENT TABS,,20S,0,0,0,0,0,0,0,0,0,0,0,0,5,1,0,0,0,0,0,0,0,0,0,0
A517,EVA PHARMACY,007490068,FLEXVIT (STRAWBERRY FLAVOUR),EFFERVESCENT TABS,,20S,0,0,0,0,0,0,0,0,8,1,3,0,0,0,0,0,0,0,0,0,0,0,0,0
A592,AMLA PHARMACY MUSANNAH,007490068,FLEXVIT (STRAWBERRY FLAVOUR),EFFERVESCENT TABS,,20S,0,0,0,0,0,0,0,0,0,0,0,0,1,0,0,0,0,0,0,0,0,0,0,0
B133,BELQEES PHARMACY (MABELLA),007490068,FLEXVIT (STRAWBERRY FLAVOUR),EFFERVESCENT TABS,,20S,0,0,0,0,0,0,0,0,0,0,0,0,5,1,0,0,0,0,0,0,0,0,0,0
F130,FARAH PHARMACY,007490068,FLEXVIT (STRAWBERRY FLAVOUR),EFFERVESCENT TABS,,20S,0,0,0,0,0,0,0,0,0,0,2,0,7,1,0,0,0,0,0,0,0,0,0,0
J111,JANNATH PHARMACY,007490068,FLEXVIT (STRAWBERRY FLAVOUR),EFFERVESCENT TABS,,20S,0,0,0,0,0,0,0,0,0,0,0,0,5,1,0,0,0,0,0,0,0,0,0,0
M377,MODERN AL SALAMA POLYCLINIC PHY.,007490068,FLEXVIT (STRAWBERRY FLAVOUR),EFFERVESCENT TABS,,20S,0,0,0,0,0,0,0,0,0,0,0,0,10,2,0,0,0,0,0,0,0,0,0,0
N215,NMC MEDICAL STORES,007490068,FLEXVIT (STRAWBERRY FLAVOUR),EFFERVESCENT TABS,,20S,0,0,0,0,0,0,0,0,100,24,0,0,0,0,0,0,0,0,0,0,0,0,0,0
S226,SCIENTIFIC PHARMACY,007490068,FLEXVIT (STRAWBERRY FLAVOUR),EFFERVESCENT TABS,,20S,0,0,0,0,0,0,0,0,100,30,0,0,0,0,0,0,0,0,0,0,0,0,0,0
T115,NEW TAIBA PHARMACY (CENTRAL STORE),007490068,FLEXVIT (STRAWBERRY FLAVOUR),EFFERVESCENT TABS,,20S,0,0,0,0,0,0,0,0,50,11,0,0,0,0,0,0,0,0,0,0,0,0,0,0
V023,VISTA PHARMA,007490068,FLEXVIT (STRAWBERRY FLAVOUR),EFFERVESCENT TABS,,20S,0,0,0,0,0,0,0,0,0,0,0,0,50,17,0,0,0,0,0,0,0,0,0,0
001,Ruwi Branch,007490070,FLUVIT,TABLETS,,30S,0,0,5,0,0,0,0,0,0,0,0,0,0,0,0,0,0,0,0,0,0,0,0,0
003,Al Gobra (Pharmacy) Branch,007490070,FLUVIT,TABLETS,,30S,0,0,0,0,40,0,0,0,0,0,0,0,0,0,0,0,0,0,0,0,0,0,0,0
004,Al Rusayl Branch (Near SQUH),007490070,FLUVIT,TABLETS,,30S,0,0,0,0,1,0,0,0,0,0,0,0,0,0,0,0,0,0,0,0,0,0,0,0
007,Al Hamra Branch,007490070,FLUVIT,TABLETS,,30S,0,0,0,0,5,0,0,0,0,0,0,0,0,0,0,0,0,0,0,0,0,0,0,0
008,Medinat Qaboos Branch,007490070,FLUVIT,TABLETS,,30S,12,0,0,0,0,0,0,0,0,0,0,0,0,0,0,0,0,0,0,0,0,0,0,0
010,Nizwa Branch,007490070,FLUVIT,TABLETS,,30S,0,0,13,0,0,0,0,0,0,0,0,0,0,0,0,0,0,0,0,0,0,0,0,0
011,Khasab (Musandam) Branch,007490070,FLUVIT,TABLETS,,30S,10,0,0,0,0,0,0,0,0,0,0,0,0,0,0,0,0,0,0,0,0,0,0,0
018,Darsait Branch,007490070,FLUVIT,TABLETS,,30S,6,0,0,0,3,0,0,0,0,0,0,0,0,0,0,0,0,0,0,0,0,0,0,0
026,Wadi Kabir Branch,007490070,FLUVIT,TABLETS,,30S,40,0,0,0,0,0,0,0,0,0,0,0,0,0,0,0,0,0,0,0,0,0,0,0
029,Saham Branch,007490070,FLUVIT,TABLETS,,30S,6,0,0,0,0,0,0,0,0,0,0,0,0,0,0,0,0,0,0,0,0,0,0,0
031,Al Sawadi Branch,007490070,FLUVIT,TABLETS,,30S,0,0,0,0,2,0,0,0,0,0,0,0,0,0,0,0,0,0,0,0,0,0,0,0
032,Al Khuwair Branch,007490070,FLUVIT,TABLETS,,30S,0,0,9,0,0,0,0,0,10,0,0,0,0,0,0,0,0,0,0,0,0,0,0,0
033,Al Kamel Branch,007490070,FLUVIT,TABLETS,,30S,18,0,0,0,0,0,0,0,0,0,0,0,0,0,0,0,0,0,0,0,0,0,0,0
034,Al Suwaiq  Branch,007490070,FLUVIT,TABLETS,,30S,2,0,0,0,0,0,0,0,0,0,0,0,0,0,2,0,0,0,0,0,0,0,0,0
038,Al Bidayah Branch,007490070,FLUVIT,TABLETS,,30S,4,0,0,0,0,0,0,0,0,0,0,0,0,0,0,0,0,0,0,0,0,0,0,0
039,Seeb Branch,007490070,FLUVIT,TABLETS,,30S,0,0,0,0,0,0,0,0,0,0,0,0,6,0,0,0,0,0,0,0,0,0,0,0
040,Masirah Branch,007490070,FLUVIT,TABLETS,,30S,12,0,0,0,0,0,0,0,0,0,0,0,0,0,0,0,0,0,0,0,0,0,0,0
041,Al Muzn Mall Branch,007490070,FLUVIT,TABLETS,,30S,0,0,6,0,0,0,0,0,0,0,0,0,0,0,0,0,0,0,0,0,0,0,0,0
042,Muscat Int'l Airport Branch - Landside,007490070,FLUVIT,TABLETS,,30S,1,0,0,0,5,0,0,0,0,0,0,0,0,0,0,0,0,0,0,0,0,0,0,0
043,Muscat Int'l Airport Branch - Airside,007490070,FLUVIT,TABLETS,,30S,3,0,0,0,0,0,0,0,0,0,0,0,0,0,0,0,0,0,0,0,0,0,0,0
044,Safeer (Azaiba) Branch,007490070,FLUVIT,TABLETS,,30S,0,0,0,0,10,0,0,0,0,0,0,0,0,0,0,0,0,0,0,0,0,0,0,0
045,Ibri Sanaya Branch,007490070,FLUVIT,TABLETS,,30S,0,0,4,0,0,0,0,0,0,0,0,0,0,0,0,0,0,0,0,0,0,0,0,0
046,Yanqil Branch,007490070,FLUVIT,TABLETS,,30S,1,0,0,0,0,0,0,0,0,0,0,0,0,0,0,0,0,0,0,0,0,0,0,0
068,Wadi Hatat Branch,007490070,FLUVIT,TABLETS,,30S,24,0,0,0,0,0,0,0,0,0,0,0,0,0,0,0,0,0,0,0,0,0,0,0
080,Qurum City Centre Branch,007490070,FLUVIT,TABLETS,,30S,6,0,0,0,0,0,0,0,0,0,0,0,0,0,0,0,0,0,0,0,0,0,0,0
081,Rustaq Branch,007490070,FLUVIT,TABLETS,,30S,2,0,0,0,0,0,0,0,0,0,0,0,0,0,0,0,0,0,0,0,0,0,0,0
082,Al Khod Branch,007490070,FLUVIT,TABLETS,,30S,0,0,0,0,0,0,0,0,0,0,0,0,5,0,0,0,0,0,0,0,0,0,0,0
083,Sinaw Branch,007490070,FLUVIT,TABLETS,,30S,0,0,10,0,0,0,0,0,0,0,0,0,0,0,0,0,0,0,0,0,0,0,0,0
091,Barka Branch,007490070,FLUVIT,TABLETS,,30S,10,0,0,0,0,0,0,0,0,0,0,0,0,0,0,0,0,0,0,0,0,0,0,0
092,Bahla  Branch,007490070,FLUVIT,TABLETS,,30S,0,0,0,0,0,0,0,0,0,0,0,0,4,0,0,0,0,0,0,0,0,0,0,0
093,Ruwi High Street Branch,007490070,FLUVIT,TABLETS,,30S,2,0,5,0,0,0,0,0,0,0,0,0,0,0,0,0,0,0,0,0,0,0,0,0
094,Buraimi Branch,007490070,FLUVIT,TABLETS,,30S,5,0,0,0,0,0,0,0,0,0,0,0,0,0,0,0,0,0,0,0,0,0,0,0
097,Al Hail Branch,007490070,FLUVIT,TABLETS,,30S,0,0,0,0,0,0,0,0,0,0,0,0,10,0,0,0,0,0,0,0,0,0,0,0
098,Al Meera Al Amerat Branch,007490070,FLUVIT,TABLETS,,30S,24,0,0,0,0,0,0,0,0,0,0,0,0,0,0,0,0,0,0,0,0,0,0,0
101,Hay Al-Rahbah Cplx Branch (MQ),007490070,FLUVIT,TABLETS,,30S,0,0,10,0,0,0,0,0,0,0,0,0,0,0,0,0,0,0,0,0,0,0,0,0
102,Liwa Branch,007490070,FLUVIT,TABLETS,,30S,0,0,0,0,0,0,0,0,0,0,0,0,0,0,3,0,0,0,0,0,0,0,0,0
105,Mall of Oman Branch,007490070,FLUVIT,TABLETS,,30S,6,0,0,0,0,0,6,0,0,0,0,0,0,0,0,0,0,0,0,0,0,0,0,0
118,Safeer-Sohar (Pharmacy) Branch,007490070,FLUVIT,TABLETS,,30S,5,0,0,0,0,0,0,0,0,0,0,0,0,0,0,0,0,0,0,0,0,0,0,0
124,Barka Grand Centre Branch,007490070,FLUVIT,TABLETS,,30S,6,0,0,0,0,0,0,0,0,0,0,0,0,0,0,0,0,0,0,0,0,0,0,0
B250,AL AIN PHARMACY (MABELLA-2),007490070,FLUVIT,TABLETS,,30S,0,0,0,0,0,0,3,0,0,0,0,0,0,0,0,0,0,0,0,0,0,0,0,0
C912,HVS - Pharma,007490070,FLUVIT,TABLETS,,30S,0,0,0,0,2,0,0,0,0,0,2,0,0,0,0,0,0,0,0,0,0,0,0,0
E023,KCA DEUTAG ENERGY LLC.,007490070,FLUVIT,TABLETS,,30S,0,0,0,0,0,0,25,0,10,0,19,0,11,0,0,0,0,0,0,0,0,0,0,0
F126,FAMILY MODERN PHARMACY,007490070,FLUVIT,TABLETS,,30S,0,0,0,0,0,0,0,0,1,0,0,0,0,0,0,0,0,0,0,0,0,0,0,0
H251,HEALTH PHARMACY DRUG STORE,007490070,FLUVIT,TABLETS,,30S,0,0,50,11,0,0,0,0,0,0,0,0,0,0,0,0,0,0,0,0,0,0,0,0
I001,IBN SINA PHARMACY,007490070,FLUVIT,TABLETS,,30S,0,0,5,1,0,0,0,0,0,0,10,2,0,0,0,0,0,0,0,0,0,0,0,0
I123,IBN AL DHAHABI NEW PHARMACY,007490070,FLUVIT,TABLETS,,30S,0,0,0,0,0,0,0,0,0,0,1,0,0,0,0,0,0,0,0,0,0,0,0,0
J113,AL JADEED PHARMACY,007490070,FLUVIT,TABLETS,,30S,0,0,0,0,2,0,0,0,0,0,0,0,0,0,0,0,0,0,0,0,0,0,0,0
K166,AL KARAM PHARMACY,007490070,FLUVIT,TABLETS,,30S,0,0,0,0,1,0,0,0,0,0,0,0,0,0,0,0,0,0,0,0,0,0,0,0
M011,MUSCAT PHARMACY & STORES SALALAH LLC,007490070,FLUVIT,TABLETS,,30S,25,5,0,0,0,0,0,0,0,0,0,0,25,5,0,0,0,0,0,0,0,0,0,0
M462,MED OASIS PHARMACY,007490070,FLUVIT,TABLETS,,30S,0,0,0,0,0,0,10,2,0,0,0,0,0,0,0,0,0,0,0,0,0,0,0,0
N077,NATIONAL DRILLING & SERVICES L L C,007490070,FLUVIT,TABLETS,,30S,0,0,0,0,0,0,0,0,0,0,0,0,10,0,0,0,0,0,0,0,0,0,0,0
N268,NIZWA PHARMACY (Safari Roses),007490070,FLUVIT,TABLETS,,30S,0,0,0,0,2,0,0,0,0,0,0,0,0,0,0,0,0,0,0,0,0,0,0,0
O167,OMAR PHARMACY,007490070,FLUVIT,TABLETS,,30S,0,0,2,0,0,0,0,0,0,0,0,0,0,0,0,0,0,0,0,0,0,0,0,0
O169,OONS PHARMACY,007490070,FLUVIT,TABLETS,,30S,0,0,0,0,0,0,3,0,0,0,0,0,0,0,0,0,0,0,0,0,0,0,0,0
P059,PREMIUM PHARMACY,007490070,FLUVIT,TABLETS,,30S,0,0,0,0,0,0,0,0,3,0,0,0,0,0,0,0,0,0,0,0,0,0,0,0
S360,AL BUSHRA MEDICAL SPECIALTY COMPLEX,007490070,FLUVIT,TABLETS,,30S,0,0,7,1,0,0,0,0,0,0,0,0,0,0,0,0,0,0,0,0,0,0,0,0
U016,UM BALQEES NATIONAL CO. LLC,007490070,FLUVIT,TABLETS,,30S,0,0,0,0,0,0,0,0,0,0,0,0,5,1,0,0,0,0,0,0,0,0,0,0
003,Al Gobra (Pharmacy) Branch,007490080,IMMUNO C EXTRA,SACHETS,,10S,0,0,0,0,6,0,0,0,0,0,6,0,42,0,0,0,0,0,0,0,0,0,0,0
005,Wadi Kabir (Opp: Al Maha Pump) Br.,007490080,IMMUNO C EXTRA,SACHETS,,10S,0,0,20,0,0,0,0,0,0,0,0,0,0,0,0,0,0,0,0,0,0,0,0,0
007,Al Hamra Branch,007490080,IMMUNO C EXTRA,SACHETS,,10S,0,0,0,0,10,0,0,0,0,0,0,0,0,0,0,0,0,0,0,0,0,0,0,0
008,Medinat Qaboos Branch,007490080,IMMUNO C EXTRA,SACHETS,,10S,12,0,0,0,0,0,0,0,0,0,0,0,0,0,0,0,0,0,0,0,0,0,0,0
009,Sohar Branch,007490080,IMMUNO C EXTRA,SACHETS,,10S,0,0,3,0,0,0,0,0,0,0,6,0,0,0,0,0,0,0,0,0,0,0,0,0
010,Nizwa Branch,007490080,IMMUNO C EXTRA,SACHETS,,10S,0,0,14,0,0,0,0,0,4,0,0,0,0,0,0,0,0,0,0,0,0,0,0,0
011,Khasab (Musandam) Branch,007490080,IMMUNO C EXTRA,SACHETS,,10S,2,0,0,0,0,0,0,0,0,0,0,0,0,0,0,0,0,0,0,0,0,0,0,0
012,Musanna Branch,007490080,IMMUNO C EXTRA,SACHETS,,10S,0,0,6,0,0,0,0,0,0,0,0,0,0,0,0,0,0,0,0,0,0,0,0,0
018,Darsait Branch,007490080,IMMUNO C EXTRA,SACHETS,,10S,3,0,0,0,0,0,6,0,0,0,0,0,0,0,0,0,0,0,0,0,0,0,0,0
024,Greater Muttrah Branch,007490080,IMMUNO C EXTRA,SACHETS,,10S,5,0,0,0,0,0,0,0,0,0,0,0,0,0,0,0,0,0,0,0,0,0,0,0
026,Wadi Kabir Branch,007490080,IMMUNO C EXTRA,SACHETS,,10S,3,0,0,0,0,0,0,0,0,0,0,0,1,0,0,0,0,0,0,0,0,0,0,0
029,Saham Branch,007490080,IMMUNO C EXTRA,SACHETS,,10S,0,0,0,0,0,0,0,0,0,0,0,0,70,0,0,0,0,0,0,0,0,0,0,0
031,Al Sawadi Branch,007490080,IMMUNO C EXTRA,SACHETS,,10S,0,0,0,0,3,0,0,0,0,0,0,0,0,0,0,0,0,0,0,0,0,0,0,0
032,Al Khuwair Branch,007490080,IMMUNO C EXTRA,SACHETS,,10S,0,0,0,0,0,0,4,0,0,0,15,0,0,0,0,0,0,0,0,0,0,0,0,0
034,Al Suwaiq  Branch,007490080,IMMUNO C EXTRA,SACHETS,,10S,49,0,0,0,0,0,0,0,0,0,0,0,0,0,0,0,0,0,0,0,0,0,0,0
038,Al Bidayah Branch,007490080,IMMUNO C EXTRA,SACHETS,,10S,0,0,10,0,4,0,0,0,0,0,0,0,0,0,0,0,0,0,0,0,0,0,0,0
039,Seeb Branch,007490080,IMMUNO C EXTRA,SACHETS,,10S,0,0,0,0,0,0,0,0,0,0,0,0,12,0,0,0,0,0,0,0,0,0,0,0
040,Masirah Branch,007490080,IMMUNO C EXTRA,SACHETS,,10S,24,0,6,0,0,0,0,0,0,0,0,0,0,0,0,0,0,0,0,0,0,0,0,0
042,Muscat Int'l Airport Branch - Landside,007490080,IMMUNO C EXTRA,SACHETS,,10S,0,0,0,0,0,0,0,0,0,0,0,0,4,0,0,0,0,0,0,0,0,0,0,0
044,Safeer (Azaiba) Branch,007490080,IMMUNO C EXTRA,SACHETS,,10S,0,0,10,0,0,0,0,0,0,0,0,0,0,0,0,0,0,0,0,0,0,0,0,0
045,Ibri Sanaya Branch,007490080,IMMUNO C EXTRA,SACHETS,,10S,0,0,0,0,8,0,0,0,0,0,0,0,0,0,0,0,0,0,0,0,0,0,0,0
046,Yanqil Branch,007490080,IMMUNO C EXTRA,SACHETS,,10S,0,0,0,0,6,0,0,0,0,0,0,0,0,0,0,0,0,0,0,0,0,0,0,0
047,Ibra Branch,007490080,IMMUNO C EXTRA,SACHETS,,10S,0,0,0,0,0,0,0,0,0,0,0,0,2,0,0,0,0,0,0,0,0,0,0,0
048,Sur Branch,007490080,IMMUNO C EXTRA,SACHETS,,10S,0,0,0,0,0,0,0,0,0,0,0,0,6,0,0,0,0,0,0,0,0,0,0,0
068,Wadi Hatat Branch,007490080,IMMUNO C EXTRA,SACHETS,,10S,12,0,0,0,0,0,0,0,0,0,0,0,0,0,0,0,0,0,0,0,0,0,0,0
080,Qurum City Centre Branch,007490080,IMMUNO C EXTRA,SACHETS,,10S,120,0,0,0,0,0,0,0,0,0,0,0,6,0,0,0,0,0,0,0,0,0,0,0
081,Rustaq Branch,007490080,IMMUNO C EXTRA,SACHETS,,10S,0,0,0,0,0,0,0,0,0,0,0,0,6,0,0,0,0,0,0,0,0,0,0,0
082,Al Khod Branch,007490080,IMMUNO C EXTRA,SACHETS,,10S,0,0,0,0,0,0,0,0,0,0,0,0,5,0,0,0,0,0,0,0,0,0,0,0
083,Sinaw Branch,007490080,IMMUNO C EXTRA,SACHETS,,10S,0,0,30,0,0,0,0,0,0,0,0,0,0,0,0,0,0,0,0,0,0,0,0,0
084,Bilad Bani Buali Branch,007490080,IMMUNO C EXTRA,SACHETS,,10S,0,0,0,0,0,0,0,0,0,0,0,0,8,0,0,0,0,0,0,0,0,0,0,0
090,Muttrah Branch,007490080,IMMUNO C EXTRA,SACHETS,,10S,0,0,3,0,0,0,0,0,0,0,2,0,0,0,0,0,0,0,0,0,0,0,0,0
091,Barka Branch,007490080,IMMUNO C EXTRA,SACHETS,,10S,15,0,0,0,0,0,0,0,0,0,0,0,0,0,0,0,0,0,0,0,0,0,0,0
092,Bahla  Branch,007490080,IMMUNO C EXTRA,SACHETS,,10S,2,0,1,0,0,0,0,0,0,0,0,0,4,0,0,0,0,0,0,0,0,0,0,0
094,Buraimi Branch,007490080,IMMUNO C EXTRA,SACHETS,,10S,11,0,0,0,0,0,0,0,0,0,0,0,0,0,0,0,0,0,0,0,0,0,0,0
097,Al Hail Branch,007490080,IMMUNO C EXTRA,SACHETS,,10S,0,0,0,0,0,0,0,0,0,0,0,0,6,0,0,0,0,0,0,0,0,0,0,0
098,Al Meera Al Amerat Branch,007490080,IMMUNO C EXTRA,SACHETS,,10S,12,0,0,0,0,0,0,0,0,0,0,0,0,0,0,0,0,0,0,0,0,0,0,0
099,Al-Mawaleh Branch,007490080,IMMUNO C EXTRA,SACHETS,,10S,0,0,0,0,3,0,0,0,0,0,0,0,0,0,0,0,0,0,0,0,0,0,0,0
100,Mabela Branch,007490080,IMMUNO C EXTRA,SACHETS,,10S,0,0,0,0,0,0,0,0,0,0,4,0,0,0,0,0,0,0,0,0,0,0,0,0
101,Hay Al-Rahbah Cplx Branch (MQ),007490080,IMMUNO C EXTRA,SACHETS,,10S,0,0,4,0,0,0,0,0,0,0,0,0,0,0,0,0,0,0,0,0,0,0,0,0
102,Liwa Branch,007490080,IMMUNO C EXTRA,SACHETS,,10S,0,0,0,0,0,0,0,0,0,0,0,0,0,0,3,0,0,0,0,0,0,0,0,0
104,Khaburah Branch,007490080,IMMUNO C EXTRA,SACHETS,,10S,0,0,3,0,0,0,0,0,0,0,0,0,0,0,0,0,0,0,0,0,0,0,0,0
105,Mall of Oman Branch,007490080,IMMUNO C EXTRA,SACHETS,,10S,5,0,0,0,0,0,6,0,20,0,0,0,10,0,0,0,0,0,0,0,0,0,0,0
118,Safeer-Sohar (Pharmacy) Branch,007490080,IMMUNO C EXTRA,SACHETS,,10S,0,0,2,0,0,0,20,0,0,0,0,0,0,0,0,0,0,0,0,0,0,0,0,0
124,Barka Grand Centre Branch,007490080,IMMUNO C EXTRA,SACHETS,,10S,120,0,0,0,0,0,0,0,0,0,0,0,0,0,0,0,0,0,0,0,0,0,0,0
A591,ALIF PHARMACY MEBELA,007490080,IMMUNO C EXTRA,SACHETS,,10S,0,0,0,0,0,0,0,0,0,0,1,0,0,0,0,0,0,0,0,0,0,0,0,0
A592,AMLA PHARMACY MUSANNAH,007490080,IMMUNO C EXTRA,SACHETS,,10S,0,0,0,0,0,0,0,0,0,0,0,0,1,0,0,0,0,0,0,0,0,0,0,0
B132,BELQEES PHARMACY (AL KHOUD - II),007490080,IMMUNO C EXTRA,SACHETS,,10S,0,0,1,0,0,0,0,0,0,0,0,0,0,0,0,0,0,0,0,0,0,0,0,0
B165,AL BAWARAK PHARMACY (Mabellah),007490080,IMMUNO C EXTRA,SACHETS,,10S,0,0,0,0,0,0,3,0,0,0,0,0,0,0,0,0,0,0,0,0,0,0,0,0
B210,AL BURAIMI MODERN PHARMACY,007490080,IMMUNO C EXTRA,SACHETS,,10S,0,0,0,0,0,0,0,0,10,2,0,0,0,0,0,0,0,0,0,0,0,0,0,0
C056,CORDOBA PHARMACY,007490080,IMMUNO C EXTRA,SACHETS,,10S,0,0,1,0,0,0,0,0,0,0,0,0,0,0,0,0,0,0,0,0,0,0,0,0
C094,COSMED PHARMACY,007490080,IMMUNO C EXTRA,SACHETS,,10S,0,0,3,0,0,0,0,0,0,0,0,0,0,0,0,0,0,0,0,0,0,0,0,0
C912,HVS - Pharma,007490080,IMMUNO C EXTRA,SACHETS,,10S,0,0,0,0,2,0,0,0,0,0,0,0,0,0,0,0,0,0,0,0,0,0,0,0
D147,DIBBA PHARMACY,007490080,IMMUNO C EXTRA,SACHETS,,10S,2,0,0,0,0,0,0,0,0,0,0,0,0,0,0,0,0,0,0,0,0,0,0,0
F126,FAMILY MODERN PHARMACY,007490080,IMMUNO C EXTRA,SACHETS,,10S,0,0,0,0,0,0,0,0,2,0,0,0,0,0,0,0,0,0,0,0,0,0,0,0
H236,HELENA PHARMACY,007490080,IMMUNO C EXTRA,SACHETS,,10S,0,0,1,0,0,0,0,0,0,0,0,0,0,0,0,0,0,0,0,0,0,0,0,0
I001,IBN SINA PHARMACY,007490080,IMMUNO C EXTRA,SACHETS,,10S,0,0,5,1,0,0,0,0,0,0,0,0,0,0,0,0,0,0,0,0,0,0,0,0
M011,MUSCAT PHARMACY & STORES SALALAH LLC,007490080,IMMUNO C EXTRA,SACHETS,,10S,25,5,0,0,0,0,0,0,0,0,0,0,25,5,0,0,0,0,0,0,0,0,0,0
M304,NEW BEHLA PHARMACY - AL MAWALAH,007490080,IMMUNO C EXTRA,SACHETS,,10S,0,0,10,2,0,0,0,0,0,0,0,0,0,0,0,0,0,0,0,0,0,0,0,0
M535,AL MEEZAN PHARMACY,007490080,IMMUNO C EXTRA,SACHETS,,10S,0,0,5,1,0,0,0,0,0,0,0,0,0,0,0,0,0,0,0,0,0,0,0,0
O167,OMAR PHARMACY,007490080,IMMUNO C EXTRA,SACHETS,,10S,0,0,3,0,0,0,0,0,0,0,0,0,0,0,0,0,0,0,0,0,0,0,0,0
O169,OONS PHARMACY,007490080,IMMUNO C EXTRA,SACHETS,,10S,0,0,0,0,0,0,3,0,0,0,0,0,0,0,0,0,0,0,0,0,0,0,0,0
P059,PREMIUM PHARMACY,007490080,IMMUNO C EXTRA,SACHETS,,10S,0,0,5,1,0,0,0,0,0,0,0,0,0,0,0,0,0,0,0,0,0,0,0,0
S360,AL BUSHRA MEDICAL SPECIALTY COMPLEX,007490080,IMMUNO C EXTRA,SACHETS,,10S,5,1,0,0,0,0,0,0,0,0,0,0,0,0,0,0,0,0,0,0,0,0,0,0
U016,UM BALQEES NATIONAL CO. LLC,007490080,IMMUNO C EXTRA,SACHETS,,10S,0,0,0,0,0,0,0,0,0,0,0,0,5,1,0,0,0,0,0,0,0,0,0,0
V023,VISTA PHARMA,007490080,IMMUNO C EXTRA,SACHETS,,10S,0,0,50,11,0,0,0,0,0,0,0,0,0,0,0,0,0,0,0,0,0,0,0,0
Z065,AL ZAKI PHARMACY,007490080,IMMUNO C EXTRA,SACHETS,,10S,0,0,0,0,0,0,5,1,5,1,15,3,0,0,0,0,0,0,0,0,0,0,0,0
001,Ruwi Branch,007490085,IROFIZZ,EFFERVESCENT TABLETS,,20S,0,0,0,0,0,0,0,0,0,0,1,0,2,0,0,0,0,0,0,0,0,0,0,0
003,Al Gobra (Pharmacy) Branch,007490085,IROFIZZ,EFFERVESCENT TABLETS,,20S,12,0,0,0,12,0,0,0,12,0,0,0,22,0,0,0,0,0,0,0,0,0,0,0
004,Al Rusayl Branch (Near SQUH),007490085,IROFIZZ,EFFERVESCENT TABLETS,,20S,0,0,0,0,0,0,3,0,0,0,0,0,0,0,0,0,0,0,0,0,0,0,0,0
005,Wadi Kabir (Opp: Al Maha Pump) Br.,007490085,IROFIZZ,EFFERVESCENT TABLETS,,20S,0,0,0,0,0,0,0,0,0,0,2,0,0,0,0,0,0,0,0,0,0,0,0,0
007,Al Hamra Branch,007490085,IROFIZZ,EFFERVESCENT TABLETS,,20S,0,0,0,0,10,0,0,0,0,0,0,0,0,0,0,0,0,0,0,0,0,0,0,0
008,Medinat Qaboos Branch,007490085,IROFIZZ,EFFERVESCENT TABLETS,,20S,28,0,0,0,0,0,0,0,0,0,0,0,0,0,0,0,0,0,0,0,0,0,0,0
009,Sohar Branch,007490085,IROFIZZ,EFFERVESCENT TABLETS,,20S,0,0,0,0,0,0,3,0,6,0,0,0,15,0,0,0,0,0,0,0,0,0,0,0
010,Nizwa Branch,007490085,IROFIZZ,EFFERVESCENT TABLETS,,20S,0,0,5,0,5,0,0,0,0,0,0,0,0,0,0,0,0,0,0,0,0,0,0,0
011,Khasab (Musandam) Branch,007490085,IROFIZZ,EFFERVESCENT TABLETS,,20S,6,0,15,0,0,0,10,0,0,0,0,0,0,0,0,0,0,0,0,0,0,0,0,0
012,Musanna Branch,007490085,IROFIZZ,EFFERVESCENT TABLETS,,20S,4,0,0,0,0,0,0,0,0,0,0,0,0,0,0,0,0,0,0,0,0,0,0,0
018,Darsait Branch,007490085,IROFIZZ,EFFERVESCENT TABLETS,,20S,9,0,0,0,0,0,0,0,0,0,0,0,0,0,0,0,0,0,0,0,0,0,0,0
025,Qurum  Branch,007490085,IROFIZZ,EFFERVESCENT TABLETS,,20S,6,0,0,0,0,0,0,0,0,0,0,0,0,0,0,0,0,0,0,0,0,0,0,0
026,Wadi Kabir Branch,007490085,IROFIZZ,EFFERVESCENT TABLETS,,20S,46,0,0,0,0,0,0,0,0,0,0,0,0,0,0,0,0,0,0,0,0,0,0,0
028,Ibri Murtafa Branch,007490085,IROFIZZ,EFFERVESCENT TABLETS,,20S,0,0,0,0,1,0,0,0,0,0,0,0,0,0,0,0,0,0,0,0,0,0,0,0
029,Saham Branch,007490085,IROFIZZ,EFFERVESCENT TABLETS,,20S,6,0,0,0,0,0,0,0,0,0,0,0,8,0,0,0,0,0,0,0,0,0,0,0
031,Al Sawadi Branch,007490085,IROFIZZ,EFFERVESCENT TABLETS,,20S,3,0,0,0,0,0,0,0,0,0,0,0,0,0,0,0,0,0,0,0,0,0,0,0
032,Al Khuwair Branch,007490085,IROFIZZ,EFFERVESCENT TABLETS,,20S,3,0,5,0,10,0,0,0,10,0,5,0,0,0,0,0,0,0,0,0,0,0,0,0
033,Al Kamel Branch,007490085,IROFIZZ,EFFERVESCENT TABLETS,,20S,22,0,0,0,0,0,0,0,0,0,0,0,5,0,0,0,0,0,0,0,0,0,0,0
034,Al Suwaiq  Branch,007490085,IROFIZZ,EFFERVESCENT TABLETS,,20S,3,0,10,0,0,0,0,0,0,0,0,0,0,0,7.5,0,0,0,0,0,0,0,0,0
038,Al Bidayah Branch,007490085,IROFIZZ,EFFERVESCENT TABLETS,,20S,10,0,0,0,10,0,0,0,0,0,14,0,5,0,0,0,0,0,0,0,0,0,0,0
039,Seeb Branch,007490085,IROFIZZ,EFFERVESCENT TABLETS,,20S,0,0,0,0,0,0,0,0,0,0,3,0,0,0,0,0,0,0,0,0,0,0,0,0
040,Masirah Branch,007490085,IROFIZZ,EFFERVESCENT TABLETS,,20S,12,0,0,0,12,0,10,0,3,0,0,0,0,0,0,0,0,0,0,0,0,0,0,0
041,Al Muzn Mall Branch,007490085,IROFIZZ,EFFERVESCENT TABLETS,,20S,2,0,0,0,7,0,0,0,0,0,0,0,0,0,0,0,0,0,0,0,0,0,0,0
042,Muscat Int'l Airport Branch - Landside,007490085,IROFIZZ,EFFERVESCENT TABLETS,,20S,0,0,20,0,0,0,0,0,0,0,0,0,0,0,0,0,0,0,0,0,0,0,0,0
043,Muscat Int'l Airport Branch - Airside,007490085,IROFIZZ,EFFERVESCENT TABLETS,,20S,6,0,0,0,0,0,0,0,0,0,0,0,0,0,0,0,0,0,0,0,0,0,0,0
044,Safeer (Azaiba) Branch,007490085,IROFIZZ,EFFERVESCENT TABLETS,,20S,7,0,0,0,0,0,20,0,0,0,0,0,0,0,0,0,0,0,0,0,0,0,0,0
045,Ibri Sanaya Branch,007490085,IROFIZZ,EFFERVESCENT TABLETS,,20S,0,0,0,0,3,0,2,0,0,0,0,0,0,0,0,0,0,0,0,0,0,0,0,0
046,Yanqil Branch,007490085,IROFIZZ,EFFERVESCENT TABLETS,,20S,0,0,0,0,0,0,3,0,0,0,10,0,0,0,0,0,0,0,0,0,0,0,0,0
047,Ibra Branch,007490085,IROFIZZ,EFFERVESCENT TABLETS,,20S,6,0,0,0,0,0,0,0,0,0,0,0,0,0,0,0,0,0,0,0,0,0,0,0
048,Sur Branch,007490085,IROFIZZ,EFFERVESCENT TABLETS,,20S,0,0,0,0,0,0,0,0,0,0,0,0,10,0,0,0,0,0,0,0,0,0,0,0
068,Wadi Hatat Branch,007490085,IROFIZZ,EFFERVESCENT TABLETS,,20S,12,0,0,0,0,0,0,0,0,0,0,0,0,0,0,0,0,0,0,0,0,0,0,0
080,Qurum City Centre Branch,007490085,IROFIZZ,EFFERVESCENT TABLETS,,20S,6,0,0,0,0,0,0,0,10,0,0,0,10,0,0,0,0,0,0,0,0,0,0,0
081,Rustaq Branch,007490085,IROFIZZ,EFFERVESCENT TABLETS,,20S,4,0,5,0,0,0,0,0,2,0,0,0,9,0,0,0,0,0,0,0,0,0,0,0
082,Al Khod Branch,007490085,IROFIZZ,EFFERVESCENT TABLETS,,20S,0,0,0,0,0,0,0,0,0,0,0,0,15,0,0,0,0,0,0,0,0,0,0,0
083,Sinaw Branch,007490085,IROFIZZ,EFFERVESCENT TABLETS,,20S,0,0,13,0,0,0,0,0,0,0,0,0,10,0,0,0,0,0,0,0,0,0,0,0
084,Bilad Bani Buali Branch,007490085,IROFIZZ,EFFERVESCENT TABLETS,,20S,6,0,0,0,0,0,0,0,0,0,0,0,3,0,0,0,0,0,0,0,0,0,0,0
087,Hamriya Branch,007490085,IROFIZZ,EFFERVESCENT TABLETS,,20S,0,0,0,0,0,0,0,0,0,0,0,0,5,0,0,0,0,0,0,0,0,0,0,0
088,Al Sarooj Comm.Centre (Pharmacy),007490085,IROFIZZ,EFFERVESCENT TABLETS,,20S,28,0,0,0,0,0,0,0,0,0,0,0,30,0,0,0,0,0,0,0,0,0,0,0
090,Muttrah Branch,007490085,IROFIZZ,EFFERVESCENT TABLETS,,20S,7,0,0,0,0,0,0,0,0,0,0,0,0,0,0,0,0,0,0,0,0,0,0,0
091,Barka Branch,007490085,IROFIZZ,EFFERVESCENT TABLETS,,20S,5,0,0,0,0,0,0,0,0,0,10,0,0,0,0,0,0,0,0,0,0,0,0,0
092,Bahla  Branch,007490085,IROFIZZ,EFFERVESCENT TABLETS,,20S,3,0,3,0,6,0,0,0,0,0,0,0,5,0,0,0,0,0,0,0,0,0,0,0
093,Ruwi High Street Branch,007490085,IROFIZZ,EFFERVESCENT TABLETS,,20S,1,0,2,0,0,0,0,0,0,0,0,0,10,0,0,0,0,0,0,0,0,0,0,0
094,Buraimi Branch,007490085,IROFIZZ,EFFERVESCENT TABLETS,,20S,9,0,0,0,0,0,0,0,5,0,0,0,0,0,0,0,0,0,0,0,0,0,0,0
097,Al Hail Branch,007490085,IROFIZZ,EFFERVESCENT TABLETS,,20S,12,0,0,0,0,0,0,0,5,0,0,0,12,0,0,0,0,0,0,0,0,0,0,0
098,Al Meera Al Amerat Branch,007490085,IROFIZZ,EFFERVESCENT TABLETS,,20S,24,0,0,0,0,0,0,0,0,0,0,0,0,0,0,0,0,0,0,0,0,0,0,0
099,Al-Mawaleh Branch,007490085,IROFIZZ,EFFERVESCENT TABLETS,,20S,0,0,12,0,14,0,5,0,0,0,5,0,0,0,15,0,0,0,0,0,0,0,0,0
100,Mabela Branch,007490085,IROFIZZ,EFFERVESCENT TABLETS,,20S,10,0,0,0,0,0,0,0,0,0,0,0,0,0,0,0,0,0,0,0,0,0,0,0
101,Hay Al-Rahbah Cplx Branch (MQ),007490085,IROFIZZ,EFFERVESCENT TABLETS,,20S,12,0,0,0,0,0,0,0,0,0,0,0,0,0,0,0,0,0,0,0,0,0,0,0
102,Liwa Branch,007490085,IROFIZZ,EFFERVESCENT TABLETS,,20S,0,0,0,0,0,0,0,0,10,0,0,0,0,0,0,0,0,0,0,0,0,0,0,0
104,Khaburah Branch,007490085,IROFIZZ,EFFERVESCENT TABLETS,,20S,5,0,0,0,0,0,0,0,0,0,0,0,0,0,0,0,0,0,0,0,0,0,0,0
105,Mall of Oman Branch,007490085,IROFIZZ,EFFERVESCENT TABLETS,,20S,20,0,0,0,0,0,0,0,10,0,0,0,9,0,0,0,0,0,0,0,0,0,0,0
118,Safeer-Sohar (Pharmacy) Branch,007490085,IROFIZZ,EFFERVESCENT TABLETS,,20S,0,0,0,0,5,0,0,0,0,0,0,0,20,0,0,0,0,0,0,0,0,0,0,0
124,Barka Grand Centre Branch,007490085,IROFIZZ,EFFERVESCENT TABLETS,,20S,6,0,0,0,0,0,0,0,0,0,0,0,0,0,0,0,0,0,0,0,0,0,0,0
3202,QARN AL RAWDAH CLINIC,007490085,IROFIZZ,EFFERVESCENT TABLETS,,20S,0,0,5,1,0,0,0,0,0,0,0,0,0,0,0,0,0,0,0,0,0,0,0,0
8661,AL MUNEEF PHARMACY,007490085,IROFIZZ,EFFERVESCENT TABLETS,,20S,0,0,2,0,0,0,0,0,0,0,0,0,0,0,0,0,0,0,0,0,0,0,0,0
A495,ALYA AL AMERAT PHARMACY,007490085,IROFIZZ,EFFERVESCENT TABLETS,,20S,5,0,0,0,0,0,2,0,1,0,0,0,10,2,0,0,0,0,0,0,0,0,0,0
A546,ABAQ AL SHAHAD PHARMACY,007490085,IROFIZZ,EFFERVESCENT TABLETS,,20S,0,0,0,0,0,0,0,0,0,0,0,0,5,1,0,0,0,0,0,0,0,0,0,0
A591,ALIF PHARMACY MEBELA,007490085,IROFIZZ,EFFERVESCENT TABLETS,,20S,0,0,0,0,2,0,0,0,0,0,0,0,0,0,0,0,0,0,0,0,0,0,0,0
B108,AL BAWARAK PHARMACY,007490085,IROFIZZ,EFFERVESCENT TABLETS,,20S,0,0,0,0,0,0,5,1,5,1,0,0,0,0,0,0,0,0,0,0,0,0,0,0
B111,BADAR AL JASHMI-II PHARMACY,007490085,IROFIZZ,EFFERVESCENT TABLETS,,20S,0,0,0,0,10,2,0,0,0,0,0,0,25,5,0,0,0,0,0,0,0,0,0,0
B165,AL BAWARAK PHARMACY (Mabellah),007490085,IROFIZZ,EFFERVESCENT TABLETS,,20S,0,0,0,0,0,0,3,0,0,0,12,2,0,0,0,0,0,0,0,0,0,0,0,0
C094,COSMED PHARMACY,007490085,IROFIZZ,EFFERVESCENT TABLETS,,20S,0,0,0,0,2,0,0,0,0,0,0,0,0,0,0,0,0,0,0,0,0,0,0,0
C912,HVS - Pharma,007490085,IROFIZZ,EFFERVESCENT TABLETS,,20S,0,0,0,0,2,0,0,0,0,0,0,0,0,0,0,0,0,0,0,0,0,0,0,0
C964,HITEN P DOSHI (STAFF #1273),007490085,IROFIZZ,EFFERVESCENT TABLETS,,20S,0,0,0,0,0,0,0,0,0,0,6,1,0,0,0,0,0,0,0,0,0,0,0,0
D142,DOLPHIN PHARMACY,007490085,IROFIZZ,EFFERVESCENT TABLETS,,20S,0,0,2,0,0,0,0,0,0,0,0,0,0,0,0,0,0,0,0,0,0,0,0,0
D153,DAR AL DAWAA PHARMACY - SOHAR,007490085,IROFIZZ,EFFERVESCENT TABLETS,,20S,0,0,5,1,0,0,0,0,5,1,0,0,0,0,0,0,0,0,0,0,0,0,0,0
F126,FAMILY MODERN PHARMACY,007490085,IROFIZZ,EFFERVESCENT TABLETS,,20S,0,0,0,0,0,0,0,0,1,0,0,0,0,0,0,0,0,0,0,0,0,0,0,0
F130,FARAH PHARMACY,007490085,IROFIZZ,EFFERVESCENT TABLETS,,20S,0,0,0,0,0,0,0,0,0,0,2,0,0,0,0,0,0,0,0,0,0,0,0,0
F142,AL FATEH PHARMACY,007490085,IROFIZZ,EFFERVESCENT TABLETS,,20S,0,0,10,2,0,0,0,0,0,0,0,0,0,0,0,0,0,0,0,0,0,0,0,0
H245,HAYYAK PHARMACY,007490085,IROFIZZ,EFFERVESCENT TABLETS,,20S,2,0,0,0,0,0,0,0,0,0,0,0,0,0,0,0,0,0,0,0,0,0,0,0
H251,HEALTH PHARMACY DRUG STORE,007490085,IROFIZZ,EFFERVESCENT TABLETS,,20S,0,0,10,2,0,0,25,5,0,0,25,5,0,0,0,0,0,0,0,0,0,0,0,0
I001,IBN SINA PHARMACY,007490085,IROFIZZ,EFFERVESCENT TABLETS,,20S,0,0,5,1,0,0,6,1,0,0,10,2,0,0,0,0,0,0,0,0,0,0,0,0
I035,IBN SALIM PHARMACY ( IBRA ),007490085,IROFIZZ,EFFERVESCENT TABLETS,,20S,0,0,0,0,10,2,0,0,0,0,0,0,0,0,0,0,0,0,0,0,0,0,0,0
I082,IBN SALEEM PHARMACY (MUDHAIBI),007490085,IROFIZZ,EFFERVESCENT TABLETS,,20S,0,0,0,0,2,0,0,0,0,0,0,0,0,0,0,0,0,0,0,0,0,0,0,0
I123,IBN AL DHAHABI NEW PHARMACY,007490085,IROFIZZ,EFFERVESCENT TABLETS,,20S,0,0,0,0,0,0,0,0,0,0,1,0,0,0,0,0,0,0,0,0,0,0,0,0
J044,AL JABRY PHARMACY (STORES),007490085,IROFIZZ,EFFERVESCENT TABLETS,,20S,0,0,0,0,0,0,0,0,0,0,0,0,10,2,0,0,0,0,0,0,0,0,0,0
J111,JANNATH PHARMACY,007490085,IROFIZZ,EFFERVESCENT TABLETS,,20S,0,0,0,0,0,0,0,0,5,1,0,0,5,1,0,0,0,0,0,0,0,0,0,0
L070,LULU PHARMACY (CENTRAL STORES),007490085,IROFIZZ,EFFERVESCENT TABLETS,,20S,0,0,0,0,0,0,100,24,0,0,0,0,0,0,0,0,0,0,0,0,0,0,0,0
M001,MAZOON PHARMACY,007490085,IROFIZZ,EFFERVESCENT TABLETS,,20S,2,0,0,0,0,0,0,0,0,0,0,0,0,0,0,0,0,0,0,0,0,0,0,0
M304,NEW BEHLA PHARMACY - AL MAWALAH,007490085,IROFIZZ,EFFERVESCENT TABLETS,,20S,0,0,0,0,5,1,0,0,0,0,0,0,0,0,0,0,0,0,0,0,0,0,0,0
M462,MED OASIS PHARMACY,007490085,IROFIZZ,EFFERVESCENT TABLETS,,20S,0,0,0,0,0,0,10,2,0,0,0,0,0,0,0,0,0,0,0,0,0,0,0,0
M535,AL MEEZAN PHARMACY,007490085,IROFIZZ,EFFERVESCENT TABLETS,,20S,0,0,0,0,0,0,3,0,0,0,0,0,0,0,0,0,0,0,0,0,0,0,0,0
N111,AL NOOR MEDICAL COMPLEX,007490085,IROFIZZ,EFFERVESCENT TABLETS,,20S,0,0,10,2,0,0,0,0,0,0,0,0,0,0,0,0,0,0,0,0,0,0,0,0
O166,OZONE PHARMACY BEHLA,007490085,IROFIZZ,EFFERVESCENT TABLETS,,20S,0,0,0,0,20,4,0,0,0,0,0,0,0,0,0,0,0,0,0,0,0,0,0,0
O167,OMAR PHARMACY,007490085,IROFIZZ,EFFERVESCENT TABLETS,,20S,0,0,3,0,0,0,0,0,0,0,0,0,0,0,0,0,0,0,0,0,0,0,0,0
S271,AL SAADI PHARMACY (BIDAYA),007490085,IROFIZZ,EFFERVESCENT TABLETS,,20S,0,0,15,3,0,0,0,0,0,0,0,0,0,0,0,0,0,0,0,0,0,0,0,0
S360,AL BUSHRA MEDICAL SPECIALTY COMPLEX,007490085,IROFIZZ,EFFERVESCENT TABLETS,,20S,0,0,0,0,0,0,0,0,2,0,0,0,0,0,0,0,0,0,0,0,0,0,0,0
U016,UM BALQEES NATIONAL CO. LLC,007490085,IROFIZZ,EFFERVESCENT TABLETS,,20S,0,0,10,2,0,0,10,2,0,0,0,0,0,0,0,0,0,0,0,0,0,0,0,0
V023,VISTA PHARMA,007490085,IROFIZZ,EFFERVESCENT TABLETS,,20S,50,11,0,0,0,0,0,0,0,0,0,0,0,0,0,0,0,0,0,0,0,0,0,0
004,Al Rusayl Branch (Near SQUH),007490120,MENOCARE,SOFTGEL CAPSULES,,30S,0,0,0,0,0,0,0,0,0,0,2,0,0,0,0,0,0,0,0,0,0,0,0,0
005,Wadi Kabir (Opp: Al Maha Pump) Br.,007490120,MENOCARE,SOFTGEL CAPSULES,,30S,0,0,2,0,0,0,0,0,0,0,0,0,0,0,0,0,0,0,0,0,0,0,0,0
007,Al Hamra Branch,007490120,MENOCARE,SOFTGEL CAPSULES,,30S,0,0,0,0,5,0,0,0,0,0,0,0,0,0,0,0,0,0,0,0,0,0,0,0
008,Medinat Qaboos Branch,007490120,MENOCARE,SOFTGEL CAPSULES,,30S,12,0,0,0,0,0,0,0,0,0,0,0,0,0,0,0,0,0,0,0,0,0,0,0
009,Sohar Branch,007490120,MENOCARE,SOFTGEL CAPSULES,,30S,0,0,5,0,0,0,0,0,30,0,0,0,0,0,0,0,0,0,0,0,0,0,0,0
010,Nizwa Branch,007490120,MENOCARE,SOFTGEL CAPSULES,,30S,0,0,10,0,0,0,0,0,0,0,0,0,0,0,0,0,0,0,0,0,0,0,0,0
011,Khasab (Musandam) Branch,007490120,MENOCARE,SOFTGEL CAPSULES,,30S,3,0,0,0,0,0,0,0,0,0,0,0,0,0,0,0,0,0,0,0,0,0,0,0
012,Musanna Branch,007490120,MENOCARE,SOFTGEL CAPSULES,,30S,0,0,3,0,0,0,0,0,0,0,0,0,0,0,0,0,0,0,0,0,0,0,0,0
018,Darsait Branch,007490120,MENOCARE,SOFTGEL CAPSULES,,30S,3,0,0,0,1,0,1,0,0,0,3,0,0,0,0,0,0,0,0,0,0,0,0,0
026,Wadi Kabir Branch,007490120,MENOCARE,SOFTGEL CAPSULES,,30S,40,0,0,0,0,0,0,0,0,0,0,0,0,0,0,0,0,0,0,0,0,0,0,0
029,Saham Branch,007490120,MENOCARE,SOFTGEL CAPSULES,,30S,0,0,0,0,0,0,0,0,0,0,2,0,0,0,0,0,0,0,0,0,0,0,0,0
032,Al Khuwair Branch,007490120,MENOCARE,SOFTGEL CAPSULES,,30S,0,0,0,0,8,0,0,0,0,0,0,0,0,0,0,0,0,0,0,0,0,0,0,0
033,Al Kamel Branch,007490120,MENOCARE,SOFTGEL CAPSULES,,30S,9,0,0,0,0,0,0,0,0,0,0,0,0,0,0,0,0,0,0,0,0,0,0,0
034,Al Suwaiq  Branch,007490120,MENOCARE,SOFTGEL CAPSULES,,30S,2,0,0,0,0,0,0,0,0,0,0,0,0,0,0,0,0,0,0,0,0,0,0,0
038,Al Bidayah Branch,007490120,MENOCARE,SOFTGEL CAPSULES,,30S,4,0,0,0,0,0,0,0,0,0,0,0,3,0,0,0,0,0,0,0,0,0,0,0
039,Seeb Branch,007490120,MENOCARE,SOFTGEL CAPSULES,,30S,0,0,0,0,0,0,0,0,0,0,0,0,4,0,0,0,0,0,0,0,0,0,0,0
040,Masirah Branch,007490120,MENOCARE,SOFTGEL CAPSULES,,30S,6,0,0,0,0,0,0,0,0,0,0,0,0,0,0,0,0,0,0,0,0,0,0,0
041,Al Muzn Mall Branch,007490120,MENOCARE,SOFTGEL CAPSULES,,30S,0,0,0,0,0,0,0,0,0,0,0,0,3,0,0,0,0,0,0,0,0,0,0,0
042,Muscat Int'l Airport Branch - Landside,007490120,MENOCARE,SOFTGEL CAPSULES,,30S,14,0,0,0,0,0,0,0,0,0,0,0,0,0,0,0,0,0,0,0,0,0,0,0
044,Safeer (Azaiba) Branch,007490120,MENOCARE,SOFTGEL CAPSULES,,30S,0,0,0,0,3,0,6,0,0,0,0,0,0,0,0,0,0,0,0,0,0,0,0,0
045,Ibri Sanaya Branch,007490120,MENOCARE,SOFTGEL CAPSULES,,30S,0,0,2,0,0,0,1,0,0,0,0,0,0,0,0,0,0,0,0,0,0,0,0,0
046,Yanqil Branch,007490120,MENOCARE,SOFTGEL CAPSULES,,30S,0,0,0,0,3,0,0,0,0,0,0,0,0,0,0,0,0,0,0,0,0,0,0,0
047,Ibra Branch,007490120,MENOCARE,SOFTGEL CAPSULES,,30S,0,0,3,0,0,0,0,0,0,0,0,0,0,0,0,0,0,0,0,0,0,0,0,0
068,Wadi Hatat Branch,007490120,MENOCARE,SOFTGEL CAPSULES,,30S,12,0,0,0,0,0,0,0,0,0,0,0,0,0,0,0,0,0,0,0,0,0,0,0
080,Qurum City Centre Branch,007490120,MENOCARE,SOFTGEL CAPSULES,,30S,4,0,0,0,0,0,0,0,0,0,0,0,0,0,0,0,0,0,0,0,0,0,0,0
082,Al Khod Branch,007490120,MENOCARE,SOFTGEL CAPSULES,,30S,2,0,0,0,0,0,0,0,0,0,0,0,0,0,0,0,0,0,0,0,0,0,0,0
083,Sinaw Branch,007490120,MENOCARE,SOFTGEL CAPSULES,,30S,0,0,10,0,0,0,0,0,0,0,0,0,0,0,0,0,0,0,0,0,0,0,0,0
084,Bilad Bani Buali Branch,007490120,MENOCARE,SOFTGEL CAPSULES,,30S,0,0,0,0,0,0,0,0,0,0,0,0,5,0,0,0,0,0,0,0,0,0,0,0
090,Muttrah Branch,007490120,MENOCARE,SOFTGEL CAPSULES,,30S,0,0,3,0,0,0,0,0,0,0,0,0,0,0,0,0,0,0,0,0,0,0,0,0
091,Barka Branch,007490120,MENOCARE,SOFTGEL CAPSULES,,30S,8,0,0,0,0,0,0,0,0,0,0,0,0,0,0,0,0,0,0,0,0,0,0,0
093,Ruwi High Street Branch,007490120,MENOCARE,SOFTGEL CAPSULES,,30S,0,0,1,0,0,0,0,0,0,0,0,0,0,0,0,0,0,0,0,0,0,0,0,0
094,Buraimi Branch,007490120,MENOCARE,SOFTGEL CAPSULES,,30S,1,0,0,0,0,0,0,0,0,0,0,0,0,0,0,0,0,0,0,0,0,0,0,0
097,Al Hail Branch,007490120,MENOCARE,SOFTGEL CAPSULES,,30S,0,0,0,0,0,0,0,0,0,0,0,0,6,0,0,0,0,0,0,0,0,0,0,0
098,Al Meera Al Amerat Branch,007490120,MENOCARE,SOFTGEL CAPSULES,,30S,12,0,0,0,0,0,0,0,0,0,0,0,0,0,0,0,0,0,0,0,0,0,0,0
101,Hay Al-Rahbah Cplx Branch (MQ),007490120,MENOCARE,SOFTGEL CAPSULES,,30S,0,0,4,0,0,0,0,0,0,0,0,0,0,0,0,0,0,0,0,0,0,0,0,0
102,Liwa Branch,007490120,MENOCARE,SOFTGEL CAPSULES,,30S,0,0,0,0,0,0,0,0,0,0,0,0,0,0,4,0,0,0,0,0,0,0,0,0
105,Mall of Oman Branch,007490120,MENOCARE,SOFTGEL CAPSULES,,30S,6,0,0,0,0,0,0,0,0,0,0,0,0,0,0,0,0,0,0,0,0,0,0,0
107,City Centre Branch,007490120,MENOCARE,SOFTGEL CAPSULES,,30S,0,0,0,0,0,0,0,0,8,0,6,0,0,0,0,0,0,0,0,0,0,0,0,0
118,Safeer-Sohar (Pharmacy) Branch,007490120,MENOCARE,SOFTGEL CAPSULES,,30S,0,0,3,0,3,0,0,0,0,0,0,0,0,0,0,0,0,0,0,0,0,0,0,0
124,Barka Grand Centre Branch,007490120,MENOCARE,SOFTGEL CAPSULES,,30S,2,0,0,0,0,0,0,0,0,0,0,0,0,0,0,0,0,0,0,0,0,0,0,0
4415,AL ENAYA PHARMACY,007490120,MENOCARE,SOFTGEL CAPSULES,,30S,0,0,0,0,0,0,15,3,0,0,0,0,0,0,0,0,0,0,0,0,0,0,0,0
A592,AMLA PHARMACY MUSANNAH,007490120,MENOCARE,SOFTGEL CAPSULES,,30S,0,0,0,0,0,0,0,0,0,0,0,0,1,0,0,0,0,0,0,0,0,0,0,0
B133,BELQEES PHARMACY (MABELLA),007490120,MENOCARE,SOFTGEL CAPSULES,,30S,1,0,0,0,0,0,0,0,0,0,0,0,0,0,0,0,0,0,0,0,0,0,0,0
B250,AL AIN PHARMACY (MABELLA-2),007490120,MENOCARE,SOFTGEL CAPSULES,,30S,0,0,0,0,0,0,2,0,0,0,0,0,0,0,0,0,0,0,0,0,0,0,0,0
C056,CORDOBA PHARMACY,007490120,MENOCARE,SOFTGEL CAPSULES,,30S,0,0,1,0,0,0,0,0,0,0,0,0,0,0,0,0,0,0,0,0,0,0,0,0
D159,DOCTOR MOHAMMED PHARMACY,007490120,MENOCARE,SOFTGEL CAPSULES,,30S,5,1,0,0,0,0,0,0,0,0,0,0,0,0,0,0,0,0,0,0,0,0,0,0
F126,FAMILY MODERN PHARMACY,007490120,MENOCARE,SOFTGEL CAPSULES,,30S,0,0,0,0,0,0,0,0,1,0,0,0,0,0,0,0,0,0,0,0,0,0,0,0
F152,AL FANAR PHARMACY,007490120,MENOCARE,SOFTGEL CAPSULES,,30S,5,1,10,2,0,0,0,0,0,0,0,0,0,0,0,0,0,0,0,0,0,0,0,0
I001,IBN SINA PHARMACY,007490120,MENOCARE,SOFTGEL CAPSULES,,30S,0,0,5,1,0,0,0,0,0,0,0,0,0,0,0,0,0,0,0,0,0,0,0,0
J113,AL JADEED PHARMACY,007490120,MENOCARE,SOFTGEL CAPSULES,,30S,0,0,0,0,0,0,0,0,1,0,0,0,0,0,0,0,0,0,0,0,0,0,0,0
M011,MUSCAT PHARMACY & STORES SALALAH LLC,007490120,MENOCARE,SOFTGEL CAPSULES,,30S,25,5,0,0,0,0,0,0,0,0,0,0,0,0,0,0,0,0,0,0,0,0,0,0
M304,NEW BEHLA PHARMACY - AL MAWALAH,007490120,MENOCARE,SOFTGEL CAPSULES,,30S,2,0,0,0,0,0,0,0,0,0,0,0,0,0,0,0,0,0,0,0,0,0,0,0
M377,MODERN AL SALAMA POLYCLINIC PHY.,007490120,MENOCARE,SOFTGEL CAPSULES,,30S,5,1,0,0,0,0,0,0,0,0,0,0,0,0,0,0,0,0,0,0,0,0,0,0
M531,AL MALAZ PHARMACY,007490120,MENOCARE,SOFTGEL CAPSULES,,30S,0,0,0,0,0,0,0,0,0,0,0,0,3,0,0,0,0,0,0,0,0,0,0,0
O169,OONS PHARMACY,007490120,MENOCARE,SOFTGEL CAPSULES,,30S,0,0,0,0,0,0,3,0,0,0,0,0,0,0,0,0,0,0,0,0,0,0,0,0
P059,PREMIUM PHARMACY,007490120,MENOCARE,SOFTGEL CAPSULES,,30S,0,0,5,1,0,0,0,0,3,0,0,0,0,0,0,0,0,0,0,0,0,0,0,0
S345,SAHARA MEDICAL STORES LLC,007490120,MENOCARE,SOFTGEL CAPSULES,,30S,50,11,0,0,0,0,0,0,0,0,0,0,0,0,0,0,0,0,0,0,0,0,0,0
001,Ruwi Branch,007490130,NEURACARE 600,CAPSULES,600MG,30S,0,0,0,0,0,0,0,0,0,0,0,0,11,0,0,0,0,0,0,0,0,0,0,0
003,Al Gobra (Pharmacy) Branch,007490130,NEURACARE 600,CAPSULES,600MG,30S,0,0,5,0,20,0,0,0,0,0,0,0,12,0,0,0,0,0,0,0,0,0,0,0
005,Wadi Kabir (Opp: Al Maha Pump) Br.,007490130,NEURACARE 600,CAPSULES,600MG,30S,0,0,2,0,0,0,0,0,0,0,0,0,0,0,0,0,0,0,0,0,0,0,0,0
006,Muttrah Souq  Branch,007490130,NEURACARE 600,CAPSULES,600MG,30S,3,0,0,0,0,0,0,0,0,0,0,0,0,0,0,0,0,0,0,0,0,0,0,0
007,Al Hamra Branch,007490130,NEURACARE 600,CAPSULES,600MG,30S,0,0,0,0,5,0,0,0,0,0,0,0,2,0,0,0,0,0,0,0,0,0,0,0
008,Medinat Qaboos Branch,007490130,NEURACARE 600,CAPSULES,600MG,30S,12,0,0,0,0,0,0,0,0,0,0,0,0,0,0,0,0,0,0,0,0,0,0,0
009,Sohar Branch,007490130,NEURACARE 600,CAPSULES,600MG,30S,0,0,5,0,0,0,0,0,0,0,6,0,0,0,0,0,0,0,0,0,0,0,0,0
010,Nizwa Branch,007490130,NEURACARE 600,CAPSULES,600MG,30S,0,0,10,0,20,0,0,0,0,0,0,0,0,0,0,0,0,0,0,0,0,0,0,0
011,Khasab (Musandam) Branch,007490130,NEURACARE 600,CAPSULES,600MG,30S,2,0,0,0,0,0,0,0,0,0,0,0,2,0,0,0,0,0,0,0,0,0,0,0
012,Musanna Branch,007490130,NEURACARE 600,CAPSULES,600MG,30S,0,0,3,0,0,0,0,0,0,0,0,0,0,0,0,0,0,0,0,0,0,0,0,0
018,Darsait Branch,007490130,NEURACARE 600,CAPSULES,600MG,30S,3,0,0,0,0,0,3,0,0,0,0,0,0,0,0,0,0,0,0,0,0,0,0,0
026,Wadi Kabir Branch,007490130,NEURACARE 600,CAPSULES,600MG,30S,64,0,0,0,0,0,0,0,0,0,0,0,0,0,0,0,0,0,0,0,0,0,0,0
029,Saham Branch,007490130,NEURACARE 600,CAPSULES,600MG,30S,0,0,0,0,0,0,0,0,4,0,0,0,0,0,0,0,0,0,0,0,0,0,0,0
032,Al Khuwair Branch,007490130,NEURACARE 600,CAPSULES,600MG,30S,5,0,0,0,0,0,0,0,0,0,0,0,0,0,0,0,0,0,0,0,0,0,0,0
033,Al Kamel Branch,007490130,NEURACARE 600,CAPSULES,600MG,30S,9,0,0,0,0,0,0,0,0,0,10,0,0,0,0,0,0,0,0,0,0,0,0,0
034,Al Suwaiq  Branch,007490130,NEURACARE 600,CAPSULES,600MG,30S,2,0,3,0,0,0,1,0,0,0,0,0,0,0,0,0,0,0,0,0,0,0,0,0
038,Al Bidayah Branch,007490130,NEURACARE 600,CAPSULES,600MG,30S,4,0,0,0,2,0,0,0,0,0,0,0,3,0,0,0,0,0,0,0,0,0,0,0
039,Seeb Branch,007490130,NEURACARE 600,CAPSULES,600MG,30S,0,0,0,0,0,0,0,0,0,0,0,0,4,0,0,0,0,0,0,0,0,0,0,0
040,Masirah Branch,007490130,NEURACARE 600,CAPSULES,600MG,30S,12,0,0,0,0,0,0,0,3,0,0,0,0,0,0,0,0,0,0,0,0,0,0,0
043,Muscat Int'l Airport Branch - Airside,007490130,NEURACARE 600,CAPSULES,600MG,30S,6,0,0,0,0,0,0,0,0,0,0,0,0,0,0,0,0,0,0,0,0,0,0,0
044,Safeer (Azaiba) Branch,007490130,NEURACARE 600,CAPSULES,600MG,30S,0,0,3,0,0,0,6,0,10,0,0,0,0,0,0,0,0,0,0,0,0,0,0,0
045,Ibri Sanaya Branch,007490130,NEURACARE 600,CAPSULES,600MG,30S,0,0,4,0,0,0,0,0,0,0,0,0,0,0,0,0,0,0,0,0,0,0,0,0
046,Yanqil Branch,007490130,NEURACARE 600,CAPSULES,600MG,30S,0,0,0,0,20,0,0,0,20,0,0,0,20,0,0,0,0,0,0,0,0,0,0,0
047,Ibra Branch,007490130,NEURACARE 600,CAPSULES,600MG,30S,0,0,7,0,3,0,3,0,0,0,0,0,3,0,0,0,0,0,0,0,0,0,0,0
048,Sur Branch,007490130,NEURACARE 600,CAPSULES,600MG,30S,0,0,0,0,20,0,0,0,0,0,0,0,0,0,0,0,0,0,0,0,0,0,0,0
068,Wadi Hatat Branch,007490130,NEURACARE 600,CAPSULES,600MG,30S,12,0,0,0,0,0,0,0,0,0,0,0,0,0,0,0,0,0,0,0,0,0,0,0
080,Qurum City Centre Branch,007490130,NEURACARE 600,CAPSULES,600MG,30S,4,0,0,0,0,0,0,0,0,0,0,0,0,0,0,0,0,0,0,0,0,0,0,0
082,Al Khod Branch,007490130,NEURACARE 600,CAPSULES,600MG,30S,2,0,0,0,0,0,0,0,0,0,0,0,0,0,0,0,0,0,0,0,0,0,0,0
083,Sinaw Branch,007490130,NEURACARE 600,CAPSULES,600MG,30S,0,0,10,0,0,0,0,0,0,0,0,0,0,0,0,0,0,0,0,0,0,0,0,0
084,Bilad Bani Buali Branch,007490130,NEURACARE 600,CAPSULES,600MG,30S,0,0,0,0,0,0,0,0,0,0,3,0,3,0,0,0,0,0,0,0,0,0,0,0
087,Hamriya Branch,007490130,NEURACARE 600,CAPSULES,600MG,30S,0,0,0,0,0,0,0,0,0,0,5,0,0,0,0,0,0,0,0,0,0,0,0,0
091,Barka Branch,007490130,NEURACARE 600,CAPSULES,600MG,30S,10,0,0,0,0,0,0,0,0,0,0,0,0,0,0,0,0,0,0,0,0,0,0,0
092,Bahla  Branch,007490130,NEURACARE 600,CAPSULES,600MG,30S,2,0,0,0,0,0,0,0,0,0,0,0,2,0,0,0,0,0,0,0,0,0,0,0
093,Ruwi High Street Branch,007490130,NEURACARE 600,CAPSULES,600MG,30S,1,0,0,0,4,0,0,0,0,0,0,0,0,0,0,0,0,0,0,0,0,0,0,0
094,Buraimi Branch,007490130,NEURACARE 600,CAPSULES,600MG,30S,1,0,0,0,0,0,3,0,2,0,0,0,0,0,0,0,0,0,0,0,0,0,0,0
097,Al Hail Branch,007490130,NEURACARE 600,CAPSULES,600MG,30S,0,0,0,0,0,0,0,0,5,0,0,0,10,0,0,0,0,0,0,0,0,0,0,0
098,Al Meera Al Amerat Branch,007490130,NEURACARE 600,CAPSULES,600MG,30S,1,0,0,0,0,0,0,0,0,0,0,0,0,0,0,0,0,0,0,0,0,0,0,0
099,Al-Mawaleh Branch,007490130,NEURACARE 600,CAPSULES,600MG,30S,0,0,0,0,3,0,0,0,0,0,0,0,0,0,5,0,0,0,0,0,0,0,0,0
101,Hay Al-Rahbah Cplx Branch (MQ),007490130,NEURACARE 600,CAPSULES,600MG,30S,6,0,0,0,0,0,0,0,0,0,0,0,2,0,0,0,0,0,0,0,0,0,0,0
102,Liwa Branch,007490130,NEURACARE 600,CAPSULES,600MG,30S,0,0,0,0,0,0,0,0,0,0,0,0,0,0,3,0,0,0,0,0,0,0,0,0
104,Khaburah Branch,007490130,NEURACARE 600,CAPSULES,600MG,30S,0,0,2,0,0,0,0,0,0,0,0,0,3,0,0,0,0,0,0,0,0,0,0,0
105,Mall of Oman Branch,007490130,NEURACARE 600,CAPSULES,600MG,30S,5,0,0,0,0,0,0,0,0,0,0,0,0,0,0,0,0,0,0,0,0,0,0,0
107,City Centre Branch,007490130,NEURACARE 600,CAPSULES,600MG,30S,1,0,12,0,0,0,0,0,1,0,2,0,2,0,0,0,0,0,0,0,0,0,0,0
118,Safeer-Sohar (Pharmacy) Branch,007490130,NEURACARE 600,CAPSULES,600MG,30S,0,0,3,0,0,0,0,0,0,0,0,0,6,0,0,0,0,0,0,0,0,0,0,0
124,Barka Grand Centre Branch,007490130,NEURACARE 600,CAPSULES,600MG,30S,4,0,0,0,2,0,0,0,0,0,0,0,0,0,0,0,0,0,0,0,0,0,0,0
A551,ANJAAD PHARMACY,007490130,NEURACARE 600,CAPSULES,600MG,30S,0,0,1,0,0,0,0,0,0,0,0,0,0,0,0,0,0,0,0,0,0,0,0,0
A592,AMLA PHARMACY MUSANNAH,007490130,NEURACARE 600,CAPSULES,600MG,30S,0,0,0,0,0,0,0,0,0,0,0,0,1,0,0,0,0,0,0,0,0,0,0,0
B111,BADAR AL JASHMI-II PHARMACY,007490130,NEURACARE 600,CAPSULES,600MG,30S,5,1,0,0,0,0,0,0,0,0,0,0,0,0,0,0,0,0,0,0,0,0,0,0
D159,DOCTOR MOHAMMED PHARMACY,007490130,NEURACARE 600,CAPSULES,600MG,30S,0,0,0,0,0,0,5,1,0,0,0,0,0,0,0,0,0,0,0,0,0,0,0,0
F126,FAMILY MODERN PHARMACY,007490130,NEURACARE 600,CAPSULES,600MG,30S,0,0,0,0,0,0,0,0,2,0,0,0,0,0,0,0,0,0,0,0,0,0,0,0
F133,AL FUTTAIM PHARMACY,007490130,NEURACARE 600,CAPSULES,600MG,30S,0,0,0,0,0,0,0,0,0,0,1,0,0,0,0,0,0,0,0,0,0,0,0,0
H251,HEALTH PHARMACY DRUG STORE,007490130,NEURACARE 600,CAPSULES,600MG,30S,0,0,10,2,0,0,0,0,0,0,0,0,0,0,0,0,0,0,0,0,0,0,0,0
I001,IBN SINA PHARMACY,007490130,NEURACARE 600,CAPSULES,600MG,30S,0,0,5,1,0,0,0,0,0,0,10,2,0,0,0,0,0,0,0,0,0,0,0,0
K166,AL KARAM PHARMACY,007490130,NEURACARE 600,CAPSULES,600MG,30S,0,0,0,0,1,0,0,0,0,0,0,0,0,0,0,0,0,0,0,0,0,0,0,0
L070,LULU PHARMACY (CENTRAL STORES),007490130,NEURACARE 600,CAPSULES,600MG,30S,0,0,50,11,0,0,0,0,0,0,0,0,0,0,0,0,0,0,0,0,0,0,0,0
M011,MUSCAT PHARMACY & STORES SALALAH LLC,007490130,NEURACARE 600,CAPSULES,600MG,30S,25,5,0,0,0,0,0,0,0,0,0,0,0,0,0,0,0,0,0,0,0,0,0,0
M535,AL MEEZAN PHARMACY,007490130,NEURACARE 600,CAPSULES,600MG,30S,0,0,1,0,0,0,0,0,0,0,2,0,0,0,0,0,0,0,0,0,0,0,0,0
O169,OONS PHARMACY,007490130,NEURACARE 600,CAPSULES,600MG,30S,0,0,0,0,0,0,3,0,0,0,0,0,0,0,0,0,0,0,0,0,0,0,0,0
P059,PREMIUM PHARMACY,007490130,NEURACARE 600,CAPSULES,600MG,30S,0,0,5,1,0,0,0,0,0,0,0,0,0,0,0,0,0,0,0,0,0,0,0,0
S061,BAHWAN HEALTHCARE CENTRE LLC.,007490130,NEURACARE 600,CAPSULES,600MG,30S,0,0,0,0,0,0,0,0,5,1,0,0,0,0,0,0,0,0,0,0,0,0,0,0
S200,SOHAR PHARMACY - SOHAR,007490130,NEURACARE 600,CAPSULES,600MG,30S,0,0,0,0,0,0,0,0,0,0,3,0,0,0,0,0,0,0,0,0,0,0,0,0
S271,AL SAADI PHARMACY (BIDAYA),007490130,NEURACARE 600,CAPSULES,600MG,30S,0,0,15,3,0,0,0,0,0,0,0,0,0,0,0,0,0,0,0,0,0,0,0,0
U016,UM BALQEES NATIONAL CO. LLC,007490130,NEURACARE 600,CAPSULES,600MG,30S,0,0,0,0,0,0,5,1,0,0,1,0,2,0,0,0,0,0,0,0,0,0,0,0
001,Ruwi Branch,007490131,NUTAGEST,TABLETS,,30'S,0,0,0,0,0,0,0,0,6,0,0,0,0,0,0,0,0,0,0,0,0,0,0,0
003,Al Gobra (Pharmacy) Branch,007490131,NUTAGEST,TABLETS,,30'S,0,0,0,0,0,0,0,0,30,0,0,0,0,0,0,0,0,0,0,0,0,0,0,0
004,Al Rusayl Branch (Near SQUH),007490131,NUTAGEST,TABLETS,,30'S,0,0,0,0,0,0,0,0,3,0,0,0,0,0,0,0,0,0,0,0,0,0,0,0
005,Wadi Kabir (Opp: Al Maha Pump) Br.,007490131,NUTAGEST,TABLETS,,30'S,0,0,0,0,0,0,0,0,3,0,0,0,0,0,0,0,0,0,0,0,0,0,0,0
006,Muttrah Souq  Branch,007490131,NUTAGEST,TABLETS,,30'S,0,0,0,0,0,0,0,0,3,0,0,0,0,0,0,0,0,0,0,0,0,0,0,0
007,Al Hamra Branch,007490131,NUTAGEST,TABLETS,,30'S,0,0,0,0,0,0,0,0,3,0,0,0,0,0,0,0,0,0,0,0,0,0,0,0
008,Medinat Qaboos Branch,007490131,NUTAGEST,TABLETS,,30'S,0,0,0,0,0,0,0,0,6,0,0,0,0,0,0,0,0,0,0,0,0,0,0,0
009,Sohar Branch,007490131,NUTAGEST,TABLETS,,30'S,0,0,0,0,0,0,0,0,6,0,0,0,0,0,0,0,0,0,0,0,0,0,0,0
010,Nizwa Branch,007490131,NUTAGEST,TABLETS,,30'S,0,0,0,0,0,0,6,0,15,0,0,0,0,0,0,0,0,0,0,0,0,0,0,0
011,Khasab (Musandam) Branch,007490131,NUTAGEST,TABLETS,,30'S,0,0,0,0,0,0,0,0,3,0,0,0,0,0,0,0,0,0,0,0,0,0,0,0
012,Musanna Branch,007490131,NUTAGEST,TABLETS,,30'S,0,0,0,0,0,0,0,0,8,0,0,0,0,0,0,0,0,0,0,0,0,0,0,0
018,Darsait Branch,007490131,NUTAGEST,TABLETS,,30'S,0,0,0,0,0,0,0,0,3,0,0,0,0,0,0,0,0,0,0,0,0,0,0,0
024,Greater Muttrah Branch,007490131,NUTAGEST,TABLETS,,30'S,0,0,0,0,0,0,0,0,12,0,0,0,0,0,0,0,0,0,0,0,0,0,0,0
025,Qurum  Branch,007490131,NUTAGEST,TABLETS,,30'S,0,0,0,0,0,0,0,0,6,0,0,0,0,0,0,0,0,0,0,0,0,0,0,0
026,Wadi Kabir Branch,007490131,NUTAGEST,TABLETS,,30'S,0,0,0,0,0,0,0,0,10,0,0,0,0,0,0,0,0,0,0,0,0,0,0,0
028,Ibri Murtafa Branch,007490131,NUTAGEST,TABLETS,,30'S,0,0,0,0,0,0,0,0,3,0,0,0,0,0,0,0,0,0,0,0,0,0,0,0
029,Saham Branch,007490131,NUTAGEST,TABLETS,,30'S,0,0,0,0,0,0,0,0,6,0,0,0,0,0,0,0,0,0,0,0,0,0,0,0
031,Al Sawadi Branch,007490131,NUTAGEST,TABLETS,,30'S,0,0,0,0,0,0,0,0,3,0,0,0,0,0,0,0,0,0,0,0,0,0,0,0
032,Al Khuwair Branch,007490131,NUTAGEST,TABLETS,,30'S,0,0,0,0,0,0,0,0,12,0,0,0,0,0,0,0,0,0,0,0,0,0,0,0
034,Al Suwaiq  Branch,007490131,NUTAGEST,TABLETS,,30'S,0,0,0,0,0,0,0,0,9,0,0,0,0,0,0,0,0,0,0,0,0,0,0,0
038,Al Bidayah Branch,007490131,NUTAGEST,TABLETS,,30'S,0,0,0,0,0,0,0,0,23,0,0,0,0,0,0,0,0,0,0,0,0,0,0,0
039,Seeb Branch,007490131,NUTAGEST,TABLETS,,30'S,0,0,0,0,0,0,0,0,3,0,0,0,0,0,0,0,0,0,0,0,0,0,0,0
040,Masirah Branch,007490131,NUTAGEST,TABLETS,,30'S,0,0,0,0,0,0,0,0,3,0,0,0,0,0,0,0,0,0,0,0,0,0,0,0
041,Al Muzn Mall Branch,007490131,NUTAGEST,TABLETS,,30'S,0,0,0,0,0,0,0,0,3,0,0,0,0,0,0,0,0,0,0,0,0,0,0,0
042,Muscat Int'l Airport Branch - Landside,007490131,NUTAGEST,TABLETS,,30'S,0,0,0,0,0,0,0,0,3,0,0,0,0,0,0,0,0,0,0,0,0,0,0,0
043,Muscat Int'l Airport Branch - Airside,007490131,NUTAGEST,TABLETS,,30'S,0,0,0,0,0,0,0,0,3,0,0,0,0,0,0,0,0,0,0,0,0,0,0,0
044,Safeer (Azaiba) Branch,007490131,NUTAGEST,TABLETS,,30'S,0,0,0,0,0,0,0,0,14,0,0,0,0,0,0,0,0,0,0,0,0,0,0,0
045,Ibri Sanaya Branch,007490131,NUTAGEST,TABLETS,,30'S,0,0,0,0,0,0,0,0,6,0,0,0,0,0,0,0,0,0,0,0,0,0,0,0
046,Yanqil Branch,007490131,NUTAGEST,TABLETS,,30'S,0,0,0,0,0,0,0,0,6,0,0,0,0,0,0,0,0,0,0,0,0,0,0,0
068,Wadi Hatat Branch,007490131,NUTAGEST,TABLETS,,30'S,0,0,0,0,0,0,0,0,6,0,0,0,0,0,0,0,0,0,0,0,0,0,0,0
080,Qurum City Centre Branch,007490131,NUTAGEST,TABLETS,,30'S,0,0,0,0,0,0,0,0,18,0,0,0,0,0,0,0,0,0,0,0,0,0,0,0
081,Rustaq Branch,007490131,NUTAGEST,TABLETS,,30'S,0,0,0,0,0,0,0,0,8,0,0,0,0,0,0,0,0,0,0,0,0,0,0,0
082,Al Khod Branch,007490131,NUTAGEST,TABLETS,,30'S,0,0,0,0,0,0,0,0,6,0,0,0,0,0,0,0,0,0,0,0,0,0,0,0
083,Sinaw Branch,007490131,NUTAGEST,TABLETS,,30'S,0,0,0,0,0,0,0,0,26,0,0,0,0,0,0,0,0,0,0,0,0,0,0,0
084,Bilad Bani Buali Branch,007490131,NUTAGEST,TABLETS,,30'S,0,0,0,0,0,0,0,0,1,0,0,0,0,0,0,0,0,0,0,0,0,0,0,0
087,Hamriya Branch,007490131,NUTAGEST,TABLETS,,30'S,0,0,0,0,0,0,0,0,3,0,0,0,0,0,0,0,0,0,0,0,0,0,0,0
088,Al Sarooj Comm.Centre (Pharmacy),007490131,NUTAGEST,TABLETS,,30'S,0,0,0,0,0,0,0,0,29,0,0,0,0,0,0,0,0,0,0,0,0,0,0,0
090,Muttrah Branch,007490131,NUTAGEST,TABLETS,,30'S,0,0,0,0,0,0,0,0,3,0,0,0,0,0,0,0,0,0,0,0,0,0,0,0
091,Barka Branch,007490131,NUTAGEST,TABLETS,,30'S,0,0,0,0,0,0,0,0,6,0,0,0,0,0,0,0,0,0,0,0,0,0,0,0
092,Bahla  Branch,007490131,NUTAGEST,TABLETS,,30'S,0,0,0,0,0,0,4,0,3,0,0,0,0,0,0,0,0,0,0,0,0,0,0,0
093,Ruwi High Street Branch,007490131,NUTAGEST,TABLETS,,30'S,0,0,0,0,0,0,0,0,3,0,0,0,0,0,0,0,0,0,0,0,0,0,0,0
094,Buraimi Branch,007490131,NUTAGEST,TABLETS,,30'S,0,0,0,0,0,0,0,0,5,0,0,0,0,0,0,0,0,0,0,0,0,0,0,0
097,Al Hail Branch,007490131,NUTAGEST,TABLETS,,30'S,0,0,0,0,0,0,0,0,6,0,0,0,0,0,0,0,0,0,0,0,0,0,0,0
098,Al Meera Al Amerat Branch,007490131,NUTAGEST,TABLETS,,30'S,0,0,0,0,0,0,0,0,7,0,0,0,0,0,0,0,0,0,0,0,0,0,0,0
099,Al-Mawaleh Branch,007490131,NUTAGEST,TABLETS,,30'S,0,0,0,0,0,0,0,0,6,0,3,0,0,0,0,0,0,0,0,0,0,0,0,0
100,Mabela Branch,007490131,NUTAGEST,TABLETS,,30'S,0,0,0,0,0,0,0,0,18,0,0,0,0,0,0,0,0,0,0,0,0,0,0,0
101,Hay Al-Rahbah Cplx Branch (MQ),007490131,NUTAGEST,TABLETS,,30'S,0,0,0,0,0,0,0,0,6,0,0,0,0,0,0,0,0,0,0,0,0,0,0,0
102,Liwa Branch,007490131,NUTAGEST,TABLETS,,30'S,0,0,0,0,0,0,0,0,3,0,0,0,0,0,0,0,0,0,0,0,0,0,0,0
103,Al Aqar Branch,007490131,NUTAGEST,TABLETS,,30'S,0,0,0,0,0,0,0,0,3,0,0,0,0,0,0,0,0,0,0,0,0,0,0,0
104,Khaburah Branch,007490131,NUTAGEST,TABLETS,,30'S,0,0,0,0,0,0,0,0,6,0,0,0,0,0,0,0,0,0,0,0,0,0,0,0
105,Mall of Oman Branch,007490131,NUTAGEST,TABLETS,,30'S,0,0,0,0,0,0,0,0,26,0,0,0,0,0,0,0,0,0,0,0,0,0,0,0
107,City Centre Branch,007490131,NUTAGEST,TABLETS,,30'S,0,0,0,0,0,0,0,0,6,0,0,0,0,0,0,0,0,0,0,0,0,0,0,0
118,Safeer-Sohar (Pharmacy) Branch,007490131,NUTAGEST,TABLETS,,30'S,0,0,0,0,0,0,0,0,6,0,0,0,0,0,0,0,0,0,0,0,0,0,0,0
124,Barka Grand Centre Branch,007490131,NUTAGEST,TABLETS,,30'S,0,0,0,0,0,0,0,0,3,0,0,0,0,0,0,0,0,0,0,0,0,0,0,0
001,Ruwi Branch,007490170,SLEEP VIT,TABLETS,,30S,0,0,8,0,0,0,10,0,0,0,0,0,14,0,0,0,0,0,0,0,0,0,0,0
003,Al Gobra (Pharmacy) Branch,007490170,SLEEP VIT,TABLETS,,30S,30,0,90,0,0,0,0,0,0,0,0,0,121,0,0,0,0,0,0,0,0,0,0,0
004,Al Rusayl Branch (Near SQUH),007490170,SLEEP VIT,TABLETS,,30S,5,0,10,0,0,0,0,0,0,0,0,0,10,0,0,0,0,0,0,0,0,0,0,0
005,Wadi Kabir (Opp: Al Maha Pump) Br.,007490170,SLEEP VIT,TABLETS,,30S,0,0,0,0,0,0,5,0,0,0,0,0,5,0,0,0,0,0,0,0,0,0,0,0
006,Muttrah Souq  Branch,007490170,SLEEP VIT,TABLETS,,30S,0,0,0,0,7,0,5,0,0,0,0,0,6,0,0,0,0,0,0,0,0,0,0,0
007,Al Hamra Branch,007490170,SLEEP VIT,TABLETS,,30S,0,0,0,0,10,0,0,0,0,0,0,0,2,0,0,0,0,0,0,0,0,0,0,0
008,Medinat Qaboos Branch,007490170,SLEEP VIT,TABLETS,,30S,24,0,0,0,0,0,0,0,0,0,0,0,35,0,0,0,0,0,0,0,0,0,0,0
009,Sohar Branch,007490170,SLEEP VIT,TABLETS,,30S,0,0,0,0,0,0,0,0,0,0,22,0,30,0,20,0,0,0,0,0,0,0,0,0
010,Nizwa Branch,007490170,SLEEP VIT,TABLETS,,30S,0,0,58,0,0,0,20,0,0,0,0,0,22,0,0,0,0,0,0,0,0,0,0,0
011,Khasab (Musandam) Branch,007490170,SLEEP VIT,TABLETS,,30S,0,0,10,0,0,0,0,0,0,0,0,0,2,0,20,0,0,0,0,0,0,0,0,0
012,Musanna Branch,007490170,SLEEP VIT,TABLETS,,30S,0,0,4,0,0,0,3,0,0,0,0,0,2,0,0,0,0,0,0,0,0,0,0,0
018,Darsait Branch,007490170,SLEEP VIT,TABLETS,,30S,6,0,3,0,0,0,14,0,0,0,0,0,23,0,0,0,0,0,0,0,0,0,0,0
024,Greater Muttrah Branch,007490170,SLEEP VIT,TABLETS,,30S,0,0,0,0,0,0,5,0,0,0,0,0,7,0,0,0,0,0,0,0,0,0,0,0
025,Qurum  Branch,007490170,SLEEP VIT,TABLETS,,30S,3,0,0,0,0,0,0,0,0,0,0,0,4,0,1,0,0,0,0,0,0,0,0,0
026,Wadi Kabir Branch,007490170,SLEEP VIT,TABLETS,,30S,46,0,0,0,0,0,3,0,0,0,0,0,2,0,0,0,0,0,0,0,0,0,0,0
028,Ibri Murtafa Branch,007490170,SLEEP VIT,TABLETS,,30S,0,0,2,0,0,0,0,0,0,0,0,0,2,0,0,0,0,0,0,0,0,0,0,0
029,Saham Branch,007490170,SLEEP VIT,TABLETS,,30S,0,0,2,0,0,0,0,0,0,0,3,0,0,0,0,0,0,0,0,0,0,0,0,0
031,Al Sawadi Branch,007490170,SLEEP VIT,TABLETS,,30S,0,0,0,0,0,0,1,0,0,0,0,0,1,0,0,0,0,0,0,0,0,0,0,0
032,Al Khuwair Branch,007490170,SLEEP VIT,TABLETS,,30S,51,0,0,0,50,0,50,0,0,0,0,0,101,0,0,0,0,0,0,0,0,0,0,0
033,Al Kamel Branch,007490170,SLEEP VIT,TABLETS,,30S,12,0,24,0,0,0,0,0,0,0,0,0,0,0,0,0,0,0,0,0,0,0,0,0
034,Al Suwaiq  Branch,007490170,SLEEP VIT,TABLETS,,30S,2,0,0,0,0,0,0,0,0,0,0,0,4,0,3,0,0,0,0,0,0,0,0,0
038,Al Bidayah Branch,007490170,SLEEP VIT,TABLETS,,30S,6,0,6,0,9,0,16,0,0,0,0,0,3,0,0,0,0,0,0,0,0,0,0,0
039,Seeb Branch,007490170,SLEEP VIT,TABLETS,,30S,0,0,0,0,9,0,0,0,0,0,0,0,6,0,0,0,0,0,0,0,0,0,0,0
040,Masirah Branch,007490170,SLEEP VIT,TABLETS,,30S,0,0,6,0,16,0,20,0,0,0,0,0,2,0,12,0,0,0,0,0,0,0,0,0
041,Al Muzn Mall Branch,007490170,SLEEP VIT,TABLETS,,30S,0,0,13,0,6,0,0,0,0,0,0,0,22,0,0,0,0,0,0,0,0,0,0,0
042,Muscat Int'l Airport Branch - Landside,007490170,SLEEP VIT,TABLETS,,30S,40,0,30,0,40,0,50,0,0,0,0,0,87,0,0,0,0,0,0,0,0,0,0,0
043,Muscat Int'l Airport Branch - Airside,007490170,SLEEP VIT,TABLETS,,30S,30,0,44,0,70,0,0,0,0,0,0,0,76,0,0,0,0,0,0,0,0,0,0,0
044,Safeer (Azaiba) Branch,007490170,SLEEP VIT,TABLETS,,30S,0,0,3,0,20,0,30,0,0,0,0,0,17,0,5,0,0,0,0,0,0,0,0,0
045,Ibri Sanaya Branch,007490170,SLEEP VIT,TABLETS,,30S,0,0,10,0,30,0,15,0,0,0,0,0,30,0,0,0,0,0,0,0,0,0,0,0
046,Yanqil Branch,007490170,SLEEP VIT,TABLETS,,30S,0,0,20,0,0,0,10,0,0,0,0,0,0,0,0,0,0,0,0,0,0,0,0,0
047,Ibra Branch,007490170,SLEEP VIT,TABLETS,,30S,8,0,1,0,10,0,0,0,0,0,0,0,7,0,0,0,0,0,0,0,0,0,0,0
048,Sur Branch,007490170,SLEEP VIT,TABLETS,,30S,0,0,0,0,30,0,0,0,9,0,0,0,60,0,0,0,0,0,0,0,0,0,0,0
068,Wadi Hatat Branch,007490170,SLEEP VIT,TABLETS,,30S,24,0,0,0,0,0,10,0,0,0,0,0,10,0,32,0,0,0,0,0,0,0,0,0
080,Qurum City Centre Branch,007490170,SLEEP VIT,TABLETS,,30S,8,0,20,0,20,0,0,0,20,0,0,0,80,0,0,0,0,0,0,0,0,0,0,0
081,Rustaq Branch,007490170,SLEEP VIT,TABLETS,,30S,5,0,10,0,0,0,5,0,0,0,0,0,34,0,0,0,0,0,0,0,0,0,0,0
082,Al Khod Branch,007490170,SLEEP VIT,TABLETS,,30S,3,0,0,0,11,0,0,0,0,0,0,0,17,0,0,0,0,0,0,0,0,0,0,0
083,Sinaw Branch,007490170,SLEEP VIT,TABLETS,,30S,3,0,10,0,0,0,25,0,0,0,0,0,10,0,0,0,0,0,0,0,0,0,0,0
084,Bilad Bani Buali Branch,007490170,SLEEP VIT,TABLETS,,30S,0,0,0,0,0,0,0,0,0,0,0,0,3,0,0,0,0,0,0,0,0,0,0,0
087,Hamriya Branch,007490170,SLEEP VIT,TABLETS,,30S,0,0,0,0,0,0,6,0,0,0,0,0,8,0,0,0,0,0,0,0,0,0,0,0
088,Al Sarooj Comm.Centre (Pharmacy),007490170,SLEEP VIT,TABLETS,,30S,25,0,52,0,0,0,53,0,20,0,0,0,124,0,0,0,0,0,0,0,0,0,0,0
090,Muttrah Branch,007490170,SLEEP VIT,TABLETS,,30S,6,0,2,0,0,0,21,0,0,0,0,0,4,0,0,0,0,0,0,0,0,0,0,0
091,Barka Branch,007490170,SLEEP VIT,TABLETS,,30S,20,0,10,0,0,0,30,0,0,0,0,0,85,0,0,0,0,0,0,0,0,0,0,0
092,Bahla  Branch,007490170,SLEEP VIT,TABLETS,,30S,3,0,0,0,0,0,0,0,0,0,0,0,0,0,0,0,0,0,0,0,0,0,0,0
093,Ruwi High Street Branch,007490170,SLEEP VIT,TABLETS,,30S,10,0,0,0,5,0,10,0,0,0,0,0,11,0,0,0,0,0,0,0,0,0,0,0
094,Buraimi Branch,007490170,SLEEP VIT,TABLETS,,30S,10,0,5,0,11,0,3,0,6,0,7,0,3,0,0,0,0,0,0,0,0,0,0,0
097,Al Hail Branch,007490170,SLEEP VIT,TABLETS,,30S,12,0,6,0,10,0,11,0,10,0,0,0,50,0,0,0,0,0,0,0,0,0,0,0
098,Al Meera Al Amerat Branch,007490170,SLEEP VIT,TABLETS,,30S,8,0,0,0,0,0,11,0,0,0,0,0,5,0,0,0,0,0,0,0,0,0,0,0
099,Al-Mawaleh Branch,007490170,SLEEP VIT,TABLETS,,30S,21,0,40,0,70,0,64,0,0,0,0,0,178,0,0,0,0,0,0,0,0,0,0,0
100,Mabela Branch,007490170,SLEEP VIT,TABLETS,,30S,20,0,40,0,30,0,0,0,20,0,0,0,25,0,32,0,0,0,0,0,0,0,0,0
101,Hay Al-Rahbah Cplx Branch (MQ),007490170,SLEEP VIT,TABLETS,,30S,10,0,0,0,0,0,6,0,0,0,0,0,5,0,0,0,0,0,0,0,0,0,0,0
102,Liwa Branch,007490170,SLEEP VIT,TABLETS,,30S,0,0,0,0,0,0,0,0,0,0,8,0,0,0,0,0,0,0,0,0,0,0,0,0
104,Khaburah Branch,007490170,SLEEP VIT,TABLETS,,30S,12,0,4,0,6,0,0,0,30,0,0,0,3,0,0,0,0,0,0,0,0,0,0,0
105,Mall of Oman Branch,007490170,SLEEP VIT,TABLETS,,30S,16,0,20,0,40,0,40,0,30,0,0,0,146,0,0,0,0,0,0,0,0,0,0,0
107,City Centre Branch,007490170,SLEEP VIT,TABLETS,,30S,12,0,20,0,12,0,20,0,0,0,0,0,43,0,0,0,0,0,0,0,0,0,0,0
118,Safeer-Sohar (Pharmacy) Branch,007490170,SLEEP VIT,TABLETS,,30S,9,0,0,0,9,0,0,0,0,0,50,0,13,0,20,0,0,0,0,0,0,0,0,0
124,Barka Grand Centre Branch,007490170,SLEEP VIT,TABLETS,,30S,10,0,0,0,0,0,0,0,0,0,0,0,3,0,0,0,0,0,0,0,0,0,0,0
4415,AL ENAYA PHARMACY,007490170,SLEEP VIT,TABLETS,,30S,0,0,0,0,0,0,15,3,0,0,0,0,0,0,0,0,0,0,0,0,0,0,0,0
8525,SIGMA PHARMACY (NAKHAL),007490170,SLEEP VIT,TABLETS,,30S,0,0,0,0,0,0,0,0,0,0,0,0,2,0,0,0,0,0,0,0,0,0,0,0
8677,GOLDEN MEDICAL PHARMACY,007490170,SLEEP VIT,TABLETS,,30S,0,0,5,1,0,0,0,0,0,0,0,0,0,0,0,0,0,0,0,0,0,0,0,0
A138,ADAM  PHARMACY,007490170,SLEEP VIT,TABLETS,,30S,0,0,0,0,5,1,0,0,0,0,0,0,0,0,0,0,0,0,0,0,0,0,0,0
A316,ALPHA MEDICAL CENTRE,007490170,SLEEP VIT,TABLETS,,30S,0,0,0,0,10,2,0,0,0,0,0,0,0,0,0,0,0,0,0,0,0,0,0,0
A453,AWAFI PHARMACY,007490170,SLEEP VIT,TABLETS,,30S,10,2,0,0,0,0,0,0,0,0,0,0,0,0,0,0,0,0,0,0,0,0,0,0
A495,ALYA AL AMERAT PHARMACY,007490170,SLEEP VIT,TABLETS,,30S,3,0,17,3,0,0,0,0,0,0,2,0,10,2,0,0,0,0,0,0,0,0,0,0
A503,ASIA PHARMACY (RUWI),007490170,SLEEP VIT,TABLETS,,30S,0,0,0,0,0,0,0,0,0,0,0,0,10,2,0,0,0,0,0,0,0,0,0,0
A540,AYA PHARMACY (AMERAT),007490170,SLEEP VIT,TABLETS,,30S,25,5,0,0,0,0,0,0,0,0,0,0,0,0,0,0,0,0,0,0,0,0,0,0
A542,AMLA PHARMACY,007490170,SLEEP VIT,TABLETS,,30S,0,0,0,0,0,0,5,1,0,0,0,0,5,1,0,0,0,0,0,0,0,0,0,0
A546,ABAQ AL SHAHAD PHARMACY,007490170,SLEEP VIT,TABLETS,,30S,0,0,0,0,0,0,0,0,0,0,0,0,5,1,0,0,0,0,0,0,0,0,0,0
A551,ANJAAD PHARMACY,007490170,SLEEP VIT,TABLETS,,30S,0,0,0,0,0,0,0,0,0,0,0,0,5,1,0,0,0,0,0,0,0,0,0,0
A591,ALIF PHARMACY MEBELA,007490170,SLEEP VIT,TABLETS,,30S,0,0,0,0,3,0,0,0,0,0,0,0,0,0,0,0,0,0,0,0,0,0,0,0
A593,ANHAR PHARMACY,007490170,SLEEP VIT,TABLETS,,30S,0,0,0,0,0,0,0,0,0,0,0,0,1,0,0,0,0,0,0,0,0,0,0,0
B111,BADAR AL JASHMI-II PHARMACY,007490170,SLEEP VIT,TABLETS,,30S,10,2,0,0,0,0,0,0,0,0,0,0,0,0,0,0,0,0,0,0,0,0,0,0
B133,BELQEES PHARMACY (MABELLA),007490170,SLEEP VIT,TABLETS,,30S,0,0,0,0,0,0,0,0,0,0,0,0,10,2,0,0,0,0,0,0,0,0,0,0
B137,BELQEES PHARMACY (SUMAIL),007490170,SLEEP VIT,TABLETS,,30S,0,0,5,1,0,0,0,0,0,0,0,0,0,0,0,0,0,0,0,0,0,0,0,0
B186,BASMAT AL AMAL PHARMACY,007490170,SLEEP VIT,TABLETS,,30S,0,0,3,0,0,0,0,0,0,0,0,0,0,0,0,0,0,0,0,0,0,0,0,0
B210,AL BURAIMI MODERN PHARMACY,007490170,SLEEP VIT,TABLETS,,30S,0,0,0,0,5,1,0,0,0,0,0,0,0,0,0,0,0,0,0,0,0,0,0,0
B238,AL BALSAM AL SHAFI PHARMACY,007490170,SLEEP VIT,TABLETS,,30S,0,0,0,0,5,1,0,0,0,0,0,0,10,2,0,0,0,0,0,0,0,0,0,0
C056,CORDOBA PHARMACY,007490170,SLEEP VIT,TABLETS,,30S,0,0,10,2,0,0,0,0,0,0,0,0,0,0,0,0,0,0,0,0,0,0,0,0
C094,COSMED PHARMACY,007490170,SLEEP VIT,TABLETS,,30S,1,0,0,0,2,0,5,1,0,0,0,0,5,1,0,0,0,0,0,0,0,0,0,0
C912,HVS - Pharma,007490170,SLEEP VIT,TABLETS,,30S,0,0,0,0,2,0,0,0,0,0,0,0,0,0,0,0,0,0,0,0,0,0,0,0
C964,HITEN P DOSHI (STAFF #1273),007490170,SLEEP VIT,TABLETS,,30S,0,0,0,0,0,0,0,0,0,0,0,0,10,2,0,0,0,0,0,0,0,0,0,0
C999,SOHAR CASH ACCOUNTS,007490170,SLEEP VIT,TABLETS,,30S,0,0,0,0,0,0,0,0,1,0,0,0,0,0,0,0,0,0,0,0,0,0,0,0
D114,DELTA PHARMACY MEDICAL STORE,007490170,SLEEP VIT,TABLETS,,30S,0,0,0,0,0,0,0,0,0,0,0,0,100,35,0,0,0,0,0,0,0,0,0,0
D142,DOLPHIN PHARMACY,007490170,SLEEP VIT,TABLETS,,30S,5,1,5,1,0,0,0,0,0,0,0,0,0,0,0,0,0,0,0,0,0,0,0,0
D147,DIBBA PHARMACY,007490170,SLEEP VIT,TABLETS,,30S,2,0,0,0,0,0,0,0,0,0,0,0,0,0,0,0,0,0,0,0,0,0,0,0
D153,DAR AL DAWAA PHARMACY - SOHAR,007490170,SLEEP VIT,TABLETS,,30S,0,0,10,2,10,2,0,0,0,0,10,2,10,2,0,0,0,0,0,0,0,0,0,0
D159,DOCTOR MOHAMMED PHARMACY,007490170,SLEEP VIT,TABLETS,,30S,5,1,0,0,0,0,5,1,0,0,0,0,0,0,0,0,0,0,0,0,0,0,0,0
F089,AL FAROOQ PHARMACY (Al Sawadi),007490170,SLEEP VIT,TABLETS,,30S,0,0,0,0,5,1,0,0,0,0,0,0,0,0,0,0,0,0,0,0,0,0,0,0
F130,FARAH PHARMACY,007490170,SLEEP VIT,TABLETS,,30S,0,0,0,0,0,0,0,0,0,0,0,0,5,1,0,0,0,0,0,0,0,0,0,0
F132,FIRST CARE PHARMACY,007490170,SLEEP VIT,TABLETS,,30S,0,0,0,0,0,0,0,0,0,0,0,0,5,1,0,0,0,0,0,0,0,0,0,0
F133,AL FUTTAIM PHARMACY,007490170,SLEEP VIT,TABLETS,,30S,0,0,0,0,0,0,0,0,0,0,2,0,0,0,0,0,0,0,0,0,0,0,0,0
F139,AL FURAT PHARMACY,007490170,SLEEP VIT,TABLETS,,30S,0,0,5,1,0,0,0,0,0,0,0,0,0,0,0,0,0,0,0,0,0,0,0,0
F142,AL FATEH PHARMACY,007490170,SLEEP VIT,TABLETS,,30S,0,0,10,2,0,0,0,0,0,0,0,0,0,0,0,0,0,0,0,0,0,0,0,0
F152,AL FANAR PHARMACY,007490170,SLEEP VIT,TABLETS,,30S,0,0,5,1,0,0,0,0,0,0,0,0,0,0,0,0,0,0,0,0,0,0,0,0
H220,HOR EYES PHARMACY,007490170,SLEEP VIT,TABLETS,,30S,0,0,0,0,5,1,0,0,0,0,0,0,5,1,0,0,0,0,0,0,0,0,0,0
H236,HELENA PHARMACY,007490170,SLEEP VIT,TABLETS,,30S,0,0,1,0,0,0,0,0,0,0,0,0,1,0,0,0,0,0,0,0,0,0,0,0
H246,AL HAMD PHARMACY LLC.,007490170,SLEEP VIT,TABLETS,,30S,0,0,0,0,0,0,0,0,0,0,0,0,5,1,0,0,0,0,0,0,0,0,0,0
H251,HEALTH PHARMACY DRUG STORE,007490170,SLEEP VIT,TABLETS,,30S,0,0,25,5,0,0,25,5,0,0,0,0,0,0,0,0,0,0,0,0,0,0,0,0
I001,IBN SINA PHARMACY,007490170,SLEEP VIT,TABLETS,,30S,0,0,5,1,0,0,25,5,0,0,10,2,0,0,0,0,0,0,0,0,0,0,0,0
I035,IBN SALIM PHARMACY ( IBRA ),007490170,SLEEP VIT,TABLETS,,30S,0,0,5,1,5,1,5,1,0,0,0,0,5,1,0,0,0,0,0,0,0,0,0,0
J044,AL JABRY PHARMACY (STORES),007490170,SLEEP VIT,TABLETS,,30S,0,0,0,0,0,0,0,0,0,0,0,0,10,2,0,0,0,0,0,0,0,0,0,0
J113,AL JADEED PHARMACY,007490170,SLEEP VIT,TABLETS,,30S,0,0,0,0,5,0,0,0,0,0,0,0,0,0,0,0,0,0,0,0,0,0,0,0
K166,AL KARAM PHARMACY,007490170,SLEEP VIT,TABLETS,,30S,0,0,0,0,1,0,0,0,0,0,0,0,0,0,0,0,0,0,0,0,0,0,0,0
K177,AL KAWTHAR PHARMACY,007490170,SLEEP VIT,TABLETS,,30S,0,0,1,0,0,0,0,0,0,0,0,0,0,0,0,0,0,0,0,0,0,0,0,0
L070,LULU PHARMACY (CENTRAL STORES),007490170,SLEEP VIT,TABLETS,,30S,0,0,0,0,100,24,0,0,0,0,0,0,0,0,0,0,0,0,0,0,0,0,0,0
M011,MUSCAT PHARMACY & STORES SALALAH LLC,007490170,SLEEP VIT,TABLETS,,30S,0,0,0,0,0,0,0,0,0,0,0,0,100,24,0,0,0,0,0,0,0,0,0,0
M377,MODERN AL SALAMA POLYCLINIC PHY.,007490170,SLEEP VIT,TABLETS,,30S,5,1,0,0,0,0,0,0,0,0,0,0,10,2,0,0,0,0,0,0,0,0,0,0
M462,MED OASIS PHARMACY,007490170,SLEEP VIT,TABLETS,,30S,0,0,0,0,0,0,10,2,0,0,0,0,0,0,0,0,0,0,0,0,0,0,0,0
M506,MASSAYA AL-KHABOURA PHARMACY (MAK),007490170,SLEEP VIT,TABLETS,,30S,0,0,0,0,0,0,0,0,0,0,0,0,35,7,0,0,0,0,0,0,0,0,0,0
M531,AL MALAZ PHARMACY,007490170,SLEEP VIT,TABLETS,,30S,0,0,0,0,0,0,0,0,0,0,0,0,5,1,0,0,0,0,0,0,0,0,0,0
M535,AL MEEZAN PHARMACY,007490170,SLEEP VIT,TABLETS,,30S,0,0,2,0,0,0,0,0,0,0,1,0,0,0,0,0,0,0,0,0,0,0,0,0
N268,NIZWA PHARMACY (Safari Roses),007490170,SLEEP VIT,TABLETS,,30S,0,0,0,0,2,0,0,0,0,0,0,0,1,0,0,0,0,0,0,0,0,0,0,0
N273,NEW AL SEDDIK PHARMACY,007490170,SLEEP VIT,TABLETS,,30S,0,0,0,0,0,0,0,0,0,0,0,0,5,1,0,0,0,0,0,0,0,0,0,0
O167,OMAR PHARMACY,007490170,SLEEP VIT,TABLETS,,30S,0,0,4,0,0,0,0,0,0,0,0,0,0,0,0,0,0,0,0,0,0,0,0,0
O172,OMAN MEDICAL HUB,007490170,SLEEP VIT,TABLETS,,30S,0,0,0,0,0,0,0,0,0,0,0,0,20,4,0,0,0,0,0,0,0,0,0,0
P047,PEACE LAND PHARMACY (GHOBRA),007490170,SLEEP VIT,TABLETS,,30S,0,0,0,0,0,0,0,0,0,0,0,0,10,2,0,0,0,0,0,0,0,0,0,0
P056,PEACE LAND MEDICAL SERVICES LLC.,007490170,SLEEP VIT,TABLETS,,30S,0,0,0,0,0,0,0,0,0,0,0,0,1,0,0,0,0,0,0,0,0,0,0,0
P057,PRIME PHARMACY ONE,007490170,SLEEP VIT,TABLETS,,30S,0,0,0,0,3,0,0,0,0,0,0,0,0,0,0,0,0,0,0,0,0,0,0,0
P059,PREMIUM PHARMACY,007490170,SLEEP VIT,TABLETS,,30S,0,0,10,2,0,0,0,0,0,0,0,0,0,0,0,0,0,0,0,0,0,0,0,0
P068,PHARMALINA PHARMACY (AL KHOUD),007490170,SLEEP VIT,TABLETS,,30S,0,0,5,1,0,0,0,0,0,0,0,0,0,0,0,0,0,0,0,0,0,0,0,0
Q056,AL QUDS PHARMACY-BIRAKAT AL MAUZ,007490170,SLEEP VIT,TABLETS,,30S,0,0,25,5,0,0,25,5,0,0,0,0,0,0,0,0,0,0,0,0,0,0,0,0
R158,AL RAYAN PHARMACY,007490170,SLEEP VIT,TABLETS,,30S,0,0,0,0,0,0,0,0,0,0,0,0,10,2,0,0,0,0,0,0,0,0,0,0
R185,ROYAL PHARMACY,007490170,SLEEP VIT,TABLETS,,30S,5,1,0,0,0,0,0,0,0,0,0,0,10,2,0,0,0,0,0,0,0,0,0,0
S061,BAHWAN HEALTHCARE CENTRE LLC.,007490170,SLEEP VIT,TABLETS,,30S,0,0,0,0,0,0,0,0,0,0,0,0,5,1,0,0,0,0,0,0,0,0,0,0
S271,AL SAADI PHARMACY (BIDAYA),007490170,SLEEP VIT,TABLETS,,30S,0,0,15,3,0,0,0,0,0,0,0,0,0,0,0,0,0,0,0,0,0,0,0,0
S345,SAHARA MEDICAL STORES LLC,007490170,SLEEP VIT,TABLETS,,30S,0,0,100,24,0,0,0,0,0,0,0,0,0,0,0,0,0,0,0,0,0,0,0,0
S360,AL BUSHRA MEDICAL SPECIALTY COMPLEX,007490170,SLEEP VIT,TABLETS,,30S,5,1,0,0,0,0,0,0,0,0,0,0,0,0,0,0,0,0,0,0,0,0,0,0
S606,SOHAR MODERN PHARMACY - MULADDHA,007490170,SLEEP VIT,TABLETS,,30S,0,0,0,0,0,0,0,0,0,0,0,0,5,1,0,0,0,0,0,0,0,0,0,0
S613,AL SEDDIK PHARMACY,007490170,SLEEP VIT,TABLETS,,30S,0,0,0,0,0,0,2,0,0,0,0,0,0,0,0,0,0,0,0,0,0,0,0,0
S614,AL SARAF MEDICAL STORE,007490170,SLEEP VIT,TABLETS,,30S,0,0,10,2,10,2,30,6,0,0,0,0,100,34,0,0,0,0,0,0,0,0,0,0
T115,NEW TAIBA PHARMACY (CENTRAL STORE),007490170,SLEEP VIT,TABLETS,,30S,0,0,50,11,0,0,200,48,0,0,0,0,200,48,0,0,0,0,0,0,0,0,0,0
U008,UM SALAMA PHARMACY L.L.C.,007490170,SLEEP VIT,TABLETS,,30S,50,11,0,0,0,0,0,0,0,0,0,0,0,0,0,0,0,0,0,0,0,0,0,0
U016,UM BALQEES NATIONAL CO. LLC,007490170,SLEEP VIT,TABLETS,,30S,0,0,10,2,10,2,0,0,0,0,0,0,10,2,0,0,0,0,0,0,0,0,0,0
V023,VISTA PHARMA,007490170,SLEEP VIT,TABLETS,,30S,0,0,50,11,0,0,0,0,0,0,0,0,0,0,0,0,0,0,0,0,0,0,0,0
V027,VAGUS PHARMACY- MABELA,007490170,SLEEP VIT,TABLETS,,30S,0,0,5,1,0,0,0,0,0,0,0,0,0,0,0,0,0,0,0,0,0,0,0,0
W161,WELL CARE PHARMACY MAWALAH,007490170,SLEEP VIT,TABLETS,,30S,25,5,0,0,0,0,0,0,0,0,0,0,0,0,0,0,0,0,0,0,0,0,0,0
Z065,AL ZAKI PHARMACY,007490170,SLEEP VIT,TABLETS,,30S,0,0,3,0,0,0,0,0,0,0,0,0,0,0,0,0,0,0,0,0,0,0,0,0
Z073,ZAD PHARMACY,007490170,SLEEP VIT,TABLETS,,30S,0,0,5,1,0,0,5,1,0,0,0,0,0,0,0,0,0,0,0,0,0,0,0,0
001,Ruwi Branch,007490250,VITA ELECTROLYTE,EFFERVESCENT TABLETS,,20S,0,0,0,0,0,0,0,0,1,0,8,0,10,0,0,0,0,0,0,0,0,0,0,0
003,Al Gobra (Pharmacy) Branch,007490250,VITA ELECTROLYTE,EFFERVESCENT TABLETS,,20S,12,0,0,0,5,0,24,0,28,0,0,0,50,0,0,0,0,0,0,0,0,0,0,0
004,Al Rusayl Branch (Near SQUH),007490250,VITA ELECTROLYTE,EFFERVESCENT TABLETS,,20S,1,0,4,0,6,0,0,0,12,0,17,0,0,0,0,0,0,0,0,0,0,0,0,0
005,Wadi Kabir (Opp: Al Maha Pump) Br.,007490250,VITA ELECTROLYTE,EFFERVESCENT TABLETS,,20S,0,0,0,0,0,0,0,0,0,0,3,0,0,0,0,0,0,0,0,0,0,0,0,0
006,Muttrah Souq  Branch,007490250,VITA ELECTROLYTE,EFFERVESCENT TABLETS,,20S,8,0,0,0,0,0,0,0,0,0,5,0,0,0,0,0,0,0,0,0,0,0,0,0
007,Al Hamra Branch,007490250,VITA ELECTROLYTE,EFFERVESCENT TABLETS,,20S,0,0,15,0,10,0,0,0,0,0,0,0,0,0,0,0,0,0,0,0,0,0,0,0
008,Medinat Qaboos Branch,007490250,VITA ELECTROLYTE,EFFERVESCENT TABLETS,,20S,36,0,0,0,0,0,0,0,0,0,0,0,0,0,0,0,0,0,0,0,0,0,0,0
009,Sohar Branch,007490250,VITA ELECTROLYTE,EFFERVESCENT TABLETS,,20S,0,0,0,0,0,0,3,0,5,0,0,0,6,0,0,0,0,0,0,0,0,0,0,0
010,Nizwa Branch,007490250,VITA ELECTROLYTE,EFFERVESCENT TABLETS,,20S,0,0,48,0,0,0,0,0,0,0,0,0,0,0,0,0,0,0,0,0,0,0,0,0
011,Khasab (Musandam) Branch,007490250,VITA ELECTROLYTE,EFFERVESCENT TABLETS,,20S,10,0,0,0,0,0,10,0,0,0,0,0,0,0,0,0,0,0,0,0,0,0,0,0
012,Musanna Branch,007490250,VITA ELECTROLYTE,EFFERVESCENT TABLETS,,20S,6,0,0,0,0,0,0,0,0,0,11,0,0,0,0,0,0,0,0,0,0,0,0,0
018,Darsait Branch,007490250,VITA ELECTROLYTE,EFFERVESCENT TABLETS,,20S,6,0,0,0,0,0,3,0,0,0,8,0,0,0,0,0,0,0,0,0,0,0,0,0
024,Greater Muttrah Branch,007490250,VITA ELECTROLYTE,EFFERVESCENT TABLETS,,20S,3,0,0,0,5,0,0,0,0,0,0,0,3,0,0,0,0,0,0,0,0,0,0,0
025,Qurum  Branch,007490250,VITA ELECTROLYTE,EFFERVESCENT TABLETS,,20S,7,0,0,0,0,0,0,0,0,0,30,0,0,0,0,0,0,0,0,0,0,0,0,0
026,Wadi Kabir Branch,007490250,VITA ELECTROLYTE,EFFERVESCENT TABLETS,,20S,46,0,0,0,0,0,0,0,0,0,10,0,0,0,0,0,0,0,0,0,0,0,0,0
029,Saham Branch,007490250,VITA ELECTROLYTE,EFFERVESCENT TABLETS,,20S,0,0,0,0,0,0,0,0,0,0,3,0,0,0,0,0,0,0,0,0,0,0,0,0
031,Al Sawadi Branch,007490250,VITA ELECTROLYTE,EFFERVESCENT TABLETS,,20S,0,0,0,0,0,0,0,0,0,0,0,0,18,0,0,0,0,0,0,0,0,0,0,0
032,Al Khuwair Branch,007490250,VITA ELECTROLYTE,EFFERVESCENT TABLETS,,20S,0,0,0,0,1,0,15,0,0,0,0,0,15,0,0,0,0,0,0,0,0,0,0,0
033,Al Kamel Branch,007490250,VITA ELECTROLYTE,EFFERVESCENT TABLETS,,20S,6,0,0,0,0,0,0,0,0,0,0,0,0,0,0,0,0,0,0,0,0,0,0,0
034,Al Suwaiq  Branch,007490250,VITA ELECTROLYTE,EFFERVESCENT TABLETS,,20S,3,0,0,0,0,0,0,0,5,0,0,0,0,0,0,0,0,0,0,0,0,0,0,0
038,Al Bidayah Branch,007490250,VITA ELECTROLYTE,EFFERVESCENT TABLETS,,20S,11,0,6,0,20,0,0,0,10,0,10,0,11,0,0,0,0,0,0,0,0,0,0,0
039,Seeb Branch,007490250,VITA ELECTROLYTE,EFFERVESCENT TABLETS,,20S,0,0,0,0,10,0,0,0,6,0,0,0,0,0,0,0,0,0,0,0,0,0,0,0
040,Masirah Branch,007490250,VITA ELECTROLYTE,EFFERVESCENT TABLETS,,20S,12,0,0,0,0,0,12,0,0,0,0,0,0,0,6,0,0,0,0,0,0,0,0,0
041,Al Muzn Mall Branch,007490250,VITA ELECTROLYTE,EFFERVESCENT TABLETS,,20S,0,0,0,0,0,0,0,0,0,0,0,0,6,0,0,0,0,0,0,0,0,0,0,0
042,Muscat Int'l Airport Branch - Landside,007490250,VITA ELECTROLYTE,EFFERVESCENT TABLETS,,20S,0,0,20,0,15,0,0,0,11,0,5,0,38,0,0,0,0,0,0,0,0,0,0,0
043,Muscat Int'l Airport Branch - Airside,007490250,VITA ELECTROLYTE,EFFERVESCENT TABLETS,,20S,12,0,12,0,30,0,0,0,0,0,10,0,9,0,0,0,0,0,0,0,0,0,0,0
044,Safeer (Azaiba) Branch,007490250,VITA ELECTROLYTE,EFFERVESCENT TABLETS,,20S,4,0,0,0,0,0,10,0,0,0,0,0,0,0,0,0,0,0,0,0,0,0,0,0
045,Ibri Sanaya Branch,007490250,VITA ELECTROLYTE,EFFERVESCENT TABLETS,,20S,0,0,0,0,15,0,0,0,13,0,43,0,0,0,0,0,0,0,0,0,0,0,0,0
046,Yanqil Branch,007490250,VITA ELECTROLYTE,EFFERVESCENT TABLETS,,20S,0,0,0,0,10,0,0,0,0,0,10,0,28,0,0,0,0,0,0,0,0,0,0,0
047,Ibra Branch,007490250,VITA ELECTROLYTE,EFFERVESCENT TABLETS,,20S,1,0,0,0,1,0,0,0,12,0,11,0,0,0,5,0,0,0,0,0,0,0,0,0
048,Sur Branch,007490250,VITA ELECTROLYTE,EFFERVESCENT TABLETS,,20S,4,0,0,0,0,0,0,0,0,0,0,0,0,0,0,0,0,0,0,0,0,0,0,0
068,Wadi Hatat Branch,007490250,VITA ELECTROLYTE,EFFERVESCENT TABLETS,,20S,12,0,0,0,0,0,0,0,0,0,0,0,0,0,0,0,0,0,0,0,0,0,0,0
080,Qurum City Centre Branch,007490250,VITA ELECTROLYTE,EFFERVESCENT TABLETS,,20S,12,0,0,0,10,0,17,0,10,0,12,0,13,0,27,0,0,0,0,0,0,0,0,0
081,Rustaq Branch,007490250,VITA ELECTROLYTE,EFFERVESCENT TABLETS,,20S,2,0,3,0,0,0,0,0,2,0,0,0,10,0,0,0,0,0,0,0,0,0,0,0
082,Al Khod Branch,007490250,VITA ELECTROLYTE,EFFERVESCENT TABLETS,,20S,0,0,0,0,9,0,0,0,0,0,10,0,15,0,0,0,0,0,0,0,0,0,0,0
083,Sinaw Branch,007490250,VITA ELECTROLYTE,EFFERVESCENT TABLETS,,20S,0,0,0,0,0,0,0,0,0,0,0,0,2,0,0,0,0,0,0,0,0,0,0,0
084,Bilad Bani Buali Branch,007490250,VITA ELECTROLYTE,EFFERVESCENT TABLETS,,20S,2,0,0,0,0,0,0,0,0,0,10,0,0,0,0,0,0,0,0,0,0,0,0,0
087,Hamriya Branch,007490250,VITA ELECTROLYTE,EFFERVESCENT TABLETS,,20S,19,0,0,0,0,0,0,0,0,0,20,0,10,0,0,0,0,0,0,0,0,0,0,0
088,Al Sarooj Comm.Centre (Pharmacy),007490250,VITA ELECTROLYTE,EFFERVESCENT TABLETS,,20S,84,0,0,0,0,0,0,0,118,0,0,0,30,0,0,0,0,0,0,0,0,0,0,0
090,Muttrah Branch,007490250,VITA ELECTROLYTE,EFFERVESCENT TABLETS,,20S,8,0,0,0,0,0,2,0,0,0,0,0,0,0,0,0,0,0,0,0,0,0,0,0
091,Barka Branch,007490250,VITA ELECTROLYTE,EFFERVESCENT TABLETS,,20S,10,0,0,0,0,0,0,0,1,0,12,0,4,0,0,0,0,0,0,0,0,0,0,0
092,Bahla  Branch,007490250,VITA ELECTROLYTE,EFFERVESCENT TABLETS,,20S,0,0,0,0,0,0,0,0,0,0,1,0,4,0,0,0,0,0,0,0,0,0,0,0
093,Ruwi High Street Branch,007490250,VITA ELECTROLYTE,EFFERVESCENT TABLETS,,20S,0,0,2,0,0,0,0,0,3,0,0,0,0,0,0,0,0,0,0,0,0,0,0,0
094,Buraimi Branch,007490250,VITA ELECTROLYTE,EFFERVESCENT TABLETS,,20S,7,0,5,0,0,0,5,0,5,0,15,0,0,0,0,0,0,0,0,0,0,0,0,0
097,Al Hail Branch,007490250,VITA ELECTROLYTE,EFFERVESCENT TABLETS,,20S,0,0,0,0,0,0,5,0,5,0,0,0,12,0,0,0,0,0,0,0,0,0,0,0
098,Al Meera Al Amerat Branch,007490250,VITA ELECTROLYTE,EFFERVESCENT TABLETS,,20S,13,0,0,0,0,0,0,0,0,0,0,0,0,0,0,0,0,0,0,0,0,0,0,0
099,Al-Mawaleh Branch,007490250,VITA ELECTROLYTE,EFFERVESCENT TABLETS,,20S,5,0,24,0,53,0,56,0,30,0,15,0,56,0,0,0,0,0,0,0,0,0,0,0
100,Mabela Branch,007490250,VITA ELECTROLYTE,EFFERVESCENT TABLETS,,20S,10,0,0,0,0,0,0,0,10,0,6,0,0,0,10,0,0,0,0,0,0,0,0,0
101,Hay Al-Rahbah Cplx Branch (MQ),007490250,VITA ELECTROLYTE,EFFERVESCENT TABLETS,,20S,6,0,48,0,0,0,0,0,0,0,0,0,0,0,0,0,0,0,0,0,0,0,0,0
104,Khaburah Branch,007490250,VITA ELECTROLYTE,EFFERVESCENT TABLETS,,20S,4,0,0,0,20,0,0,0,22,0,20,0,20,0,0,0,0,0,0,0,0,0,0,0
105,Mall of Oman Branch,007490250,VITA ELECTROLYTE,EFFERVESCENT TABLETS,,20S,12,0,0,0,28,0,0,0,39,0,10,0,89,0,0,0,0,0,0,0,0,0,0,0
107,City Centre Branch,007490250,VITA ELECTROLYTE,EFFERVESCENT TABLETS,,20S,0,0,12,0,0,0,0,0,2,0,12,0,2,0,0,0,0,0,0,0,0,0,0,0
118,Safeer-Sohar (Pharmacy) Branch,007490250,VITA ELECTROLYTE,EFFERVESCENT TABLETS,,20S,0,0,0,0,5,0,0,0,36,0,0,0,20,0,0,0,0,0,0,0,0,0,0,0
124,Barka Grand Centre Branch,007490250,VITA ELECTROLYTE,EFFERVESCENT TABLETS,,20S,6,0,0,0,0,0,0,0,0,0,0,0,0,0,0,0,0,0,0,0,0,0,0,0
8677,GOLDEN MEDICAL PHARMACY,007490250,VITA ELECTROLYTE,EFFERVESCENT TABLETS,,20S,0,0,0,0,0,0,2,0,0,0,0,0,0,0,0,0,0,0,0,0,0,0,0,0
A138,ADAM  PHARMACY,007490250,VITA ELECTROLYTE,EFFERVESCENT TABLETS,,20S,0,0,0,0,2,0,0,0,0,0,0,0,0,0,0,0,0,0,0,0,0,0,0,0
A312,ABRAJ ENERGY SERVICES LLC,007490250,VITA ELECTROLYTE,EFFERVESCENT TABLETS,,20S,0,0,0,0,0,0,0,0,0,0,0,0,630,0,0,0,0,0,0,0,0,0,0,0
A316,ALPHA MEDICAL CENTRE,007490250,VITA ELECTROLYTE,EFFERVESCENT TABLETS,,20S,0,0,12,2,0,0,0,0,0,0,0,0,0,0,0,0,0,0,0,0,0,0,0,0
A348,ARABIAN INDUSTRIES PROJECTS LLC (AIPLLC),007490250,VITA ELECTROLYTE,EFFERVESCENT TABLETS,,20S,0,0,0,0,0,0,0,0,10,0,0,0,0,0,0,0,0,0,0,0,0,0,0,0
A468,AL ATHEER PHARMACY,007490250,VITA ELECTROLYTE,EFFERVESCENT TABLETS,,20S,0,0,0,0,0,0,0,0,0,0,0,0,3,0,0,0,0,0,0,0,0,0,0,0
A495,ALYA AL AMERAT PHARMACY,007490250,VITA ELECTROLYTE,EFFERVESCENT TABLETS,,20S,2,0,2,0,0,0,1,0,0,0,0,0,0,0,0,0,0,0,0,0,0,0,0,0
A517,EVA PHARMACY,007490250,VITA ELECTROLYTE,EFFERVESCENT TABLETS,,20S,0,0,0,0,0,0,0,0,0,0,10,2,0,0,0,0,0,0,0,0,0,0,0,0
A546,ABAQ AL SHAHAD PHARMACY,007490250,VITA ELECTROLYTE,EFFERVESCENT TABLETS,,20S,0,0,0,0,0,0,0,0,0,0,10,2,0,0,0,0,0,0,0,0,0,0,0,0
A551,ANJAAD PHARMACY,007490250,VITA ELECTROLYTE,EFFERVESCENT TABLETS,,20S,0,0,0,0,0,0,0,0,0,0,0,0,5,1,0,0,0,0,0,0,0,0,0,0
A591,ALIF PHARMACY MEBELA,007490250,VITA ELECTROLYTE,EFFERVESCENT TABLETS,,20S,0,0,0,0,2,0,0,0,0,0,0,0,0,0,0,0,0,0,0,0,0,0,0,0
A592,AMLA PHARMACY MUSANNAH,007490250,VITA ELECTROLYTE,EFFERVESCENT TABLETS,,20S,0,0,0,0,0,0,0,0,0,0,0,0,1,0,0,0,0,0,0,0,0,0,0,0
B109,BGP OIL & GAS SERVICES LLC,007490250,VITA ELECTROLYTE,EFFERVESCENT TABLETS,,20S,0,0,0,0,0,0,0,0,30,0,0,0,0,0,0,0,0,0,0,0,0,0,0,0
B111,BADAR AL JASHMI-II PHARMACY,007490250,VITA ELECTROLYTE,EFFERVESCENT TABLETS,,20S,10,2,0,0,0,0,0,0,10,2,0,0,25,5,0,0,0,0,0,0,0,0,0,0
B133,BELQEES PHARMACY (MABELLA),007490250,VITA ELECTROLYTE,EFFERVESCENT TABLETS,,20S,0,0,0,0,0,0,0,0,0,0,0,0,2,0,0,0,0,0,0,0,0,0,0,0
B165,AL BAWARAK PHARMACY (Mabellah),007490250,VITA ELECTROLYTE,EFFERVESCENT TABLETS,,20S,0,0,0,0,0,0,6,1,0,0,12,2,0,0,0,0,0,0,0,0,0,0,0,0
B210,AL BURAIMI MODERN PHARMACY,007490250,VITA ELECTROLYTE,EFFERVESCENT TABLETS,,20S,0,0,0,0,10,2,0,0,20,4,0,0,0,0,0,0,0,0,0,0,0,0,0,0
C056,CORDOBA PHARMACY,007490250,VITA ELECTROLYTE,EFFERVESCENT TABLETS,,20S,0,0,7,1,0,0,0,0,5,1,0,0,6,1,0,0,0,0,0,0,0,0,0,0
C094,COSMED PHARMACY,007490250,VITA ELECTROLYTE,EFFERVESCENT TABLETS,,20S,0,0,3,0,0,0,0,0,0,0,0,0,0,0,0,0,0,0,0,0,0,0,0,0
C912,HVS - Pharma,007490250,VITA ELECTROLYTE,EFFERVESCENT TABLETS,,20S,0,0,0,0,2,0,0,0,200,48,0,0,0,0,0,0,0,0,0,0,0,0,0,0
C964,HITEN P DOSHI (STAFF #1273),007490250,VITA ELECTROLYTE,EFFERVESCENT TABLETS,,20S,0,0,0,0,0,0,0,0,0,0,30,6,0,0,0,0,0,0,0,0,0,0,0,0
E023,KCA DEUTAG ENERGY LLC.,007490250,VITA ELECTROLYTE,EFFERVESCENT TABLETS,,20S,0,0,0,0,0,0,20,0,0,0,106,0,0,0,0,0,0,0,0,0,0,0,0,0
F089,AL FAROOQ PHARMACY (Al Sawadi),007490250,VITA ELECTROLYTE,EFFERVESCENT TABLETS,,20S,0,0,0,0,5,1,0,0,0,0,0,0,0,0,0,0,0,0,0,0,0,0,0,0
F126,FAMILY MODERN PHARMACY,007490250,VITA ELECTROLYTE,EFFERVESCENT TABLETS,,20S,0,0,0,0,0,0,0,0,3,0,0,0,0,0,0,0,0,0,0,0,0,0,0,0
F133,AL FUTTAIM PHARMACY,007490250,VITA ELECTROLYTE,EFFERVESCENT TABLETS,,20S,0,0,0,0,0,0,0,0,0,0,2,0,0,0,0,0,0,0,0,0,0,0,0,0
G123,GOHARAT AL SHARQIYA PHARMACY,007490250,VITA ELECTROLYTE,EFFERVESCENT TABLETS,,20S,0,0,0,0,0,0,10,2,0,0,0,0,0,0,0,0,0,0,0,0,0,0,0,0
H245,HAYYAK PHARMACY,007490250,VITA ELECTROLYTE,EFFERVESCENT TABLETS,,20S,2,0,0,0,0,0,0,0,0,0,0,0,0,0,0,0,0,0,0,0,0,0,0,0
H251,HEALTH PHARMACY DRUG STORE,007490250,VITA ELECTROLYTE,EFFERVESCENT TABLETS,,20S,0,0,25,5,0,0,0,0,25,5,0,0,0,0,0,0,0,0,0,0,0,0,0,0
I001,IBN SINA PHARMACY,007490250,VITA ELECTROLYTE,EFFERVESCENT TABLETS,,20S,0,0,5,1,0,0,0,0,0,0,10,2,0,0,0,0,0,0,0,0,0,0,0,0
I035,IBN SALIM PHARMACY ( IBRA ),007490250,VITA ELECTROLYTE,EFFERVESCENT TABLETS,,20S,0,0,0,0,10,2,0,0,0,0,5,1,0,0,0,0,0,0,0,0,0,0,0,0
I082,IBN SALEEM PHARMACY (MUDHAIBI),007490250,VITA ELECTROLYTE,EFFERVESCENT TABLETS,,20S,0,0,0,0,2,0,0,0,0,0,0,0,0,0,0,0,0,0,0,0,0,0,0,0
J044,AL JABRY PHARMACY (STORES),007490250,VITA ELECTROLYTE,EFFERVESCENT TABLETS,,20S,0,0,0,0,0,0,0,0,6,0,0,0,10,2,0,0,0,0,0,0,0,0,0,0
K166,AL KARAM PHARMACY,007490250,VITA ELECTROLYTE,EFFERVESCENT TABLETS,,20S,0,0,0,0,2,0,0,0,0,0,0,0,0,0,0,0,0,0,0,0,0,0,0,0
K171,OMANI HOSPITALITY COMPANY SAOC (KEMPINSKI HOTEL MUSCAT),007490250,VITA ELECTROLYTE,EFFERVESCENT TABLETS,,20S,0,0,0,0,0,0,0,0,0,0,0,0,20,0,0,0,0,0,0,0,0,0,0,0
K177,AL KAWTHAR PHARMACY,007490250,VITA ELECTROLYTE,EFFERVESCENT TABLETS,,20S,0,0,2,0,0,0,0,0,0,0,0,0,0,0,0,0,0,0,0,0,0,0,0,0
L070,LULU PHARMACY (CENTRAL STORES),007490250,VITA ELECTROLYTE,EFFERVESCENT TABLETS,,20S,50,11,0,0,100,24,0,0,0,0,0,0,50,0,0,0,0,0,0,0,0,0,0,0
M001,MAZOON PHARMACY,007490250,VITA ELECTROLYTE,EFFERVESCENT TABLETS,,20S,2,0,0,0,0,0,0,0,0,0,0,0,0,0,0,0,0,0,0,0,0,0,0,0
M304,NEW BEHLA PHARMACY - AL MAWALAH,007490250,VITA ELECTROLYTE,EFFERVESCENT TABLETS,,20S,0,0,0,0,5,1,0,0,0,0,0,0,0,0,0,0,0,0,0,0,0,0,0,0
M462,MED OASIS PHARMACY,007490250,VITA ELECTROLYTE,EFFERVESCENT TABLETS,,20S,0,0,0,0,0,0,5,1,0,0,0,0,0,0,0,0,0,0,0,0,0,0,0,0
M531,AL MALAZ PHARMACY,007490250,VITA ELECTROLYTE,EFFERVESCENT TABLETS,,20S,0,0,0,0,0,0,0,0,0,0,0,0,10,2,0,0,0,0,0,0,0,0,0,0
M535,AL MEEZAN PHARMACY,007490250,VITA ELECTROLYTE,EFFERVESCENT TABLETS,,20S,0,0,5,1,0,0,0,0,0,0,0,0,0,0,0,0,0,0,0,0,0,0,0,0
N077,NATIONAL DRILLING & SERVICES L L C,007490250,VITA ELECTROLYTE,EFFERVESCENT TABLETS,,20S,0,0,0,0,0,0,0,0,0,0,0,0,20,0,0,0,0,0,0,0,0,0,0,0
O167,OMAR PHARMACY,007490250,VITA ELECTROLYTE,EFFERVESCENT TABLETS,,20S,0,0,3,0,0,0,0,0,0,0,0,0,0,0,0,0,0,0,0,0,0,0,0,0
O169,OONS PHARMACY,007490250,VITA ELECTROLYTE,EFFERVESCENT TABLETS,,20S,0,0,0,0,0,0,1,0,0,0,0,0,0,0,0,0,0,0,0,0,0,0,0,0
P041,NABORS DRILLING SERVICES BV (Oman Branch),007490250,VITA ELECTROLYTE,EFFERVESCENT TABLETS,,20S,0,0,0,0,0,0,0,0,0,0,0,0,80,0,0,0,0,0,0,0,0,0,0,0
P056,PEACE LAND MEDICAL SERVICES LLC.,007490250,VITA ELECTROLYTE,EFFERVESCENT TABLETS,,20S,0,0,0,0,0,0,0,0,0,0,20,0,0,0,0,0,0,0,0,0,0,0,0,0
P072,PERFECT PHARMACY,007490250,VITA ELECTROLYTE,EFFERVESCENT TABLETS,,20S,0,0,2,0,0,0,0,0,0,0,0,0,0,0,0,0,0,0,0,0,0,0,0,0
Q056,AL QUDS PHARMACY-BIRAKAT AL MAUZ,007490250,VITA ELECTROLYTE,EFFERVESCENT TABLETS,,20S,0,0,0,0,25,5,0,0,0,0,0,0,0,0,0,0,0,0,0,0,0,0,0,0
R026,RUSTAQ PHARMACY,007490250,VITA ELECTROLYTE,EFFERVESCENT TABLETS,,20S,0,0,0,0,0,0,0,0,0,0,0,0,5,1,0,0,0,0,0,0,0,0,0,0
S240,SPECIAL TECHNICAL SERVICES LLC,007490250,VITA ELECTROLYTE,EFFERVESCENT TABLETS,,20S,0,0,0,0,0,0,0,0,0,0,0,0,5,0,0,0,0,0,0,0,0,0,0,0
S360,AL BUSHRA MEDICAL SPECIALTY COMPLEX,007490250,VITA ELECTROLYTE,EFFERVESCENT TABLETS,,20S,0,0,0,0,7,1,0,0,0,0,0,0,0,0,0,0,0,0,0,0,0,0,0,0
S548,SAARA PHARMACY,007490250,VITA ELECTROLYTE,EFFERVESCENT TABLETS,,20S,0,0,0,0,0,0,10,1,0,0,0,0,0,0,0,0,0,0,0,0,0,0,0,0
U016,UM BALQEES NATIONAL CO. LLC,007490250,VITA ELECTROLYTE,EFFERVESCENT TABLETS,,20S,0,0,0,0,0,0,0,0,0,0,0,0,5,1,0,0,0,0,0,0,0,0,0,0
Z073,ZAD PHARMACY,007490250,VITA ELECTROLYTE,EFFERVESCENT TABLETS,,20S,0,0,0,0,5,1,0,0,0,0,0,0,0,0,0,0,0,0,0,0,0,0,0,0
001,Ruwi Branch,007490255,VITMI-ADULTS,EFFERVESCENT TABLETS,,20S,0,0,20,0,0,0,0,0,1,0,8,0,0,0,0,0,0,0,0,0,0,0,0,0
003,Al Gobra (Pharmacy) Branch,007490255,VITMI-ADULTS,EFFERVESCENT TABLETS,,20S,30,0,0,0,10,0,0,0,0,0,0,0,40,0,0,0,0,0,0,0,0,0,0,0
004,Al Rusayl Branch (Near SQUH),007490255,VITMI-ADULTS,EFFERVESCENT TABLETS,,20S,0,0,15,0,0,0,0,0,10,0,0,0,0,0,0,0,0,0,0,0,0,0,0,0
005,Wadi Kabir (Opp: Al Maha Pump) Br.,007490255,VITMI-ADULTS,EFFERVESCENT TABLETS,,20S,0,0,2,0,0,0,0,0,0,0,0,0,5,0,0,0,0,0,0,0,0,0,0,0
007,Al Hamra Branch,007490255,VITMI-ADULTS,EFFERVESCENT TABLETS,,20S,3,0,19,0,10,0,0,0,0,0,0,0,10,0,0,0,0,0,0,0,0,0,0,0
008,Medinat Qaboos Branch,007490255,VITMI-ADULTS,EFFERVESCENT TABLETS,,20S,28,0,0,0,0,0,0,0,0,0,0,0,0,0,0,0,0,0,0,0,0,0,0,0
009,Sohar Branch,007490255,VITMI-ADULTS,EFFERVESCENT TABLETS,,20S,0,0,0,0,0,0,11,0,5,0,0,0,20,0,0,0,0,0,0,0,0,0,0,0
010,Nizwa Branch,007490255,VITMI-ADULTS,EFFERVESCENT TABLETS,,20S,0,0,53,0,0,0,0,0,0,0,0,0,0,0,0,0,0,0,0,0,0,0,0,0
011,Khasab (Musandam) Branch,007490255,VITMI-ADULTS,EFFERVESCENT TABLETS,,20S,10,0,28,0,0,0,0,0,0,0,0,0,2,0,56,0,0,0,0,0,0,0,0,0
012,Musanna Branch,007490255,VITMI-ADULTS,EFFERVESCENT TABLETS,,20S,0,0,0,0,12,0,7,0,0,0,15,0,0,0,0,0,0,0,0,0,0,0,0,0
018,Darsait Branch,007490255,VITMI-ADULTS,EFFERVESCENT TABLETS,,20S,6,0,0,0,0,0,0,0,0,0,0,0,9,0,0,0,0,0,0,0,0,0,0,0
024,Greater Muttrah Branch,007490255,VITMI-ADULTS,EFFERVESCENT TABLETS,,20S,0,0,0,0,0,0,6,0,0,0,0,0,3,0,0,0,0,0,0,0,0,0,0,0
025,Qurum  Branch,007490255,VITMI-ADULTS,EFFERVESCENT TABLETS,,20S,0,0,0,0,0,0,0,0,10,0,0,0,0,0,0,0,0,0,0,0,0,0,0,0
026,Wadi Kabir Branch,007490255,VITMI-ADULTS,EFFERVESCENT TABLETS,,20S,35,0,6,0,0,0,0,0,0,0,0,0,0,0,0,0,0,0,0,0,0,0,0,0
028,Ibri Murtafa Branch,007490255,VITMI-ADULTS,EFFERVESCENT TABLETS,,20S,0,0,1,0,0,0,2,0,5,0,0,0,11,0,0,0,0,0,0,0,0,0,0,0
029,Saham Branch,007490255,VITMI-ADULTS,EFFERVESCENT TABLETS,,20S,4,0,5,0,9,0,0,0,0,0,5,0,25,0,0,0,0,0,0,0,0,0,0,0
032,Al Khuwair Branch,007490255,VITMI-ADULTS,EFFERVESCENT TABLETS,,20S,10,0,0,0,0,0,5,0,20,0,0,0,0,0,0,0,0,0,0,0,0,0,0,0
033,Al Kamel Branch,007490255,VITMI-ADULTS,EFFERVESCENT TABLETS,,20S,35,0,0,0,0,0,0,0,15,0,0,0,10,0,10,0,0,0,0,0,0,0,0,0
034,Al Suwaiq  Branch,007490255,VITMI-ADULTS,EFFERVESCENT TABLETS,,20S,3,0,10,0,0,0,0,0,0,0,0,0,3,0,6,0,0,0,0,0,0,0,0,0
038,Al Bidayah Branch,007490255,VITMI-ADULTS,EFFERVESCENT TABLETS,,20S,26,0,15,0,25,0,0,0,0,0,4,0,13,0,0,0,0,0,0,0,0,0,0,0
039,Seeb Branch,007490255,VITMI-ADULTS,EFFERVESCENT TABLETS,,20S,10,0,0,0,0,0,0,0,5,0,0,0,19,0,0,0,0,0,0,0,0,0,0,0
040,Masirah Branch,007490255,VITMI-ADULTS,EFFERVESCENT TABLETS,,20S,28,0,0,0,0,0,20,0,0,0,10,0,0,0,12,0,0,0,0,0,0,0,0,0
041,Al Muzn Mall Branch,007490255,VITMI-ADULTS,EFFERVESCENT TABLETS,,20S,0,0,0,0,0,0,16,0,0,0,0,0,0,0,0,0,0,0,0,0,0,0,0,0
042,Muscat Int'l Airport Branch - Landside,007490255,VITMI-ADULTS,EFFERVESCENT TABLETS,,20S,0,0,0,0,0,0,15,0,0,0,0,0,1,0,0,0,0,0,0,0,0,0,0,0
043,Muscat Int'l Airport Branch - Airside,007490255,VITMI-ADULTS,EFFERVESCENT TABLETS,,20S,21,0,0,0,0,0,0,0,0,0,0,0,4,0,0,0,0,0,0,0,0,0,0,0
044,Safeer (Azaiba) Branch,007490255,VITMI-ADULTS,EFFERVESCENT TABLETS,,20S,7,0,0,0,0,0,20,0,0,0,0,0,0,0,0,0,0,0,0,0,0,0,0,0
045,Ibri Sanaya Branch,007490255,VITMI-ADULTS,EFFERVESCENT TABLETS,,20S,0,0,0,0,15,0,5,0,20,0,28,0,25,0,0,0,0,0,0,0,0,0,0,0
046,Yanqil Branch,007490255,VITMI-ADULTS,EFFERVESCENT TABLETS,,20S,16,0,0,0,0,0,10,0,30,0,0,0,0,0,0,0,0,0,0,0,0,0,0,0
047,Ibra Branch,007490255,VITMI-ADULTS,EFFERVESCENT TABLETS,,20S,7,0,0,0,1,0,0,0,1,0,0,0,10,0,0,0,0,0,0,0,0,0,0,0
048,Sur Branch,007490255,VITMI-ADULTS,EFFERVESCENT TABLETS,,20S,6,0,0,0,10,0,0,0,0,0,10,0,20,0,0,0,0,0,0,0,0,0,0,0
068,Wadi Hatat Branch,007490255,VITMI-ADULTS,EFFERVESCENT TABLETS,,20S,24,0,0,0,0,0,0,0,10,0,0,0,0,0,4,0,0,0,0,0,0,0,0,0
080,Qurum City Centre Branch,007490255,VITMI-ADULTS,EFFERVESCENT TABLETS,,20S,12,0,0,0,0,0,0,0,10,0,0,0,30,0,0,0,0,0,0,0,0,0,0,0
081,Rustaq Branch,007490255,VITMI-ADULTS,EFFERVESCENT TABLETS,,20S,0,0,0,0,0,0,0,0,2,0,3,0,15,0,0,0,0,0,0,0,0,0,0,0
082,Al Khod Branch,007490255,VITMI-ADULTS,EFFERVESCENT TABLETS,,20S,5,0,0,0,3,0,6,0,0,0,0,0,31,0,0,0,0,0,0,0,0,0,0,0
083,Sinaw Branch,007490255,VITMI-ADULTS,EFFERVESCENT TABLETS,,20S,5,0,30,0,0,0,0,0,40,0,0,0,0,0,0,0,0,0,0,0,0,0,0,0
084,Bilad Bani Buali Branch,007490255,VITMI-ADULTS,EFFERVESCENT TABLETS,,20S,0,0,9,0,0,0,5,0,5,0,10,0,5,0,0,0,0,0,0,0,0,0,0,0
087,Hamriya Branch,007490255,VITMI-ADULTS,EFFERVESCENT TABLETS,,20S,18,0,0,0,28,0,0,0,0,0,0,0,17,0,0,0,0,0,0,0,0,0,0,0
088,Al Sarooj Comm.Centre (Pharmacy),007490255,VITMI-ADULTS,EFFERVESCENT TABLETS,,20S,56,0,0,0,0,0,0,0,40,0,0,0,6,0,0,0,0,0,0,0,0,0,0,0
090,Muttrah Branch,007490255,VITMI-ADULTS,EFFERVESCENT TABLETS,,20S,8,0,0,0,3,0,10,0,0,0,20,0,0,0,0,0,0,0,0,0,0,0,0,0
091,Barka Branch,007490255,VITMI-ADULTS,EFFERVESCENT TABLETS,,20S,10,0,10,0,0,0,0,0,10,0,0,0,8,0,0,0,0,0,0,0,0,0,0,0
092,Bahla  Branch,007490255,VITMI-ADULTS,EFFERVESCENT TABLETS,,20S,0,0,0,0,0,0,0,0,0,0,0,0,2,0,0,0,0,0,0,0,0,0,0,0
093,Ruwi High Street Branch,007490255,VITMI-ADULTS,EFFERVESCENT TABLETS,,20S,0,0,1,0,0,0,0,0,0,0,5,0,10,0,0,0,0,0,0,0,0,0,0,0
094,Buraimi Branch,007490255,VITMI-ADULTS,EFFERVESCENT TABLETS,,20S,11,0,15,0,0,0,6,0,10,0,0,0,12,0,0,0,0,0,0,0,0,0,0,0
097,Al Hail Branch,007490255,VITMI-ADULTS,EFFERVESCENT TABLETS,,20S,14,0,0,0,6,0,5,0,15,0,0,0,12,0,0,0,0,0,0,0,0,0,0,0
098,Al Meera Al Amerat Branch,007490255,VITMI-ADULTS,EFFERVESCENT TABLETS,,20S,0,0,6,0,10,0,0,0,0,0,0,0,0,0,0,0,0,0,0,0,0,0,0,0
099,Al-Mawaleh Branch,007490255,VITMI-ADULTS,EFFERVESCENT TABLETS,,20S,5,0,12,0,28,0,30,0,15,0,15,0,0,0,15,0,0,0,0,0,0,0,0,0
100,Mabela Branch,007490255,VITMI-ADULTS,EFFERVESCENT TABLETS,,20S,20,0,10,0,0,0,0,0,0,0,0,0,6,0,30,0,0,0,0,0,0,0,0,0
101,Hay Al-Rahbah Cplx Branch (MQ),007490255,VITMI-ADULTS,EFFERVESCENT TABLETS,,20S,4,0,0,0,10,0,0,0,0,0,10,0,0,0,0,0,0,0,0,0,0,0,0,0
102,Liwa Branch,007490255,VITMI-ADULTS,EFFERVESCENT TABLETS,,20S,6,0,0,0,0,0,0,0,10,0,0,0,5,0,0,0,0,0,0,0,0,0,0,0
104,Khaburah Branch,007490255,VITMI-ADULTS,EFFERVESCENT TABLETS,,20S,28,0,0,0,10,0,10,0,0,0,0,0,30,0,0,0,0,0,0,0,0,0,0,0
105,Mall of Oman Branch,007490255,VITMI-ADULTS,EFFERVESCENT TABLETS,,20S,10,0,0,0,28,0,0,0,0,0,0,0,28,0,0,0,0,0,0,0,0,0,0,0
107,City Centre Branch,007490255,VITMI-ADULTS,EFFERVESCENT TABLETS,,20S,12,0,0,0,0,0,0,0,0,0,0,0,0,0,0,0,0,0,0,0,0,0,0,0
118,Safeer-Sohar (Pharmacy) Branch,007490255,VITMI-ADULTS,EFFERVESCENT TABLETS,,20S,4,0,0,0,10,0,0,0,50,0,0,0,0,0,0,0,0,0,0,0,0,0,0,0
124,Barka Grand Centre Branch,007490255,VITMI-ADULTS,EFFERVESCENT TABLETS,,20S,6,0,0,0,0,0,0,0,0,0,0,0,0,0,0,0,0,0,0,0,0,0,0,0
3202,QARN AL RAWDAH CLINIC,007490255,VITMI-ADULTS,EFFERVESCENT TABLETS,,20S,0,0,0,0,20,4,0,0,0,0,0,0,0,0,0,0,0,0,0,0,0,0,0,0
8525,SIGMA PHARMACY (NAKHAL),007490255,VITMI-ADULTS,EFFERVESCENT TABLETS,,20S,0,0,0,0,0,0,0,0,0,0,5,1,5,1,0,0,0,0,0,0,0,0,0,0
8661,AL MUNEEF PHARMACY,007490255,VITMI-ADULTS,EFFERVESCENT TABLETS,,20S,0,0,5,1,0,0,0,0,0,0,0,0,0,0,0,0,0,0,0,0,0,0,0,0
8677,GOLDEN MEDICAL PHARMACY,007490255,VITMI-ADULTS,EFFERVESCENT TABLETS,,20S,0,0,5,1,0,0,0,0,0,0,0,0,0,0,0,0,0,0,0,0,0,0,0,0
A138,ADAM  PHARMACY,007490255,VITMI-ADULTS,EFFERVESCENT TABLETS,,20S,0,0,0,0,5,1,0,0,0,0,0,0,0,0,0,0,0,0,0,0,0,0,0,0
A468,AL ATHEER PHARMACY,007490255,VITMI-ADULTS,EFFERVESCENT TABLETS,,20S,0,0,0,0,0,0,0,0,0,0,0,0,3,0,0,0,0,0,0,0,0,0,0,0
A495,ALYA AL AMERAT PHARMACY,007490255,VITMI-ADULTS,EFFERVESCENT TABLETS,,20S,5,1,0,0,0,0,0,0,5,1,0,0,0,0,0,0,0,0,0,0,0,0,0,0
A517,EVA PHARMACY,007490255,VITMI-ADULTS,EFFERVESCENT TABLETS,,20S,0,0,0,0,0,0,0,0,8,1,20,4,0,0,0,0,0,0,0,0,0,0,0,0
A521,OMAN INTERNATIONAL HOSPITAL,007490255,VITMI-ADULTS,EFFERVESCENT TABLETS,,20S,0,0,0,0,5,1,0,0,12,2,20,4,0,0,0,0,0,0,0,0,0,0,0,0
A542,AMLA PHARMACY,007490255,VITMI-ADULTS,EFFERVESCENT TABLETS,,20S,0,0,0,0,0,0,5,1,0,0,0,0,0,0,0,0,0,0,0,0,0,0,0,0
A546,ABAQ AL SHAHAD PHARMACY,007490255,VITMI-ADULTS,EFFERVESCENT TABLETS,,20S,0,0,0,0,0,0,0,0,0,0,10,2,0,0,0,0,0,0,0,0,0,0,0,0
A551,ANJAAD PHARMACY,007490255,VITMI-ADULTS,EFFERVESCENT TABLETS,,20S,0,0,0,0,0,0,0,0,0,0,0,0,5,1,0,0,0,0,0,0,0,0,0,0
A591,ALIF PHARMACY MEBELA,007490255,VITMI-ADULTS,EFFERVESCENT TABLETS,,20S,0,0,0,0,2,0,0,0,0,0,6,1,0,0,0,0,0,0,0,0,0,0,0,0
A592,AMLA PHARMACY MUSANNAH,007490255,VITMI-ADULTS,EFFERVESCENT TABLETS,,20S,0,0,0,0,0,0,0,0,0,0,0,0,2,0,0,0,0,0,0,0,0,0,0,0
B108,AL BAWARAK PHARMACY,007490255,VITMI-ADULTS,EFFERVESCENT TABLETS,,20S,0,0,0,0,2,0,0,0,0,0,0,0,0,0,0,0,0,0,0,0,0,0,0,0
B111,BADAR AL JASHMI-II PHARMACY,007490255,VITMI-ADULTS,EFFERVESCENT TABLETS,,20S,0,0,0,0,50,11,0,0,0,0,50,11,0,0,0,0,0,0,0,0,0,0,0,0
B165,AL BAWARAK PHARMACY (Mabellah),007490255,VITMI-ADULTS,EFFERVESCENT TABLETS,,20S,0,0,0,0,0,0,6,1,0,0,12,2,0,0,0,0,0,0,0,0,0,0,0,0
B166,AL BAWARAK PHARMACY,007490255,VITMI-ADULTS,EFFERVESCENT TABLETS,,20S,0,0,0,0,0,0,0,0,5,1,0,0,5,1,0,0,0,0,0,0,0,0,0,0
B186,BASMAT AL AMAL PHARMACY,007490255,VITMI-ADULTS,EFFERVESCENT TABLETS,,20S,0,0,0,0,2,0,0,0,0,0,0,0,0,0,0,0,0,0,0,0,0,0,0,0
B210,AL BURAIMI MODERN PHARMACY,007490255,VITMI-ADULTS,EFFERVESCENT TABLETS,,20S,0,0,0,0,0,0,0,0,10,2,0,0,0,0,0,0,0,0,0,0,0,0,0,0
B250,AL AIN PHARMACY (MABELLA-2),007490255,VITMI-ADULTS,EFFERVESCENT TABLETS,,20S,0,0,0,0,0,0,3,0,0,0,0,0,0,0,0,0,0,0,0,0,0,0,0,0
C094,COSMED PHARMACY,007490255,VITMI-ADULTS,EFFERVESCENT TABLETS,,20S,0,0,0,0,3,0,0,0,0,0,0,0,6,1,0,0,0,0,0,0,0,0,0,0
C912,HVS - Pharma,007490255,VITMI-ADULTS,EFFERVESCENT TABLETS,,20S,0,0,0,0,3,0,0,0,0,0,0,0,0,0,0,0,0,0,0,0,0,0,0,0
C964,HITEN P DOSHI (STAFF #1273),007490255,VITMI-ADULTS,EFFERVESCENT TABLETS,,20S,0,0,0,0,0,0,0,0,0,0,15,3,0,0,0,0,0,0,0,0,0,0,0,0
D147,DIBBA PHARMACY,007490255,VITMI-ADULTS,EFFERVESCENT TABLETS,,20S,2,0,0,0,0,0,0,0,0,0,0,0,0,0,0,0,0,0,0,0,0,0,0,0
D153,DAR AL DAWAA PHARMACY - SOHAR,007490255,VITMI-ADULTS,EFFERVESCENT TABLETS,,20S,0,0,5,1,0,0,2,0,10,2,0,0,0,0,0,0,0,0,0,0,0,0,0,0
E023,KCA DEUTAG ENERGY LLC.,007490255,VITMI-ADULTS,EFFERVESCENT TABLETS,,20S,0,0,0,0,0,0,0,0,0,0,5,0,0,0,0,0,0,0,0,0,0,0,0,0
F052,AL FARAHIDI PHARMACY (HAMRA),007490255,VITMI-ADULTS,EFFERVESCENT TABLETS,,20S,0,0,0,0,0,0,0,0,0,0,0,0,5,1,0,0,0,0,0,0,0,0,0,0
F126,FAMILY MODERN PHARMACY,007490255,VITMI-ADULTS,EFFERVESCENT TABLETS,,20S,0,0,0,0,0,0,0,0,1,0,0,0,0,0,0,0,0,0,0,0,0,0,0,0
F130,FARAH PHARMACY,007490255,VITMI-ADULTS,EFFERVESCENT TABLETS,,20S,5,1,0,0,0,0,5,1,0,0,0,0,5,1,0,0,0,0,0,0,0,0,0,0
F142,AL FATEH PHARMACY,007490255,VITMI-ADULTS,EFFERVESCENT TABLETS,,20S,25,5,0,0,0,0,0,0,0,0,0,0,0,0,0,0,0,0,0,0,0,0,0,0
F152,AL FANAR PHARMACY,007490255,VITMI-ADULTS,EFFERVESCENT TABLETS,,20S,10,2,0,0,0,0,0,0,0,0,0,0,0,0,0,0,0,0,0,0,0,0,0,0
G123,GOHARAT AL SHARQIYA PHARMACY,007490255,VITMI-ADULTS,EFFERVESCENT TABLETS,,20S,0,0,0,0,0,0,10,2,0,0,0,0,0,0,0,0,0,0,0,0,0,0,0,0
H198,AL HARMEEN MODERN PHARMACY (STORES),007490255,VITMI-ADULTS,EFFERVESCENT TABLETS,,20S,15,3,10,2,0,0,5,1,5,1,0,0,0,0,0,0,0,0,0,0,0,0,0,0
H205,AL HEKMA PHARMACY (IBRI),007490255,VITMI-ADULTS,EFFERVESCENT TABLETS,,20S,0,0,0,0,0,0,0,0,3,0,0,0,0,0,0,0,0,0,0,0,0,0,0,0
H251,HEALTH PHARMACY DRUG STORE,007490255,VITMI-ADULTS,EFFERVESCENT TABLETS,,20S,0,0,100,24,0,0,0,0,0,0,0,0,0,0,0,0,0,0,0,0,0,0,0,0
I001,IBN SINA PHARMACY,007490255,VITMI-ADULTS,EFFERVESCENT TABLETS,,20S,0,0,10,2,0,0,10,2,0,0,10,2,0,0,0,0,0,0,0,0,0,0,0,0
I035,IBN SALIM PHARMACY ( IBRA ),007490255,VITMI-ADULTS,EFFERVESCENT TABLETS,,20S,0,0,0,0,10,2,10,2,0,0,20,4,0,0,0,0,0,0,0,0,0,0,0,0
I082,IBN SALEEM PHARMACY (MUDHAIBI),007490255,VITMI-ADULTS,EFFERVESCENT TABLETS,,20S,0,0,0,0,2,0,0,0,0,0,0,0,0,0,0,0,0,0,0,0,0,0,0,0
J111,JANNATH PHARMACY,007490255,VITMI-ADULTS,EFFERVESCENT TABLETS,,20S,5,1,0,0,5,1,0,0,5,1,0,0,10,2,0,0,0,0,0,0,0,0,0,0
J113,AL JADEED PHARMACY,007490255,VITMI-ADULTS,EFFERVESCENT TABLETS,,20S,0,0,0,0,0,0,0,0,2,0,0,0,0,0,0,0,0,0,0,0,0,0,0,0
K168,AL KIYUMI PHARMACY,007490255,VITMI-ADULTS,EFFERVESCENT TABLETS,,20S,0,0,0,0,0,0,12,2,0,0,0,0,12,2,0,0,0,0,0,0,0,0,0,0
K177,AL KAWTHAR PHARMACY,007490255,VITMI-ADULTS,EFFERVESCENT TABLETS,,20S,0,0,5,1,0,0,0,0,0,0,0,0,0,0,0,0,0,0,0,0,0,0,0,0
M001,MAZOON PHARMACY,007490255,VITMI-ADULTS,EFFERVESCENT TABLETS,,20S,2,0,0,0,0,0,0,0,0,0,0,0,0,0,0,0,0,0,0,0,0,0,0,0
M011,MUSCAT PHARMACY & STORES SALALAH LLC,007490255,VITMI-ADULTS,EFFERVESCENT TABLETS,,20S,0,0,0,0,0,0,50,11,0,0,0,0,25,5,0,0,0,0,0,0,0,0,0,0
M304,NEW BEHLA PHARMACY - AL MAWALAH,007490255,VITMI-ADULTS,EFFERVESCENT TABLETS,,20S,5,1,0,0,0,0,0,0,0,0,0,0,0,0,0,0,0,0,0,0,0,0,0,0
M377,MODERN AL SALAMA POLYCLINIC PHY.,007490255,VITMI-ADULTS,EFFERVESCENT TABLETS,,20S,0,0,0,0,0,0,25,5,0,0,0,0,0,0,0,0,0,0,0,0,0,0,0,0
M531,AL MALAZ PHARMACY,007490255,VITMI-ADULTS,EFFERVESCENT TABLETS,,20S,0,0,0,0,0,0,0,0,0,0,0,0,5,1,0,0,0,0,0,0,0,0,0,0
N208,AL NASEEB PHARMACY,007490255,VITMI-ADULTS,EFFERVESCENT TABLETS,,20S,0,0,0,0,2,0,0,0,3,0,0,0,0,0,0,0,0,0,0,0,0,0,0,0
N268,NIZWA PHARMACY (Safari Roses),007490255,VITMI-ADULTS,EFFERVESCENT TABLETS,,20S,0,0,0,0,2,0,0,0,0,0,0,0,1,0,0,0,0,0,0,0,0,0,0,0
O161,OMEGA PHARMACY,007490255,VITMI-ADULTS,EFFERVESCENT TABLETS,,20S,0,0,0,0,0,0,1,0,0,0,0,0,0,0,0,0,0,0,0,0,0,0,0,0
O169,OONS PHARMACY,007490255,VITMI-ADULTS,EFFERVESCENT TABLETS,,20S,0,0,0,0,0,0,3,0,0,0,0,0,0,0,0,0,0,0,0,0,0,0,0,0
P047,PEACE LAND PHARMACY (GHOBRA),007490255,VITMI-ADULTS,EFFERVESCENT TABLETS,,20S,0,0,0,0,0,0,0,0,0,0,0,0,10,2,0,0,0,0,0,0,0,0,0,0
P057,PRIME PHARMACY ONE,007490255,VITMI-ADULTS,EFFERVESCENT TABLETS,,20S,0,0,0,0,1,0,0,0,0,0,0,0,0,0,0,0,0,0,0,0,0,0,0,0
P068,PHARMALINA PHARMACY (AL KHOUD),007490255,VITMI-ADULTS,EFFERVESCENT TABLETS,,20S,0,0,0,0,0,0,0,0,0,0,0,0,6,1,0,0,0,0,0,0,0,0,0,0
Q056,AL QUDS PHARMACY-BIRAKAT AL MAUZ,007490255,VITMI-ADULTS,EFFERVESCENT TABLETS,,20S,0,0,25,5,0,0,0,0,0,0,0,0,0,0,0,0,0,0,0,0,0,0,0,0
R026,RUSTAQ PHARMACY,007490255,VITMI-ADULTS,EFFERVESCENT TABLETS,,20S,0,0,0,0,0,0,0,0,0,0,15,3,15,3,0,0,0,0,0,0,0,0,0,0
R185,ROYAL PHARMACY,007490255,VITMI-ADULTS,EFFERVESCENT TABLETS,,20S,12,2,0,0,0,0,0,0,0,0,0,0,0,0,0,0,0,0,0,0,0,0,0,0
S081,SEEB PHARMACY (SEEB),007490255,VITMI-ADULTS,EFFERVESCENT TABLETS,,20S,0,0,10,2,0,0,0,0,0,0,0,0,0,0,0,0,0,0,0,0,0,0,0,0
S200,SOHAR PHARMACY - SOHAR,007490255,VITMI-ADULTS,EFFERVESCENT TABLETS,,20S,0,0,5,1,0,0,0,0,0,0,5,1,0,0,0,0,0,0,0,0,0,0,0,0
S226,SCIENTIFIC PHARMACY,007490255,VITMI-ADULTS,EFFERVESCENT TABLETS,,20S,200,48,0,0,0,0,0,0,100,30,0,0,0,0,0,0,0,0,0,0,0,0,0,0
S271,AL SAADI PHARMACY (BIDAYA),007490255,VITMI-ADULTS,EFFERVESCENT TABLETS,,20S,0,0,15,3,0,0,0,0,0,0,0,0,0,0,0,0,0,0,0,0,0,0,0,0
S360,AL BUSHRA MEDICAL SPECIALTY COMPLEX,007490255,VITMI-ADULTS,EFFERVESCENT TABLETS,,20S,0,0,0,0,0,0,0,0,5,1,0,0,0,0,0,0,0,0,0,0,0,0,0,0
S385,AVICEN PHARMACY (AL WANESS BUSINESS INTL.),007490255,VITMI-ADULTS,EFFERVESCENT TABLETS,,20S,0,0,100,32,0,0,0,0,100,32,0,0,100,24,0,0,0,0,0,0,0,0,0,0
S528,SIGMA PHARMACY(FALAJ AL WUSTA),007490255,VITMI-ADULTS,EFFERVESCENT TABLETS,,20S,0,0,6,0,0,0,0,0,0,0,0,0,0,0,0,0,0,0,0,0,0,0,0,0
S614,AL SARAF MEDICAL STORE,007490255,VITMI-ADULTS,EFFERVESCENT TABLETS,,20S,0,0,10,2,0,0,20,4,20,4,0,0,10,2,0,0,0,0,0,0,0,0,0,0
T115,NEW TAIBA PHARMACY (CENTRAL STORE),007490255,VITMI-ADULTS,EFFERVESCENT TABLETS,,20S,50,11,0,0,0,0,0,0,0,0,0,0,100,26,0,0,0,0,0,0,0,0,0,0
U016,UM BALQEES NATIONAL CO. LLC,007490255,VITMI-ADULTS,EFFERVESCENT TABLETS,,20S,10,2,0,0,0,0,10,2,10,2,10,2,10,2,0,0,0,0,0,0,0,0,0,0
V023,VISTA PHARMA,007490255,VITMI-ADULTS,EFFERVESCENT TABLETS,,20S,50,11,50,11,0,0,0,0,0,0,0,0,50,17,0,0,0,0,0,0,0,0,0,0
W072,AL WADI PHARMACY (AMATHEL),007490255,VITMI-ADULTS,EFFERVESCENT TABLETS,,20S,0,0,0,0,0,0,2,0,0,0,0,0,0,0,0,0,0,0,0,0,0,0,0,0
W076,AL WADI AL KABIR PHARMACY,007490255,VITMI-ADULTS,EFFERVESCENT TABLETS,,20S,0,0,0,0,0,0,0,0,25,5,25,5,0,0,0,0,0,0,0,0,0,0,0,0
W161,WELL CARE PHARMACY MAWALAH,007490255,VITMI-ADULTS,EFFERVESCENT TABLETS,,20S,25,5,0,0,0,0,0,0,0,0,0,0,0,0,0,0,0,0,0,0,0,0,0,0
001,Ruwi Branch,007490256,VITMI WOMEN,EFFERVESCENT TABLETS,,20S,0,0,0,0,10,0,0,0,0,0,11,0,0,0,0,0,0,0,0,0,0,0,0,0
003,Al Gobra (Pharmacy) Branch,007490256,VITMI WOMEN,EFFERVESCENT TABLETS,,20S,20,0,0,0,0,0,0,0,12,0,0,0,30,0,0,0,0,0,0,0,0,0,0,0
004,Al Rusayl Branch (Near SQUH),007490256,VITMI WOMEN,EFFERVESCENT TABLETS,,20S,0,0,0,0,3,0,0,0,3,0,0,0,0,0,5,0,0,0,0,0,0,0,0,0
005,Wadi Kabir (Opp: Al Maha Pump) Br.,007490256,VITMI WOMEN,EFFERVESCENT TABLETS,,20S,0,0,0,0,0,0,0,0,0,0,3,0,0,0,0,0,0,0,0,0,0,0,0,0
006,Muttrah Souq  Branch,007490256,VITMI WOMEN,EFFERVESCENT TABLETS,,20S,5,0,0,0,0,0,0,0,0,0,0,0,0,0,0,0,0,0,0,0,0,0,0,0
007,Al Hamra Branch,007490256,VITMI WOMEN,EFFERVESCENT TABLETS,,20S,0,0,10,0,10,0,0,0,0,0,0,0,0,0,0,0,0,0,0,0,0,0,0,0
008,Medinat Qaboos Branch,007490256,VITMI WOMEN,EFFERVESCENT TABLETS,,20S,36,0,0,0,0,0,0,0,0,0,0,0,0,0,0,0,0,0,0,0,0,0,0,0
009,Sohar Branch,007490256,VITMI WOMEN,EFFERVESCENT TABLETS,,20S,0,0,0,0,0,0,10,0,5,0,0,0,8,0,0,0,0,0,0,0,0,0,0,0
010,Nizwa Branch,007490256,VITMI WOMEN,EFFERVESCENT TABLETS,,20S,0,0,49,0,0,0,0,0,0,0,0,0,0,0,0,0,0,0,0,0,0,0,0,0
011,Khasab (Musandam) Branch,007490256,VITMI WOMEN,EFFERVESCENT TABLETS,,20S,10,0,0,0,0,0,28,0,0,0,0,0,0,0,0,0,0,0,0,0,0,0,0,0
012,Musanna Branch,007490256,VITMI WOMEN,EFFERVESCENT TABLETS,,20S,0,0,0,0,0,0,0,0,0,0,0,0,2,0,0,0,0,0,0,0,0,0,0,0
018,Darsait Branch,007490256,VITMI WOMEN,EFFERVESCENT TABLETS,,20S,6,0,0,0,0,0,0,0,0,0,3,0,4,0,0,0,0,0,0,0,0,0,0,0
024,Greater Muttrah Branch,007490256,VITMI WOMEN,EFFERVESCENT TABLETS,,20S,0,0,0,0,0,0,0,0,0,0,0,0,2,0,0,0,0,0,0,0,0,0,0,0
025,Qurum  Branch,007490256,VITMI WOMEN,EFFERVESCENT TABLETS,,20S,5,0,0,0,0,0,0,0,0,0,0,0,0,0,0,0,0,0,0,0,0,0,0,0
026,Wadi Kabir Branch,007490256,VITMI WOMEN,EFFERVESCENT TABLETS,,20S,46,0,0,0,0,0,0,0,0,0,0,0,0,0,0,0,0,0,0,0,0,0,0,0
029,Saham Branch,007490256,VITMI WOMEN,EFFERVESCENT TABLETS,,20S,5,0,4,0,9,0,0,0,0,0,0,0,0,0,0,0,0,0,0,0,0,0,0,0
032,Al Khuwair Branch,007490256,VITMI WOMEN,EFFERVESCENT TABLETS,,20S,0,0,0,0,0,0,15,0,30,0,0,0,0,0,0,0,0,0,0,0,0,0,0,0
033,Al Kamel Branch,007490256,VITMI WOMEN,EFFERVESCENT TABLETS,,20S,12,0,0,0,0,0,0,0,0,0,0,0,5,0,0,0,0,0,0,0,0,0,0,0
034,Al Suwaiq  Branch,007490256,VITMI WOMEN,EFFERVESCENT TABLETS,,20S,3,0,10,0,0,0,0,0,0,0,0,0,0,0,0,0,0,0,0,0,0,0,0,0
038,Al Bidayah Branch,007490256,VITMI WOMEN,EFFERVESCENT TABLETS,,20S,13,0,0,0,0,0,0,0,0,0,3,0,10,0,0,0,0,0,0,0,0,0,0,0
039,Seeb Branch,007490256,VITMI WOMEN,EFFERVESCENT TABLETS,,20S,0,0,0,0,5,0,0,0,0,0,0,0,10,0,0,0,0,0,0,0,0,0,0,0
040,Masirah Branch,007490256,VITMI WOMEN,EFFERVESCENT TABLETS,,20S,12,0,0,0,6,0,0,0,0,0,0,0,0,0,0,0,0,0,0,0,0,0,0,0
041,Al Muzn Mall Branch,007490256,VITMI WOMEN,EFFERVESCENT TABLETS,,20S,0,0,5,0,0,0,6,0,0,0,0,0,0,0,0,0,0,0,0,0,0,0,0,0
042,Muscat Int'l Airport Branch - Landside,007490256,VITMI WOMEN,EFFERVESCENT TABLETS,,20S,0,0,0,0,4,0,10,0,0,0,0,0,0,0,0,0,0,0,0,0,0,0,0,0
043,Muscat Int'l Airport Branch - Airside,007490256,VITMI WOMEN,EFFERVESCENT TABLETS,,20S,20,0,0,0,0,0,0,0,0,0,0,0,0,0,0,0,0,0,0,0,0,0,0,0
044,Safeer (Azaiba) Branch,007490256,VITMI WOMEN,EFFERVESCENT TABLETS,,20S,7,0,0,0,0,0,0,0,5,0,0,0,3,0,0,0,0,0,0,0,0,0,0,0
045,Ibri Sanaya Branch,007490256,VITMI WOMEN,EFFERVESCENT TABLETS,,20S,0,0,0,0,2,0,0,0,0,0,5,0,0,0,0,0,0,0,0,0,0,0,0,0
046,Yanqil Branch,007490256,VITMI WOMEN,EFFERVESCENT TABLETS,,20S,0,0,0,0,0,0,0,0,10,0,0,0,0,0,0,0,0,0,0,0,0,0,0,0
047,Ibra Branch,007490256,VITMI WOMEN,EFFERVESCENT TABLETS,,20S,5,0,3,0,0,0,0,0,3,0,0,0,10,0,0,0,0,0,0,0,0,0,0,0
068,Wadi Hatat Branch,007490256,VITMI WOMEN,EFFERVESCENT TABLETS,,20S,24,0,0,0,0,0,0,0,0,0,0,0,0,0,0,0,0,0,0,0,0,0,0,0
080,Qurum City Centre Branch,007490256,VITMI WOMEN,EFFERVESCENT TABLETS,,20S,6,0,0,0,0,0,0,0,0,0,0,0,0,0,0,0,0,0,0,0,0,0,0,0
081,Rustaq Branch,007490256,VITMI WOMEN,EFFERVESCENT TABLETS,,20S,0,0,0,0,0,0,0,0,3,0,0,0,10,0,0,0,0,0,0,0,0,0,0,0
082,Al Khod Branch,007490256,VITMI WOMEN,EFFERVESCENT TABLETS,,20S,0,0,0,0,0,0,5,0,0,0,0,0,6,0,0,0,0,0,0,0,0,0,0,0
083,Sinaw Branch,007490256,VITMI WOMEN,EFFERVESCENT TABLETS,,20S,3,0,20,0,0,0,0,0,0,0,0,0,2,0,0,0,0,0,0,0,0,0,0,0
084,Bilad Bani Buali Branch,007490256,VITMI WOMEN,EFFERVESCENT TABLETS,,20S,5,0,0,0,0,0,0,0,0,0,10,0,0,0,0,0,0,0,0,0,0,0,0,0
087,Hamriya Branch,007490256,VITMI WOMEN,EFFERVESCENT TABLETS,,20S,12,0,0,0,0,0,0,0,0,0,0,0,0,0,0,0,0,0,0,0,0,0,0,0
088,Al Sarooj Comm.Centre (Pharmacy),007490256,VITMI WOMEN,EFFERVESCENT TABLETS,,20S,56,0,0,0,0,0,0,0,15,0,0,0,0,0,0,0,0,0,0,0,0,0,0,0
090,Muttrah Branch,007490256,VITMI WOMEN,EFFERVESCENT TABLETS,,20S,8,0,5,0,0,0,22,0,0,0,10,0,0,0,0,0,0,0,0,0,0,0,0,0
091,Barka Branch,007490256,VITMI WOMEN,EFFERVESCENT TABLETS,,20S,10,0,0,0,0,0,0,0,5,0,0,0,0,0,0,0,0,0,0,0,0,0,0,0
092,Bahla  Branch,007490256,VITMI WOMEN,EFFERVESCENT TABLETS,,20S,6,0,3,0,0,0,0,0,0,0,0,0,0,0,0,0,0,0,0,0,0,0,0,0
093,Ruwi High Street Branch,007490256,VITMI WOMEN,EFFERVESCENT TABLETS,,20S,2,0,0,0,1,0,0,0,0,0,5,0,0,0,0,0,0,0,0,0,0,0,0,0
094,Buraimi Branch,007490256,VITMI WOMEN,EFFERVESCENT TABLETS,,20S,10,0,0,0,0,0,5,0,0,0,0,0,5,0,0,0,0,0,0,0,0,0,0,0
097,Al Hail Branch,007490256,VITMI WOMEN,EFFERVESCENT TABLETS,,20S,0,0,0,0,4,0,5,0,0,0,5,0,12,0,0,0,0,0,0,0,0,0,0,0
098,Al Meera Al Amerat Branch,007490256,VITMI WOMEN,EFFERVESCENT TABLETS,,20S,2,0,6,0,0,0,0,0,0,0,0,0,0,0,0,0,0,0,0,0,0,0,0,0
099,Al-Mawaleh Branch,007490256,VITMI WOMEN,EFFERVESCENT TABLETS,,20S,0,0,20,0,16,0,15,0,0,0,10,0,0,0,20,0,0,0,0,0,0,0,0,0
100,Mabela Branch,007490256,VITMI WOMEN,EFFERVESCENT TABLETS,,20S,10,0,0,0,0,0,0,0,0,0,0,0,0,0,0,0,0,0,0,0,0,0,0,0
101,Hay Al-Rahbah Cplx Branch (MQ),007490256,VITMI WOMEN,EFFERVESCENT TABLETS,,20S,12,0,0,0,0,0,5,0,10,0,0,0,3,0,0,0,0,0,0,0,0,0,0,0
102,Liwa Branch,007490256,VITMI WOMEN,EFFERVESCENT TABLETS,,20S,0,0,0,0,0,0,0,0,6,0,0,0,0,0,0,0,0,0,0,0,0,0,0,0
104,Khaburah Branch,007490256,VITMI WOMEN,EFFERVESCENT TABLETS,,20S,6,0,0,0,16,0,0,0,0,0,0,0,10,0,0,0,0,0,0,0,0,0,0,0
105,Mall of Oman Branch,007490256,VITMI WOMEN,EFFERVESCENT TABLETS,,20S,2,0,0,0,24,0,0,0,0,0,10,0,28,0,0,0,0,0,0,0,0,0,0,0
107,City Centre Branch,007490256,VITMI WOMEN,EFFERVESCENT TABLETS,,20S,0,0,0,0,24,0,0,0,0,0,0,0,0,0,0,0,0,0,0,0,0,0,0,0
118,Safeer-Sohar (Pharmacy) Branch,007490256,VITMI WOMEN,EFFERVESCENT TABLETS,,20S,0,0,0,0,10,0,0,0,0,0,0,0,28,0,0,0,0,0,0,0,0,0,0,0
124,Barka Grand Centre Branch,007490256,VITMI WOMEN,EFFERVESCENT TABLETS,,20S,6,0,0,0,0,0,0,0,0,0,0,0,0,0,0,0,0,0,0,0,0,0,0,0
8677,GOLDEN MEDICAL PHARMACY,007490256,VITMI WOMEN,EFFERVESCENT TABLETS,,20S,0,0,5,1,0,0,0,0,0,0,0,0,0,0,0,0,0,0,0,0,0,0,0,0
A495,ALYA AL AMERAT PHARMACY,007490256,VITMI WOMEN,EFFERVESCENT TABLETS,,20S,3,0,9,1,2,0,0,0,2,0,0,0,0,0,0,0,0,0,0,0,0,0,0,0
A521,OMAN INTERNATIONAL HOSPITAL,007490256,VITMI WOMEN,EFFERVESCENT TABLETS,,20S,0,0,0,0,5,1,0,0,12,2,0,0,12,2,0,0,0,0,0,0,0,0,0,0
A551,ANJAAD PHARMACY,007490256,VITMI WOMEN,EFFERVESCENT TABLETS,,20S,0,0,2,0,0,0,0,0,0,0,0,0,2,0,0,0,0,0,0,0,0,0,0,0
A591,ALIF PHARMACY MEBELA,007490256,VITMI WOMEN,EFFERVESCENT TABLETS,,20S,0,0,0,0,2,0,0,0,0,0,0,0,0,0,0,0,0,0,0,0,0,0,0,0
A592,AMLA PHARMACY MUSANNAH,007490256,VITMI WOMEN,EFFERVESCENT TABLETS,,20S,0,0,0,0,0,0,0,0,0,0,0,0,2,0,0,0,0,0,0,0,0,0,0,0
B111,BADAR AL JASHMI-II PHARMACY,007490256,VITMI WOMEN,EFFERVESCENT TABLETS,,20S,0,0,0,0,50,11,0,0,0,0,0,0,0,0,0,0,0,0,0,0,0,0,0,0
B165,AL BAWARAK PHARMACY (Mabellah),007490256,VITMI WOMEN,EFFERVESCENT TABLETS,,20S,0,0,0,0,0,0,6,1,0,0,12,2,0,0,0,0,0,0,0,0,0,0,0,0
B186,BASMAT AL AMAL PHARMACY,007490256,VITMI WOMEN,EFFERVESCENT TABLETS,,20S,0,0,0,0,2,0,0,0,0,0,0,0,0,0,0,0,0,0,0,0,0,0,0,0
B210,AL BURAIMI MODERN PHARMACY,007490256,VITMI WOMEN,EFFERVESCENT TABLETS,,20S,0,0,0,0,0,0,0,0,10,2,0,0,0,0,0,0,0,0,0,0,0,0,0,0
B250,AL AIN PHARMACY (MABELLA-2),007490256,VITMI WOMEN,EFFERVESCENT TABLETS,,20S,0,0,0,0,0,0,3,0,0,0,0,0,0,0,0,0,0,0,0,0,0,0,0,0
C094,COSMED PHARMACY,007490256,VITMI WOMEN,EFFERVESCENT TABLETS,,20S,0,0,3,0,0,0,0,0,0,0,0,0,6,1,0,0,0,0,0,0,0,0,0,0
D153,DAR AL DAWAA PHARMACY - SOHAR,007490256,VITMI WOMEN,EFFERVESCENT TABLETS,,20S,0,0,5,1,0,0,1,0,0,0,0,0,0,0,0,0,0,0,0,0,0,0,0,0
F126,FAMILY MODERN PHARMACY,007490256,VITMI WOMEN,EFFERVESCENT TABLETS,,20S,0,0,0,0,0,0,0,0,1,0,0,0,0,0,0,0,0,0,0,0,0,0,0,0
F130,FARAH PHARMACY,007490256,VITMI WOMEN,EFFERVESCENT TABLETS,,20S,0,0,0,0,0,0,0,0,0,0,2,0,3,0,0,0,0,0,0,0,0,0,0,0
F142,AL FATEH PHARMACY,007490256,VITMI WOMEN,EFFERVESCENT TABLETS,,20S,0,0,10,2,0,0,0,0,0,0,0,0,0,0,0,0,0,0,0,0,0,0,0,0
G123,GOHARAT AL SHARQIYA PHARMACY,007490256,VITMI WOMEN,EFFERVESCENT TABLETS,,20S,0,0,0,0,0,0,10,2,0,0,0,0,0,0,0,0,0,0,0,0,0,0,0,0
G142,GULF OXYGEN PHARMACY LLC.,007490256,VITMI WOMEN,EFFERVESCENT TABLETS,,20S,0,0,25,5,0,0,0,0,0,0,0,0,0,0,0,0,0,0,0,0,0,0,0,0
H198,AL HARMEEN MODERN PHARMACY (STORES),007490256,VITMI WOMEN,EFFERVESCENT TABLETS,,20S,0,0,0,0,0,0,0,0,0,0,1,0,0,0,0,0,0,0,0,0,0,0,0,0
H245,HAYYAK PHARMACY,007490256,VITMI WOMEN,EFFERVESCENT TABLETS,,20S,2,0,0,0,0,0,0,0,0,0,0,0,0,0,0,0,0,0,0,0,0,0,0,0
H247,HOOR AL JENAN PHARMACY,007490256,VITMI WOMEN,EFFERVESCENT TABLETS,,20S,6,1,0,0,0,0,0,0,0,0,0,0,0,0,0,0,0,0,0,0,0,0,0,0
H251,HEALTH PHARMACY DRUG STORE,007490256,VITMI WOMEN,EFFERVESCENT TABLETS,,20S,0,0,10,2,0,0,0,0,25,5,0,0,0,0,0,0,0,0,0,0,0,0,0,0
I001,IBN SINA PHARMACY,007490256,VITMI WOMEN,EFFERVESCENT TABLETS,,20S,0,0,10,2,0,0,10,2,0,0,10,2,0,0,0,0,0,0,0,0,0,0,0,0
I035,IBN SALIM PHARMACY ( IBRA ),007490256,VITMI WOMEN,EFFERVESCENT TABLETS,,20S,0,0,0,0,10,2,0,0,0,0,5,1,0,0,0,0,0,0,0,0,0,0,0,0
I082,IBN SALEEM PHARMACY (MUDHAIBI),007490256,VITMI WOMEN,EFFERVESCENT TABLETS,,20S,0,0,0,0,2,0,0,0,0,0,0,0,0,0,0,0,0,0,0,0,0,0,0,0
J113,AL JADEED PHARMACY,007490256,VITMI WOMEN,EFFERVESCENT TABLETS,,20S,0,0,0,0,0,0,0,0,2,0,0,0,0,0,0,0,0,0,0,0,0,0,0,0
L070,LULU PHARMACY (CENTRAL STORES),007490256,VITMI WOMEN,EFFERVESCENT TABLETS,,20S,0,0,0,0,100,24,0,0,0,0,0,0,50,11,0,0,0,0,0,0,0,0,0,0
M304,NEW BEHLA PHARMACY - AL MAWALAH,007490256,VITMI WOMEN,EFFERVESCENT TABLETS,,20S,5,1,0,0,0,0,0,0,0,0,0,0,0,0,0,0,0,0,0,0,0,0,0,0
M377,MODERN AL SALAMA POLYCLINIC PHY.,007490256,VITMI WOMEN,EFFERVESCENT TABLETS,,20S,0,0,0,0,0,0,0,0,0,0,0,0,10,2,0,0,0,0,0,0,0,0,0,0
M531,AL MALAZ PHARMACY,007490256,VITMI WOMEN,EFFERVESCENT TABLETS,,20S,0,0,0,0,0,0,0,0,0,0,0,0,5,1,0,0,0,0,0,0,0,0,0,0
M535,AL MEEZAN PHARMACY,007490256,VITMI WOMEN,EFFERVESCENT TABLETS,,20S,0,0,5,1,0,0,0,0,0,0,0,0,0,0,0,0,0,0,0,0,0,0,0,0
N208,AL NASEEB PHARMACY,007490256,VITMI WOMEN,EFFERVESCENT TABLETS,,20S,0,0,0,0,2,0,2,0,0,0,0,0,0,0,0,0,0,0,0,0,0,0,0,0
O167,OMAR PHARMACY,007490256,VITMI WOMEN,EFFERVESCENT TABLETS,,20S,0,0,4,0,0,0,0,0,0,0,0,0,0,0,0,0,0,0,0,0,0,0,0,0
P047,PEACE LAND PHARMACY (GHOBRA),007490256,VITMI WOMEN,EFFERVESCENT TABLETS,,20S,0,0,0,0,0,0,0,0,0,0,0,0,5,1,0,0,0,0,0,0,0,0,0,0
P059,PREMIUM PHARMACY,007490256,VITMI WOMEN,EFFERVESCENT TABLETS,,20S,0,0,0,0,0,0,0,0,12,2,0,0,0,0,0,0,0,0,0,0,0,0,0,0
P068,PHARMALINA PHARMACY (AL KHOUD),007490256,VITMI WOMEN,EFFERVESCENT TABLETS,,20S,0,0,0,0,0,0,0,0,0,0,0,0,6,1,0,0,0,0,0,0,0,0,0,0
Q056,AL QUDS PHARMACY-BIRAKAT AL MAUZ,007490256,VITMI WOMEN,EFFERVESCENT TABLETS,,20S,0,0,0,0,25,5,0,0,0,0,0,0,0,0,0,0,0,0,0,0,0,0,0,0
R026,RUSTAQ PHARMACY,007490256,VITMI WOMEN,EFFERVESCENT TABLETS,,20S,0,0,0,0,0,0,0,0,0,0,15,3,0,0,0,0,0,0,0,0,0,0,0,0
R185,ROYAL PHARMACY,007490256,VITMI WOMEN,EFFERVESCENT TABLETS,,20S,5,1,0,0,0,0,0,0,0,0,0,0,0,0,0,0,0,0,0,0,0,0,0,0
S200,SOHAR PHARMACY - SOHAR,007490256,VITMI WOMEN,EFFERVESCENT TABLETS,,20S,0,0,5,1,0,0,0,0,0,0,0,0,0,0,0,0,0,0,0,0,0,0,0,0
S271,AL SAADI PHARMACY (BIDAYA),007490256,VITMI WOMEN,EFFERVESCENT TABLETS,,20S,0,0,15,3,0,0,0,0,0,0,0,0,0,0,0,0,0,0,0,0,0,0,0,0
S360,AL BUSHRA MEDICAL SPECIALTY COMPLEX,007490256,VITMI WOMEN,EFFERVESCENT TABLETS,,20S,0,0,0,0,7,1,0,0,0,0,0,0,0,0,0,0,0,0,0,0,0,0,0,0
U016,UM BALQEES NATIONAL CO. LLC,007490256,VITMI WOMEN,EFFERVESCENT TABLETS,,20S,0,0,0,0,0,0,10,2,0,0,0,0,10,2,0,0,0,0,0,0,0,0,0,0
V023,VISTA PHARMA,007490256,VITMI WOMEN,EFFERVESCENT TABLETS,,20S,50,11,50,11,0,0,0,0,0,0,0,0,0,0,0,0,0,0,0,0,0,0,0,0
W072,AL WADI PHARMACY (AMATHEL),007490256,VITMI WOMEN,EFFERVESCENT TABLETS,,20S,0,0,0,0,0,0,1,0,0,0,0,0,1,0,0,0,0,0,0,0,0,0,0,0
Z073,ZAD PHARMACY,007490256,VITMI WOMEN,EFFERVESCENT TABLETS,,20S,0,0,0,0,1,0,0,0,0,0,0,0,0,0,0,0,0,0,0,0,0,0,0,0
003,Al Gobra (Pharmacy) Branch,007490265,VOMIREL,EFFERVESCENT TABLETS,,20S,12,0,0,0,0,0,0,0,0,0,0,0,12,0,0,0,0,0,0,0,0,0,0,0
004,Al Rusayl Branch (Near SQUH),007490265,VOMIREL,EFFERVESCENT TABLETS,,20S,0,0,2,0,0,0,0,0,0,0,0,0,0,0,0,0,0,0,0,0,0,0,0,0
007,Al Hamra Branch,007490265,VOMIREL,EFFERVESCENT TABLETS,,20S,0,0,0,0,10,0,0,0,0,0,0,0,0,0,0,0,0,0,0,0,0,0,0,0
008,Medinat Qaboos Branch,007490265,VOMIREL,EFFERVESCENT TABLETS,,20S,12,0,0,0,0,0,0,0,0,0,0,0,0,0,0,0,0,0,0,0,0,0,0,0
009,Sohar Branch,007490265,VOMIREL,EFFERVESCENT TABLETS,,20S,0,0,0,0,5,0,0,0,0,0,0,0,0,0,0,0,0,0,0,0,0,0,0,0
010,Nizwa Branch,007490265,VOMIREL,EFFERVESCENT TABLETS,,20S,5,0,50,0,0,0,0,0,0,0,0,0,0,0,0,0,0,0,0,0,0,0,0,0
011,Khasab (Musandam) Branch,007490265,VOMIREL,EFFERVESCENT TABLETS,,20S,5,0,0,0,0,0,5,0,0,0,0,0,0,0,0,0,0,0,0,0,0,0,0,0
012,Musanna Branch,007490265,VOMIREL,EFFERVESCENT TABLETS,,20S,5,0,0,0,0,0,0,0,0,0,0,0,0,0,0,0,0,0,0,0,0,0,0,0
018,Darsait Branch,007490265,VOMIREL,EFFERVESCENT TABLETS,,20S,6,0,0,0,0,0,0,0,0,0,0,0,0,0,0,0,0,0,0,0,0,0,0,0
025,Qurum  Branch,007490265,VOMIREL,EFFERVESCENT TABLETS,,20S,4,0,0,0,0,0,0,0,0,0,0,0,0,0,0,0,0,0,0,0,0,0,0,0
026,Wadi Kabir Branch,007490265,VOMIREL,EFFERVESCENT TABLETS,,20S,63,0,0,0,0,0,0,0,0,0,0,0,0,0,0,0,0,0,0,0,0,0,0,0
028,Ibri Murtafa Branch,007490265,VOMIREL,EFFERVESCENT TABLETS,,20S,0,0,0,0,0,0,0,0,2,0,0,0,0,0,0,0,0,0,0,0,0,0,0,0
029,Saham Branch,007490265,VOMIREL,EFFERVESCENT TABLETS,,20S,5,0,0,0,0,0,0,0,0,0,0,0,0,0,0,0,0,0,0,0,0,0,0,0
032,Al Khuwair Branch,007490265,VOMIREL,EFFERVESCENT TABLETS,,20S,5,0,0,0,0,0,0,0,0,0,0,0,0,0,0,0,0,0,0,0,0,0,0,0
033,Al Kamel Branch,007490265,VOMIREL,EFFERVESCENT TABLETS,,20S,15,0,0,0,0,0,0,0,0,0,0,0,0,0,0,0,0,0,0,0,0,0,0,0
034,Al Suwaiq  Branch,007490265,VOMIREL,EFFERVESCENT TABLETS,,20S,3,0,10,0,0,0,0,0,0,0,0,0,0,0,0,0,0,0,0,0,0,0,0,0
038,Al Bidayah Branch,007490265,VOMIREL,EFFERVESCENT TABLETS,,20S,12,0,3,0,10,0,0,0,0,0,0,0,5,0,0,0,0,0,0,0,0,0,0,0
039,Seeb Branch,007490265,VOMIREL,EFFERVESCENT TABLETS,,20S,0,0,0,0,0,0,0,0,0,0,0,0,4,0,0,0,0,0,0,0,0,0,0,0
040,Masirah Branch,007490265,VOMIREL,EFFERVESCENT TABLETS,,20S,12,0,6,0,26,0,0,0,0,0,0,0,0,0,12,0,0,0,0,0,0,0,0,0
041,Al Muzn Mall Branch,007490265,VOMIREL,EFFERVESCENT TABLETS,,20S,0,0,0,0,0,0,3,0,0,0,0,0,0,0,0,0,0,0,0,0,0,0,0,0
042,Muscat Int'l Airport Branch - Landside,007490265,VOMIREL,EFFERVESCENT TABLETS,,20S,41,0,0,0,0,0,0,0,0,0,0,0,0,0,0,0,0,0,0,0,0,0,0,0
043,Muscat Int'l Airport Branch - Airside,007490265,VOMIREL,EFFERVESCENT TABLETS,,20S,8,0,0,0,0,0,28,0,0,0,6,0,0,0,0,0,0,0,0,0,0,0,0,0
044,Safeer (Azaiba) Branch,007490265,VOMIREL,EFFERVESCENT TABLETS,,20S,7,0,0,0,0,0,20,0,0,0,0,0,0,0,0,0,0,0,0,0,0,0,0,0
045,Ibri Sanaya Branch,007490265,VOMIREL,EFFERVESCENT TABLETS,,20S,0,0,0,0,1,0,0,0,0,0,5,0,0,0,0,0,0,0,0,0,0,0,0,0
046,Yanqil Branch,007490265,VOMIREL,EFFERVESCENT TABLETS,,20S,0,0,3,0,0,0,0,0,0,0,10,0,0,0,0,0,0,0,0,0,0,0,0,0
047,Ibra Branch,007490265,VOMIREL,EFFERVESCENT TABLETS,,20S,6,0,4,0,2,0,0,0,0,0,5,0,0,0,0,0,0,0,0,0,0,0,0,0
048,Sur Branch,007490265,VOMIREL,EFFERVESCENT TABLETS,,20S,0,0,0,0,0,0,6,0,0,0,3,0,0,0,0,0,0,0,0,0,0,0,0,0
068,Wadi Hatat Branch,007490265,VOMIREL,EFFERVESCENT TABLETS,,20S,26,0,0,0,0,0,0,0,0,0,0,0,0,0,0,0,0,0,0,0,0,0,0,0
080,Qurum City Centre Branch,007490265,VOMIREL,EFFERVESCENT TABLETS,,20S,6,0,0,0,0,0,0,0,0,0,0,0,0,0,0,0,0,0,0,0,0,0,0,0
081,Rustaq Branch,007490265,VOMIREL,EFFERVESCENT TABLETS,,20S,1,0,0,0,0,0,0,0,0,0,0,0,0,0,0,0,0,0,0,0,0,0,0,0
082,Al Khod Branch,007490265,VOMIREL,EFFERVESCENT TABLETS,,20S,0,0,0,0,0,0,0,0,0,0,0,0,6,0,0,0,0,0,0,0,0,0,0,0
084,Bilad Bani Buali Branch,007490265,VOMIREL,EFFERVESCENT TABLETS,,20S,8,0,0,0,0,0,5,0,0,0,10,0,0,0,0,0,0,0,0,0,0,0,0,0
087,Hamriya Branch,007490265,VOMIREL,EFFERVESCENT TABLETS,,20S,12,0,0,0,0,0,0,0,0,0,0,0,0,0,0,0,0,0,0,0,0,0,0,0
088,Al Sarooj Comm.Centre (Pharmacy),007490265,VOMIREL,EFFERVESCENT TABLETS,,20S,56,0,0,0,0,0,0,0,0,0,0,0,0,0,0,0,0,0,0,0,0,0,0,0
090,Muttrah Branch,007490265,VOMIREL,EFFERVESCENT TABLETS,,20S,6,0,0,0,0,0,0,0,0,0,0,0,0,0,0,0,0,0,0,0,0,0,0,0
091,Barka Branch,007490265,VOMIREL,EFFERVESCENT TABLETS,,20S,10,0,0,0,0,0,0,0,0,0,0,0,0,0,0,0,0,0,0,0,0,0,0,0
093,Ruwi High Street Branch,007490265,VOMIREL,EFFERVESCENT TABLETS,,20S,0,0,2,0,3,0,0,0,0,0,0,0,0,0,0,0,0,0,0,0,0,0,0,0
094,Buraimi Branch,007490265,VOMIREL,EFFERVESCENT TABLETS,,20S,11,0,0,0,9,0,6,0,10,0,0,0,0,0,0,0,0,0,0,0,0,0,0,0
097,Al Hail Branch,007490265,VOMIREL,EFFERVESCENT TABLETS,,20S,6,0,0,0,0,0,0,0,0,0,0,0,12,0,0,0,0,0,0,0,0,0,0,0
099,Al-Mawaleh Branch,007490265,VOMIREL,EFFERVESCENT TABLETS,,20S,0,0,10,0,0,0,0,0,0,0,0,0,0,0,0,0,0,0,0,0,0,0,0,0
100,Mabela Branch,007490265,VOMIREL,EFFERVESCENT TABLETS,,20S,10,0,0,0,0,0,0,0,0,0,0,0,0,0,0,0,0,0,0,0,0,0,0,0
101,Hay Al-Rahbah Cplx Branch (MQ),007490265,VOMIREL,EFFERVESCENT TABLETS,,20S,12,0,0,0,0,0,0,0,0,0,0,0,3,0,0,0,0,0,0,0,0,0,0,0
104,Khaburah Branch,007490265,VOMIREL,EFFERVESCENT TABLETS,,20S,0,0,0,0,2,0,0,0,0,0,0,0,0,0,0,0,0,0,0,0,0,0,0,0
105,Mall of Oman Branch,007490265,VOMIREL,EFFERVESCENT TABLETS,,20S,10,0,0,0,0,0,0,0,28,0,0,0,0,0,0,0,0,0,0,0,0,0,0,0
107,City Centre Branch,007490265,VOMIREL,EFFERVESCENT TABLETS,,20S,0,0,0,0,0,0,0,0,0,0,10,0,0,0,0,0,0,0,0,0,0,0,0,0
118,Safeer-Sohar (Pharmacy) Branch,007490265,VOMIREL,EFFERVESCENT TABLETS,,20S,0,0,0,0,0,0,0,0,0,0,0,0,10,0,0,0,0,0,0,0,0,0,0,0
124,Barka Grand Centre Branch,007490265,VOMIREL,EFFERVESCENT TABLETS,,20S,6,0,0,0,0,0,0,0,0,0,0,0,0,0,0,0,0,0,0,0,0,0,0,0
4415,AL ENAYA PHARMACY,007490265,VOMIREL,EFFERVESCENT TABLETS,,20S,0,0,0,0,0,0,15,3,0,0,0,0,0,0,0,0,0,0,0,0,0,0,0,0
8677,GOLDEN MEDICAL PHARMACY,007490265,VOMIREL,EFFERVESCENT TABLETS,,20S,0,0,0,0,0,0,2,0,0,0,0,0,0,0,0,0,0,0,0,0,0,0,0,0
A316,ALPHA MEDICAL CENTRE,007490265,VOMIREL,EFFERVESCENT TABLETS,,20S,0,0,0,0,10,2,0,0,0,0,0,0,0,0,0,0,0,0,0,0,0,0,0,0
A495,ALYA AL AMERAT PHARMACY,007490265,VOMIREL,EFFERVESCENT TABLETS,,20S,2,0,0,0,0,0,0,0,0,0,0,0,13,2,0,0,0,0,0,0,0,0,0,0
A546,ABAQ AL SHAHAD PHARMACY,007490265,VOMIREL,EFFERVESCENT TABLETS,,20S,0,0,0,0,0,0,0,0,0,0,0,0,5,1,0,0,0,0,0,0,0,0,0,0
A591,ALIF PHARMACY MEBELA,007490265,VOMIREL,EFFERVESCENT TABLETS,,20S,0,0,0,0,2,0,0,0,0,0,0,0,0,0,0,0,0,0,0,0,0,0,0,0
B165,AL BAWARAK PHARMACY (Mabellah),007490265,VOMIREL,EFFERVESCENT TABLETS,,20S,0,0,0,0,0,0,4,0,0,0,6,1,0,0,0,0,0,0,0,0,0,0,0,0
B186,BASMAT AL AMAL PHARMACY,007490265,VOMIREL,EFFERVESCENT TABLETS,,20S,0,0,2,0,0,0,0,0,0,0,5,1,0,0,0,0,0,0,0,0,0,0,0,0
D147,DIBBA PHARMACY,007490265,VOMIREL,EFFERVESCENT TABLETS,,20S,2,0,0,0,0,0,0,0,0,0,0,0,0,0,0,0,0,0,0,0,0,0,0,0
D159,DOCTOR MOHAMMED PHARMACY,007490265,VOMIREL,EFFERVESCENT TABLETS,,20S,5,1,0,0,0,0,0,0,0,0,0,0,0,0,0,0,0,0,0,0,0,0,0,0
F089,AL FAROOQ PHARMACY (Al Sawadi),007490265,VOMIREL,EFFERVESCENT TABLETS,,20S,0,0,0,0,5,1,0,0,0,0,0,0,0,0,0,0,0,0,0,0,0,0,0,0
F126,FAMILY MODERN PHARMACY,007490265,VOMIREL,EFFERVESCENT TABLETS,,20S,0,0,0,0,0,0,0,0,5,1,0,0,0,0,0,0,0,0,0,0,0,0,0,0
F130,FARAH PHARMACY,007490265,VOMIREL,EFFERVESCENT TABLETS,,20S,5,1,0,0,0,0,0,0,0,0,0,0,0,0,0,0,0,0,0,0,0,0,0,0
G123,GOHARAT AL SHARQIYA PHARMACY,007490265,VOMIREL,EFFERVESCENT TABLETS,,20S,0,0,0,0,0,0,10,2,0,0,0,0,0,0,0,0,0,0,0,0,0,0,0,0
I001,IBN SINA PHARMACY,007490265,VOMIREL,EFFERVESCENT TABLETS,,20S,0,0,5,1,0,0,0,0,0,0,0,0,0,0,0,0,0,0,0,0,0,0,0,0
J113,AL JADEED PHARMACY,007490265,VOMIREL,EFFERVESCENT TABLETS,,20S,0,0,0,0,0,0,0,0,2,0,0,0,0,0,0,0,0,0,0,0,0,0,0,0
K166,AL KARAM PHARMACY,007490265,VOMIREL,EFFERVESCENT TABLETS,,20S,0,0,0,0,1,0,0,0,0,0,0,0,0,0,0,0,0,0,0,0,0,0,0,0
M001,MAZOON PHARMACY,007490265,VOMIREL,EFFERVESCENT TABLETS,,20S,2,0,0,0,0,0,0,0,0,0,0,0,0,0,0,0,0,0,0,0,0,0,0,0
M304,NEW BEHLA PHARMACY - AL MAWALAH,007490265,VOMIREL,EFFERVESCENT TABLETS,,20S,5,1,0,0,0,0,0,0,0,0,0,0,0,0,0,0,0,0,0,0,0,0,0,0
M462,MED OASIS PHARMACY,007490265,VOMIREL,EFFERVESCENT TABLETS,,20S,0,0,0,0,0,0,5,1,0,0,0,0,0,0,0,0,0,0,0,0,0,0,0,0
N111,AL NOOR MEDICAL COMPLEX,007490265,VOMIREL,EFFERVESCENT TABLETS,,20S,0,0,10,2,0,0,0,0,0,0,0,0,0,0,0,0,0,0,0,0,0,0,0,0
O166,OZONE PHARMACY BEHLA,007490265,VOMIREL,EFFERVESCENT TABLETS,,20S,0,0,0,0,20,4,0,0,0,0,0,0,0,0,0,0,0,0,0,0,0,0,0,0
O167,OMAR PHARMACY,007490265,VOMIREL,EFFERVESCENT TABLETS,,20S,0,0,3,0,0,0,0,0,0,0,0,0,0,0,0,0,0,0,0,0,0,0,0,0
O169,OONS PHARMACY,007490265,VOMIREL,EFFERVESCENT TABLETS,,20S,0,0,0,0,0,0,3,0,0,0,0,0,0,0,0,0,0,0,0,0,0,0,0,0
O172,OMAN MEDICAL HUB,007490265,VOMIREL,EFFERVESCENT TABLETS,,20S,0,0,0,0,0,0,0,0,0,0,0,0,5,1,0,0,0,0,0,0,0,0,0,0
P072,PERFECT PHARMACY,007490265,VOMIREL,EFFERVESCENT TABLETS,,20S,0,0,1,0,0,0,0,0,0,0,0,0,0,0,0,0,0,0,0,0,0,0,0,0
Q056,AL QUDS PHARMACY-BIRAKAT AL MAUZ,007490265,VOMIREL,EFFERVESCENT TABLETS,,20S,0,0,0,0,25,5,0,0,0,0,0,0,0,0,0,0,0,0,0,0,0,0,0,0
R185,ROYAL PHARMACY,007490265,VOMIREL,EFFERVESCENT TABLETS,,20S,5,1,0,0,0,0,0,0,0,0,0,0,0,0,0,0,0,0,0,0,0,0,0,0
S061,BAHWAN HEALTHCARE CENTRE LLC.,007490265,VOMIREL,EFFERVESCENT TABLETS,,20S,0,0,0,0,0,0,0,0,5,1,5,1,0,0,0,0,0,0,0,0,0,0,0,0
V023,VISTA PHARMA,007490265,VOMIREL,EFFERVESCENT TABLETS,,20S,0,0,0,0,0,0,50,15,0,0,0,0,0,0,0,0,0,0,0,0,0,0,0,0
Z065,AL ZAKI PHARMACY,007490265,VOMIREL,EFFERVESCENT TABLETS,,20S,0,0,3,0,0,0,0,0,0,0,0,0,0,0,0,0,0,0,0,0,0,0,0,0
001,Ruwi Branch,007490300,ZINK C,EFFERVESCENT TABS,1000+10MG,20S,0,0,54,0,30,0,41,0,58,0,42,0,115,0,0,0,0,0,0,0,0,0,0,0
003,Al Gobra (Pharmacy) Branch,007490300,ZINK C,EFFERVESCENT TABS,1000+10MG,20S,56,0,150,0,0,0,111,0,133,0,61,0,149,0,0,0,0,0,0,0,0,0,0,0
004,Al Rusayl Branch (Near SQUH),007490300,ZINK C,EFFERVESCENT TABS,1000+10MG,20S,7,0,10,0,20,0,20,0,56,0,0,0,15,0,0,0,0,0,0,0,0,0,0,0
005,Wadi Kabir (Opp: Al Maha Pump) Br.,007490300,ZINK C,EFFERVESCENT TABS,1000+10MG,20S,0,0,10,0,0,0,0,0,0,0,10,0,0,0,0,0,0,0,0,0,0,0,0,0
006,Muttrah Souq  Branch,007490300,ZINK C,EFFERVESCENT TABS,1000+10MG,20S,0,0,0,0,14,0,0,0,10,0,0,0,31,0,0,0,0,0,0,0,0,0,0,0
007,Al Hamra Branch,007490300,ZINK C,EFFERVESCENT TABS,1000+10MG,20S,0,0,0,0,40,0,0,0,0,0,30,0,0,0,0,0,0,0,0,0,0,0,0,0
008,Medinat Qaboos Branch,007490300,ZINK C,EFFERVESCENT TABS,1000+10MG,20S,60,0,0,0,30,0,144,0,0,0,0,0,148,0,0,0,0,0,0,0,0,0,0,0
009,Sohar Branch,007490300,ZINK C,EFFERVESCENT TABS,1000+10MG,20S,0,0,0,0,0,0,30,0,15,0,40,0,35,0,20,0,0,0,0,0,0,0,0,0
010,Nizwa Branch,007490300,ZINK C,EFFERVESCENT TABS,1000+10MG,20S,0,0,96,0,52,0,0,0,0,0,0,0,0,0,0,0,0,0,0,0,0,0,0,0
011,Khasab (Musandam) Branch,007490300,ZINK C,EFFERVESCENT TABS,1000+10MG,20S,20,0,56,0,0,0,0,0,0,0,0,0,20,0,0,0,0,0,0,0,0,0,0,0
012,Musanna Branch,007490300,ZINK C,EFFERVESCENT TABS,1000+10MG,20S,0,0,0,0,16,0,6,0,12,0,0,0,28,0,0,0,0,0,0,0,0,0,0,0
018,Darsait Branch,007490300,ZINK C,EFFERVESCENT TABS,1000+10MG,20S,28,0,0,0,10,0,0,0,0,0,22,0,6,0,0,0,0,0,0,0,0,0,0,0
024,Greater Muttrah Branch,007490300,ZINK C,EFFERVESCENT TABS,1000+10MG,20S,0,0,12,0,20,0,20,0,0,0,20,0,42,0,0,0,0,0,0,0,0,0,0,0
025,Qurum  Branch,007490300,ZINK C,EFFERVESCENT TABS,1000+10MG,20S,32,0,0,0,0,0,20,0,0,0,66,0,0,0,0,0,0,0,0,0,0,0,0,0
026,Wadi Kabir Branch,007490300,ZINK C,EFFERVESCENT TABS,1000+10MG,20S,14,0,10,0,6,0,0,0,28,0,30,0,0,0,0,0,0,0,0,0,0,0,0,0
028,Ibri Murtafa Branch,007490300,ZINK C,EFFERVESCENT TABS,1000+10MG,20S,12,0,0,0,11,0,20,0,18,0,10,0,12,0,0,0,0,0,0,0,0,0,0,0
029,Saham Branch,007490300,ZINK C,EFFERVESCENT TABS,1000+10MG,20S,0,0,18,0,10,0,15,0,20,0,30,0,73,0,0,0,0,0,0,0,0,0,0,0
031,Al Sawadi Branch,007490300,ZINK C,EFFERVESCENT TABS,1000+10MG,20S,0,0,0,0,0,0,0,0,0,0,0,0,20,0,0,0,0,0,0,0,0,0,0,0
032,Al Khuwair Branch,007490300,ZINK C,EFFERVESCENT TABS,1000+10MG,20S,80,0,112,0,0,0,180,0,208,0,100,0,112,0,0,0,0,0,0,0,0,0,0,0
033,Al Kamel Branch,007490300,ZINK C,EFFERVESCENT TABS,1000+10MG,20S,35,0,0,0,40,0,0,0,40,0,0,0,50,0,0,0,0,0,0,0,0,0,0,0
034,Al Suwaiq  Branch,007490300,ZINK C,EFFERVESCENT TABS,1000+10MG,20S,60,0,0,0,0,0,0,0,100,0,0,0,0,0,40,0,0,0,0,0,0,0,0,0
038,Al Bidayah Branch,007490300,ZINK C,EFFERVESCENT TABS,1000+10MG,20S,60,0,0,0,0,0,20,0,30,0,0,0,20,0,0,0,0,0,0,0,0,0,0,0
039,Seeb Branch,007490300,ZINK C,EFFERVESCENT TABS,1000+10MG,20S,0,0,0,0,24,0,28,0,10,0,24,0,0,0,36,0,0,0,0,0,0,0,0,0
040,Masirah Branch,007490300,ZINK C,EFFERVESCENT TABS,1000+10MG,20S,56,0,12,0,44,0,48,0,28,0,56,0,12,0,84,0,0,0,0,0,0,0,0,0
041,Al Muzn Mall Branch,007490300,ZINK C,EFFERVESCENT TABS,1000+10MG,20S,1,0,40,0,0,0,0,0,28,0,0,0,30,0,0,0,0,0,0,0,0,0,0,0
042,Muscat Int'l Airport Branch - Landside,007490300,ZINK C,EFFERVESCENT TABS,1000+10MG,20S,57,0,0,0,56,0,28,0,0,0,0,0,74,0,0,0,0,0,0,0,0,0,0,0
043,Muscat Int'l Airport Branch - Airside,007490300,ZINK C,EFFERVESCENT TABS,1000+10MG,20S,52,0,56,0,28,0,0,0,0,0,91,0,91,0,0,0,0,0,0,0,0,0,0,0
044,Safeer (Azaiba) Branch,007490300,ZINK C,EFFERVESCENT TABS,1000+10MG,20S,0,0,56,0,0,0,56,0,112,0,0,0,38,0,0,0,0,0,0,0,0,0,0,0
045,Ibri Sanaya Branch,007490300,ZINK C,EFFERVESCENT TABS,1000+10MG,20S,0,0,30,0,36,0,84,0,0,0,36,0,110,0,0,0,0,0,0,0,0,0,0,0
046,Yanqil Branch,007490300,ZINK C,EFFERVESCENT TABS,1000+10MG,20S,0,0,82,0,0,0,56,0,0,0,0,0,15,0,0,0,0,0,0,0,0,0,0,0
047,Ibra Branch,007490300,ZINK C,EFFERVESCENT TABS,1000+10MG,20S,8,0,12,0,8,0,6,0,24,0,15,0,44,0,0,0,0,0,0,0,0,0,0,0
048,Sur Branch,007490300,ZINK C,EFFERVESCENT TABS,1000+10MG,20S,5,0,80,0,50,0,0,0,100,0,100,0,40,0,0,0,0,0,0,0,0,0,0,0
068,Wadi Hatat Branch,007490300,ZINK C,EFFERVESCENT TABS,1000+10MG,20S,36,0,0,0,20,0,30,0,30,0,49,0,0,0,504,0,0,0,0,0,0,0,0,0
080,Qurum City Centre Branch,007490300,ZINK C,EFFERVESCENT TABS,1000+10MG,20S,8,0,18,0,24,0,0,0,50,0,28,0,24,0,0,0,0,0,0,0,0,0,0,0
081,Rustaq Branch,007490300,ZINK C,EFFERVESCENT TABS,1000+10MG,20S,3,0,10,0,47,0,0,0,20,0,84,0,37,0,0,0,0,0,0,0,0,0,0,0
082,Al Khod Branch,007490300,ZINK C,EFFERVESCENT TABS,1000+10MG,20S,21,0,20,0,20,0,30,0,92,0,0,0,136,0,0,0,0,0,0,0,0,0,0,0
083,Sinaw Branch,007490300,ZINK C,EFFERVESCENT TABS,1000+10MG,20S,0,0,50,0,0,0,0,0,50,0,0,0,56,0,0,0,0,0,0,0,0,0,0,0
084,Bilad Bani Buali Branch,007490300,ZINK C,EFFERVESCENT TABS,1000+10MG,20S,51,0,0,0,0,0,20,0,100,0,0,0,60,0,0,0,0,0,0,0,0,0,0,0
087,Hamriya Branch,007490300,ZINK C,EFFERVESCENT TABS,1000+10MG,20S,38,0,0,0,0,0,40,0,0,0,40,0,0,0,0,0,0,0,0,0,0,0,0,0
088,Al Sarooj Comm.Centre (Pharmacy),007490300,ZINK C,EFFERVESCENT TABS,1000+10MG,20S,156,0,84,0,0,0,335,0,168,0,0,0,112,0,0,0,0,0,0,0,0,0,0,0
090,Muttrah Branch,007490300,ZINK C,EFFERVESCENT TABS,1000+10MG,20S,8,0,0,0,14,0,29,0,0,0,16,0,0,0,0,0,0,0,0,0,0,0,0,0
091,Barka Branch,007490300,ZINK C,EFFERVESCENT TABS,1000+10MG,20S,20,0,50,0,50,0,0,0,28,0,30,0,107,0,0,0,0,0,0,0,0,0,0,0
092,Bahla  Branch,007490300,ZINK C,EFFERVESCENT TABS,1000+10MG,20S,12,0,0,0,12,0,27,0,0,0,20,0,48,0,0,0,0,0,0,0,0,0,0,0
093,Ruwi High Street Branch,007490300,ZINK C,EFFERVESCENT TABS,1000+10MG,20S,0,0,3,0,5,0,0,0,0,0,20,0,12,0,0,0,0,0,0,0,0,0,0,0
094,Buraimi Branch,007490300,ZINK C,EFFERVESCENT TABS,1000+10MG,20S,48,0,24,0,41,0,40,0,20,0,24,0,64,0,0,0,0,0,0,0,0,0,0,0
097,Al Hail Branch,007490300,ZINK C,EFFERVESCENT TABS,1000+10MG,20S,20,0,0,0,31,0,32,0,56,0,30,0,68,0,0,0,0,0,0,0,0,0,0,0
098,Al Meera Al Amerat Branch,007490300,ZINK C,EFFERVESCENT TABS,1000+10MG,20S,2,0,12,0,10,0,6,0,38,0,10,0,0,0,0,0,0,0,0,0,0,0,0,0
099,Al-Mawaleh Branch,007490300,ZINK C,EFFERVESCENT TABS,1000+10MG,20S,100,0,250,0,200,0,150,0,224,0,100,0,0,0,200,0,0,0,0,0,0,0,0,0
100,Mabela Branch,007490300,ZINK C,EFFERVESCENT TABS,1000+10MG,20S,60,0,6,0,28,0,20,0,28,0,30,0,15,0,58,0,0,0,0,0,0,0,0,0
101,Hay Al-Rahbah Cplx Branch (MQ),007490300,ZINK C,EFFERVESCENT TABS,1000+10MG,20S,8,0,48,0,56,0,0,0,48,0,56,0,6,0,0,0,0,0,0,0,0,0,0,0
102,Liwa Branch,007490300,ZINK C,EFFERVESCENT TABS,1000+10MG,20S,0,0,10,0,0,0,0,0,0,0,0,0,0,0,0,0,0,0,0,0,0,0,0,0
103,Al Aqar Branch,007490300,ZINK C,EFFERVESCENT TABS,1000+10MG,20S,3,0,0,0,0,0,20,0,70,0,0,0,40,0,0,0,0,0,0,0,0,0,0,0
104,Khaburah Branch,007490300,ZINK C,EFFERVESCENT TABS,1000+10MG,20S,0,0,20,0,20,0,0,0,22,0,20,0,20,0,0,0,0,0,0,0,0,0,0,0
105,Mall of Oman Branch,007490300,ZINK C,EFFERVESCENT TABS,1000+10MG,20S,56,0,0,0,100,0,50,0,109,0,66,0,140,0,0,0,0,0,0,0,0,0,0,0
107,City Centre Branch,007490300,ZINK C,EFFERVESCENT TABS,1000+10MG,20S,30,0,60,0,60,0,30,0,42,0,120,0,0,0,0,0,0,0,0,0,0,0,0,0
118,Safeer-Sohar (Pharmacy) Branch,007490300,ZINK C,EFFERVESCENT TABS,1000+10MG,20S,4,0,0,0,24,0,0,0,0,0,20,0,28,0,0,0,0,0,0,0,0,0,0,0
124,Barka Grand Centre Branch,007490300,ZINK C,EFFERVESCENT TABS,1000+10MG,20S,448,0,0,0,0,0,0,0,0,0,0,0,0,0,0,0,0,0,0,0,0,0,0,0
2059,SAHAM PHARMACY,007490300,ZINK C,EFFERVESCENT TABS,1000+10MG,20S,0,0,0,0,0,0,0,0,10,2,0,0,5,1,0,0,0,0,0,0,0,0,0,0
3202,QARN AL RAWDAH CLINIC,007490300,ZINK C,EFFERVESCENT TABS,1000+10MG,20S,0,0,0,0,100,24,0,0,0,0,0,0,0,0,0,0,0,0,0,0,0,0,0,0
3574,AL HURIYAH PHARMACY,007490300,ZINK C,EFFERVESCENT TABS,1000+10MG,20S,0,0,0,0,0,0,50,11,0,0,0,0,50,11,0,0,0,0,0,0,0,0,0,0
4210,CENTRAL PHARMACY,007490300,ZINK C,EFFERVESCENT TABS,1000+10MG,20S,10,2,0,0,50,11,0,0,0,0,20,4,0,0,0,0,0,0,0,0,0,0,0,0
4415,AL ENAYA PHARMACY,007490300,ZINK C,EFFERVESCENT TABS,1000+10MG,20S,0,0,0,0,0,0,100,24,0,0,0,0,0,0,0,0,0,0,0,0,0,0,0,0
8381,IBN AL HAITHAM MEDICAL CENTRE,007490300,ZINK C,EFFERVESCENT TABS,1000+10MG,20S,0,0,0,0,0,0,3,0,2,0,0,0,0,0,0,0,0,0,0,0,0,0,0,0
8677,GOLDEN MEDICAL PHARMACY,007490300,ZINK C,EFFERVESCENT TABS,1000+10MG,20S,0,0,50,11,0,0,50,11,0,0,0,0,0,0,0,0,0,0,0,0,0,0,0,0
A138,ADAM  PHARMACY,007490300,ZINK C,EFFERVESCENT TABS,1000+10MG,20S,0,0,25,5,100,24,0,0,0,0,0,0,0,0,0,0,0,0,0,0,0,0,0,0
A238,ABU BADER AL HOSNI PHY. (KHABURAH),007490300,ZINK C,EFFERVESCENT TABS,1000+10MG,20S,0,0,0,0,0,0,100,24,0,0,0,0,0,0,0,0,0,0,0,0,0,0,0,0
A312,ABRAJ ENERGY SERVICES LLC,007490300,ZINK C,EFFERVESCENT TABS,1000+10MG,20S,0,0,2,0,35,0,45,0,20,0,94,0,48,0,0,0,0,0,0,0,0,0,0,0
A316,ALPHA MEDICAL CENTRE,007490300,ZINK C,EFFERVESCENT TABS,1000+10MG,20S,0,0,0,0,0,0,25,5,75,16,100,24,0,0,0,0,0,0,0,0,0,0,0,0
A337,ABU BADER AL HOSNI PHARMACY (KHADRA),007490300,ZINK C,EFFERVESCENT TABS,1000+10MG,20S,0,0,2,0,0,0,0,0,0,0,0,0,0,0,0,0,0,0,0,0,0,0,0,0
A356,ABU BADER AL HOSNI PHARMACY (SUWAIQ),007490300,ZINK C,EFFERVESCENT TABS,1000+10MG,20S,0,0,0,0,0,0,0,0,0,0,5,1,0,0,0,0,0,0,0,0,0,0,0,0
A364,BAWSHAR PHARMACY,007490300,ZINK C,EFFERVESCENT TABS,1000+10MG,20S,0,0,0,0,0,0,50,11,0,0,0,0,0,0,0,0,0,0,0,0,0,0,0,0
A451,ABU RAYAAN PHARMACY,007490300,ZINK C,EFFERVESCENT TABS,1000+10MG,20S,0,0,0,0,0,0,0,0,0,0,0,0,6,1,0,0,0,0,0,0,0,0,0,0
A454,AJMAL AL FARABI PHARMACY,007490300,ZINK C,EFFERVESCENT TABS,1000+10MG,20S,0,0,0,0,0,0,25,5,25,5,0,0,0,0,0,0,0,0,0,0,0,0,0,0
A495,ALYA AL AMERAT PHARMACY,007490300,ZINK C,EFFERVESCENT TABS,1000+10MG,20S,38,7,21,4,0,0,10,2,25,5,0,0,0,0,0,0,0,0,0,0,0,0,0,0
A503,ASIA PHARMACY (RUWI),007490300,ZINK C,EFFERVESCENT TABS,1000+10MG,20S,0,0,0,0,0,0,0,0,0,0,10,2,0,0,0,0,0,0,0,0,0,0,0,0
A506,ABU AMAL MEDICAL STORE,007490300,ZINK C,EFFERVESCENT TABS,1000+10MG,20S,0,0,0,0,0,0,300,90,0,0,0,0,0,0,0,0,0,0,0,0,0,0,0,0
A516,AMWAJ PHARMACY & STORES LLC.,007490300,ZINK C,EFFERVESCENT TABS,1000+10MG,20S,50,20,50,20,0,0,200,80,200,80,100,40,100,40,0,0,0,0,0,0,0,0,0,0
A517,EVA PHARMACY,007490300,ZINK C,EFFERVESCENT TABS,1000+10MG,20S,100,24,50,10,0,0,50,11,100,24,75,16,0,0,0,0,0,0,0,0,0,0,0,0
A521,OMAN INTERNATIONAL HOSPITAL,007490300,ZINK C,EFFERVESCENT TABS,1000+10MG,20S,0,0,0,0,0,0,10,2,10,2,25,5,25,5,0,0,0,0,0,0,0,0,0,0
A524,ABU AMAL PHARMACY (BU HASSAN),007490300,ZINK C,EFFERVESCENT TABS,1000+10MG,20S,0,0,0,0,0,0,5,1,5,1,0,0,0,0,0,0,0,0,0,0,0,0,0,0
A536,ABU TURKEY PHARMACY (MABELA),007490300,ZINK C,EFFERVESCENT TABS,1000+10MG,20S,50,11,0,0,0,0,0,0,0,0,0,0,0,0,0,0,0,0,0,0,0,0,0,0
A540,AYA PHARMACY (AMERAT),007490300,ZINK C,EFFERVESCENT TABS,1000+10MG,20S,0,0,0,0,100,24,0,0,0,0,100,24,0,0,0,0,0,0,0,0,0,0,0,0
A542,AMLA PHARMACY,007490300,ZINK C,EFFERVESCENT TABS,1000+10MG,20S,0,0,0,0,0,0,0,0,10,2,5,1,5,1,0,0,0,0,0,0,0,0,0,0
A551,ANJAAD PHARMACY,007490300,ZINK C,EFFERVESCENT TABS,1000+10MG,20S,0,0,0,0,0,0,50,11,0,0,0,0,25,5,0,0,0,0,0,0,0,0,0,0
A565,ANMR MEDICAL STORE,007490300,ZINK C,EFFERVESCENT TABS,1000+10MG,20S,0,0,1000,300,0,0,0,0,0,0,0,0,500,150,0,0,0,0,0,0,0,0,0,0
A576,AL ATTA'A MEDICAL STORE,007490300,ZINK C,EFFERVESCENT TABS,1000+10MG,20S,200,48,0,0,0,0,0,0,200,48,0,0,0,0,0,0,0,0,0,0,0,0,0,0
A587,AWARD PHARMACY,007490300,ZINK C,EFFERVESCENT TABS,1000+10MG,20S,0,0,0,0,10,1,0,0,0,0,0,0,0,0,0,0,0,0,0,0,0,0,0,0
A591,ALIF PHARMACY MEBELA,007490300,ZINK C,EFFERVESCENT TABS,1000+10MG,20S,0,0,0,0,0,0,5,1,10,2,0,0,5,1,0,0,0,0,0,0,0,0,0,0
A592,AMLA PHARMACY MUSANNAH,007490300,ZINK C,EFFERVESCENT TABS,1000+10MG,20S,0,0,0,0,0,0,0,0,0,0,0,0,5,1,0,0,0,0,0,0,0,0,0,0
B064,BELQEES PHARMACY  (AL KHOUD I - MAIN),007490300,ZINK C,EFFERVESCENT TABS,1000+10MG,20S,50,11,0,0,50,11,0,0,50,11,0,0,50,11,0,0,0,0,0,0,0,0,0,0
B108,AL BAWARAK PHARMACY,007490300,ZINK C,EFFERVESCENT TABS,1000+10MG,20S,0,0,10,2,15,3,0,0,10,2,0,0,0,0,0,0,0,0,0,0,0,0,0,0
B111,BADAR AL JASHMI-II PHARMACY,007490300,ZINK C,EFFERVESCENT TABS,1000+10MG,20S,100,24,0,0,0,0,0,0,100,24,0,0,0,0,0,0,0,0,0,0,0,0,0,0
B132,BELQEES PHARMACY (AL KHOUD - II),007490300,ZINK C,EFFERVESCENT TABS,1000+10MG,20S,5,1,0,0,25,5,0,0,0,0,10,2,0,0,0,0,0,0,0,0,0,0,0,0
B133,BELQEES PHARMACY (MABELLA),007490300,ZINK C,EFFERVESCENT TABS,1000+10MG,20S,0,0,12,2,10,2,20,4,20,4,30,6,20,4,0,0,0,0,0,0,0,0,0,0
B137,BELQEES PHARMACY (SUMAIL),007490300,ZINK C,EFFERVESCENT TABS,1000+10MG,20S,0,0,100,24,0,0,0,0,0,0,100,24,0,0,0,0,0,0,0,0,0,0,0,0
B138,BOMBAY MEDICAL & DIAGNOSTIC CENTRE,007490300,ZINK C,EFFERVESCENT TABS,1000+10MG,20S,0,0,0,0,0,0,0,0,0,0,6,0,0,0,0,0,0,0,0,0,0,0,0,0
B145,AL BASMA PHARMACY,007490300,ZINK C,EFFERVESCENT TABS,1000+10MG,20S,0,0,0,0,0,0,100,24,0,0,0,0,0,0,0,0,0,0,0,0,0,0,0,0
B165,AL BAWARAK PHARMACY (Mabellah),007490300,ZINK C,EFFERVESCENT TABS,1000+10MG,20S,0,0,0,0,0,0,100,24,0,0,200,48,0,0,0,0,0,0,0,0,0,0,0,0
B166,AL BAWARAK PHARMACY,007490300,ZINK C,EFFERVESCENT TABS,1000+10MG,20S,20,4,20,4,0,0,20,4,25,5,0,0,20,4,0,0,0,0,0,0,0,0,0,0
B186,BASMAT AL AMAL PHARMACY,007490300,ZINK C,EFFERVESCENT TABS,1000+10MG,20S,0,0,0,0,10,2,0,0,0,0,10,2,0,0,0,0,0,0,0,0,0,0,0,0
B210,AL BURAIMI MODERN PHARMACY,007490300,ZINK C,EFFERVESCENT TABS,1000+10MG,20S,0,0,100,24,0,0,0,0,200,48,0,0,0,0,0,0,0,0,0,0,0,0,0,0
B238,AL BALSAM AL SHAFI PHARMACY,007490300,ZINK C,EFFERVESCENT TABS,1000+10MG,20S,0,0,50,11,0,0,0,0,50,11,0,0,0,0,0,0,0,0,0,0,0,0,0,0
B242,AL BANDER PHARMACY,007490300,ZINK C,EFFERVESCENT TABS,1000+10MG,20S,0,0,10,2,0,0,0,0,12,2,10,2,0,0,0,0,0,0,0,0,0,0,0,0
B249,Al Bahja Pharmacy,007490300,ZINK C,EFFERVESCENT TABS,1000+10MG,20S,0,0,0,0,0,0,10,2,0,0,0,0,0,0,0,0,0,0,0,0,0,0,0,0
B271,AL BASAER PHARMACY,007490300,ZINK C,EFFERVESCENT TABS,1000+10MG,20S,0,0,10,2,0,0,0,0,10,2,10,2,0,0,0,0,0,0,0,0,0,0,0,0
B274,BAHR AL AFIA MEDICAL STORE,007490300,ZINK C,EFFERVESCENT TABS,1000+10MG,20S,50,11,0,0,0,0,0,0,0,0,0,0,100,24,0,0,0,0,0,0,0,0,0,0
C056,CORDOBA PHARMACY,007490300,ZINK C,EFFERVESCENT TABS,1000+10MG,20S,0,0,50,11,0,0,0,0,0,0,0,0,50,11,0,0,0,0,0,0,0,0,0,0
C074,AL CANARY PHARMACY,007490300,ZINK C,EFFERVESCENT TABS,1000+10MG,20S,0,0,0,0,0,0,50,11,0,0,0,0,0,0,0,0,0,0,0,0,0,0,0,0
C094,COSMED PHARMACY,007490300,ZINK C,EFFERVESCENT TABS,1000+10MG,20S,10,2,0,0,5,1,10,2,0,0,0,0,11,2,0,0,0,0,0,0,0,0,0,0
C912,HVS - Pharma,007490300,ZINK C,EFFERVESCENT TABS,1000+10MG,20S,0,0,0,0,10,2,0,0,0,0,0,0,0,0,0,0,0,0,0,0,0,0,0,0
C964,HITEN P DOSHI (STAFF #1273),007490300,ZINK C,EFFERVESCENT TABS,1000+10MG,20S,0,0,0,0,0,0,0,0,0,0,50,11,0,0,0,0,0,0,0,0,0,0,0,0
D099,DAR AL HAKEEM PHARMACY,007490300,ZINK C,EFFERVESCENT TABS,1000+10MG,20S,0,0,10,2,0,0,0,0,0,0,0,0,0,0,0,0,0,0,0,0,0,0,0,0
D114,DELTA PHARMACY MEDICAL STORE,007490300,ZINK C,EFFERVESCENT TABS,1000+10MG,20S,0,0,300,90,0,0,0,0,0,0,400,140,200,70,0,0,0,0,0,0,0,0,0,0
D119,DAWACOM PHARMACY,007490300,ZINK C,EFFERVESCENT TABS,1000+10MG,20S,0,0,0,0,0,0,0,0,10,2,0,0,10,2,0,0,0,0,0,0,0,0,0,0
D142,DOLPHIN PHARMACY,007490300,ZINK C,EFFERVESCENT TABS,1000+10MG,20S,100,24,0,0,5,1,0,0,0,0,0,0,0,0,0,0,0,0,0,0,0,0,0,0
D147,DIBBA PHARMACY,007490300,ZINK C,EFFERVESCENT TABS,1000+10MG,20S,0,0,0,0,0,0,50,11,0,0,0,0,0,0,0,0,0,0,0,0,0,0,0,0
D153,DAR AL DAWAA PHARMACY - SOHAR,007490300,ZINK C,EFFERVESCENT TABS,1000+10MG,20S,0,0,0,0,0,0,25,5,0,0,0,0,0,0,0,0,0,0,0,0,0,0,0,0
E023,KCA DEUTAG ENERGY LLC.,007490300,ZINK C,EFFERVESCENT TABS,1000+10MG,20S,0,0,2,0,0,0,22,0,0,0,0,0,0,0,0,0,0,0,0,0,0,0,0,0
E048,AL EHSAN PHARMACY,007490300,ZINK C,EFFERVESCENT TABS,1000+10MG,20S,25,5,0,0,0,0,25,5,0,0,25,5,0,0,0,0,0,0,0,0,0,0,0,0
F052,AL FARAHIDI PHARMACY (HAMRA),007490300,ZINK C,EFFERVESCENT TABS,1000+10MG,20S,0,0,10,2,0,0,10,2,10,2,10,2,10,2,0,0,0,0,0,0,0,0,0,0
F089,AL FAROOQ PHARMACY (Al Sawadi),007490300,ZINK C,EFFERVESCENT TABS,1000+10MG,20S,0,0,0,0,25,5,0,0,0,0,0,0,0,0,0,0,0,0,0,0,0,0,0,0
F130,FARAH PHARMACY,007490300,ZINK C,EFFERVESCENT TABS,1000+10MG,20S,50,11,0,0,0,0,0,0,50,11,0,0,50,11,0,0,0,0,0,0,0,0,0,0
F132,FIRST CARE PHARMACY,007490300,ZINK C,EFFERVESCENT TABS,1000+10MG,20S,0,0,0,0,0,0,100,24,0,0,0,0,100,30,0,0,0,0,0,0,0,0,0,0
F133,AL FUTTAIM PHARMACY,007490300,ZINK C,EFFERVESCENT TABS,1000+10MG,20S,0,0,50,11,0,0,0,0,50,11,10,2,50,11,0,0,0,0,0,0,0,0,0,0
F139,AL FURAT PHARMACY,007490300,ZINK C,EFFERVESCENT TABS,1000+10MG,20S,10,2,0,0,0,0,0,0,0,0,0,0,0,0,0,0,0,0,0,0,0,0,0,0
F142,AL FATEH PHARMACY,007490300,ZINK C,EFFERVESCENT TABS,1000+10MG,20S,0,0,50,11,0,0,0,0,0,0,0,0,0,0,0,0,0,0,0,0,0,0,0,0
F152,AL FANAR PHARMACY,007490300,ZINK C,EFFERVESCENT TABS,1000+10MG,20S,50,11,0,0,0,0,0,0,0,0,0,0,0,0,0,0,0,0,0,0,0,0,0,0
G123,GOHARAT AL SHARQIYA PHARMACY,007490300,ZINK C,EFFERVESCENT TABS,1000+10MG,20S,0,0,0,0,0,0,100,24,0,0,0,0,0,0,0,0,0,0,0,0,0,0,0,0
G142,GULF OXYGEN PHARMACY LLC.,007490300,ZINK C,EFFERVESCENT TABS,1000+10MG,20S,0,0,200,48,200,48,0,0,0,0,0,0,0,0,0,0,0,0,0,0,0,0,0,0
G155,AL GHADA PHARMACY,007490300,ZINK C,EFFERVESCENT TABS,1000+10MG,20S,0,0,5,1,0,0,0,0,0,0,0,0,0,0,0,0,0,0,0,0,0,0,0,0
H198,AL HARMEEN MODERN PHARMACY (STORES),007490300,ZINK C,EFFERVESCENT TABS,1000+10MG,20S,50,11,0,0,60,13,60,12,55,11,95,19,95,20,0,0,0,0,0,0,0,0,0,0
H220,HOR EYES PHARMACY,007490300,ZINK C,EFFERVESCENT TABS,1000+10MG,20S,0,0,0,0,50,11,0,0,0,0,0,0,0,0,0,0,0,0,0,0,0,0,0,0
H236,HELENA PHARMACY,007490300,ZINK C,EFFERVESCENT TABS,1000+10MG,20S,0,0,0,0,0,0,0,0,5,1,0,0,3,0,0,0,0,0,0,0,0,0,0,0
H238,HEALTH CORNER PHARMACY,007490300,ZINK C,EFFERVESCENT TABS,1000+10MG,20S,0,0,0,0,0,0,5,1,0,0,0,0,0,0,0,0,0,0,0,0,0,0,0,0
H245,HAYYAK PHARMACY,007490300,ZINK C,EFFERVESCENT TABS,1000+10MG,20S,10,2,0,0,0,0,10,2,0,0,0,0,0,0,0,0,0,0,0,0,0,0,0,0
H247,HOOR AL JENAN PHARMACY,007490300,ZINK C,EFFERVESCENT TABS,1000+10MG,20S,12,2,0,0,0,0,0,0,0,0,0,0,0,0,0,0,0,0,0,0,0,0,0,0
H251,HEALTH PHARMACY DRUG STORE,007490300,ZINK C,EFFERVESCENT TABS,1000+10MG,20S,0,0,200,48,0,0,0,0,50,11,100,24,0,0,0,0,0,0,0,0,0,0,0,0
I001,IBN SINA PHARMACY,007490300,ZINK C,EFFERVESCENT TABS,1000+10MG,20S,0,0,50,12,0,0,50,12,0,0,50,12,0,0,0,0,0,0,0,0,0,0,0,0
I035,IBN SALIM PHARMACY ( IBRA ),007490300,ZINK C,EFFERVESCENT TABS,1000+10MG,20S,0,0,100,30,300,90,0,0,0,0,0,0,0,0,0,0,0,0,0,0,0,0,0,0
I049,IBN AL HAITHAM PHARMACY - IBRA,007490300,ZINK C,EFFERVESCENT TABS,1000+10MG,20S,0,0,0,0,15,3,25,5,15,3,0,0,0,0,0,0,0,0,0,0,0,0,0,0
I107,IBN AL YAFEI PHARMACY (SHARIYA),007490300,ZINK C,EFFERVESCENT TABS,1000+10MG,20S,0,0,100,24,0,0,0,0,0,0,0,0,0,0,0,0,0,0,0,0,0,0,0,0
J044,AL JABRY PHARMACY (STORES),007490300,ZINK C,EFFERVESCENT TABS,1000+10MG,20S,0,0,0,0,200,60,0,0,0,0,100,30,0,0,0,0,0,0,0,0,0,0,0,0
J111,JANNATH PHARMACY,007490300,ZINK C,EFFERVESCENT TABS,1000+10MG,20S,50,11,0,0,50,11,0,0,50,11,0,0,50,11,0,0,0,0,0,0,0,0,0,0
J113,AL JADEED PHARMACY,007490300,ZINK C,EFFERVESCENT TABS,1000+10MG,20S,10,2,0,0,0,0,0,0,0,0,0,0,0,0,0,0,0,0,0,0,0,0,0,0
K119,KIMS OMAN MEDICAL COMPLEX,007490300,ZINK C,EFFERVESCENT TABS,1000+10MG,20S,50,11,0,0,50,11,0,0,0,0,0,0,0,0,0,0,0,0,0,0,0,0,0,0
K166,AL KARAM PHARMACY,007490300,ZINK C,EFFERVESCENT TABS,1000+10MG,20S,0,0,10,2,10,2,0,0,25,5,0,0,10,2,0,0,0,0,0,0,0,0,0,0
K168,AL KIYUMI PHARMACY,007490300,ZINK C,EFFERVESCENT TABS,1000+10MG,20S,0,0,0,0,0,0,50,11,0,0,0,0,0,0,0,0,0,0,0,0,0,0,0,0
K177,AL KAWTHAR PHARMACY,007490300,ZINK C,EFFERVESCENT TABS,1000+10MG,20S,0,0,50,11,0,0,0,0,0,0,0,0,0,0,0,0,0,0,0,0,0,0,0,0
K180,AL KHATMAIN PHARMACY,007490300,ZINK C,EFFERVESCENT TABS,1000+10MG,20S,0,0,0,0,0,0,5,1,0,0,0,0,0,0,0,0,0,0,0,0,0,0,0,0
K185,KAFUF AL ATTA PHARMACY,007490300,ZINK C,EFFERVESCENT TABS,1000+10MG,20S,0,0,0,0,10,2,0,0,0,0,0,0,0,0,0,0,0,0,0,0,0,0,0,0
L070,LULU PHARMACY (CENTRAL STORES),007490300,ZINK C,EFFERVESCENT TABS,1000+10MG,20S,500,140,500,150,500,150,0,0,0,10,0,0,500,150,0,0,0,0,0,0,0,0,0,0
M001,MAZOON PHARMACY,007490300,ZINK C,EFFERVESCENT TABS,1000+10MG,20S,2,0,0,0,0,0,0,0,0,0,0,0,0,0,0,0,0,0,0,0,0,0,0,0
M011,MUSCAT PHARMACY & STORES SALALAH LLC,007490300,ZINK C,EFFERVESCENT TABS,1000+10MG,20S,25,5,50,11,0,0,50,11,25,5,700,180,1000,300,0,0,0,0,0,0,0,0,0,0
M304,NEW BEHLA PHARMACY - AL MAWALAH,007490300,ZINK C,EFFERVESCENT TABS,1000+10MG,20S,25,5,50,12,0,0,0,0,50,11,0,0,0,0,0,0,0,0,0,0,0,0,0,0
M318,AL MANTASAR PHARMACY  (SINAW),007490300,ZINK C,EFFERVESCENT TABS,1000+10MG,20S,0,0,0,0,0,0,0,0,0,0,0,0,25,5,0,0,0,0,0,0,0,0,0,0
M328,MOHAMMED JAMIL PHARMACY (MABELA),007490300,ZINK C,EFFERVESCENT TABS,1000+10MG,20S,20,4,0,0,0,0,0,0,10,2,0,0,0,0,0,0,0,0,0,0,0,0,0,0
M377,MODERN AL SALAMA POLYCLINIC PHY.,007490300,ZINK C,EFFERVESCENT TABS,1000+10MG,20S,0,0,100,24,0,0,100,35,0,0,0,0,0,0,0,0,0,0,0,0,0,0,0,0
M385,AL MISK PHARMACY,007490300,ZINK C,EFFERVESCENT TABS,1000+10MG,20S,0,0,5,1,0,0,25,5,0,0,0,0,0,0,0,0,0,0,0,0,0,0,0,0
M502,AL MANAL PHARMACY STORE LLC (WAREHOUSE),007490300,ZINK C,EFFERVESCENT TABS,1000+10MG,20S,0,0,300,78,0,0,0,0,0,0,0,0,0,0,0,0,0,0,0,0,0,0,0,0
M506,MASSAYA AL-KHABOURA PHARMACY (MAK),007490300,ZINK C,EFFERVESCENT TABS,1000+10MG,20S,0,0,0,0,0,0,0,0,0,0,0,0,10,2,0,0,0,0,0,0,0,0,0,0
M535,AL MEEZAN PHARMACY,007490300,ZINK C,EFFERVESCENT TABS,1000+10MG,20S,0,0,0,0,0,0,0,0,25,5,0,0,0,0,0,0,0,0,0,0,0,0,0,0
N077,NATIONAL DRILLING & SERVICES L L C,007490300,ZINK C,EFFERVESCENT TABS,1000+10MG,20S,0,0,0,0,0,0,0,0,10,0,0,0,0,0,0,0,0,0,0,0,0,0,0,0
N111,AL NOOR MEDICAL COMPLEX,007490300,ZINK C,EFFERVESCENT TABS,1000+10MG,20S,0,0,10,2,0,0,25,5,0,0,0,0,0,0,0,0,0,0,0,0,0,0,0,0
N208,AL NASEEB PHARMACY,007490300,ZINK C,EFFERVESCENT TABS,1000+10MG,20S,0,0,0,0,0,0,0,0,0,0,5,1,0,0,0,0,0,0,0,0,0,0,0,0
N234,NAIRUZ PHARMACY,007490300,ZINK C,EFFERVESCENT TABS,1000+10MG,20S,0,0,100,24,0,0,0,0,0,0,0,0,0,0,0,0,0,0,0,0,0,0,0,0
N268,NIZWA PHARMACY (Safari Roses),007490300,ZINK C,EFFERVESCENT TABS,1000+10MG,20S,0,0,0,0,55,5,0,0,25,5,20,5,10,2,0,0,0,0,0,0,0,0,0,0
N276,AL NAMA PHARMACY,007490300,ZINK C,EFFERVESCENT TABS,1000+10MG,20S,0,0,5,1,0,0,5,1,0,0,10,2,0,0,0,0,0,0,0,0,0,0,0,0
O163,OMANIA PHARMACY - AL KHOUDH,007490300,ZINK C,EFFERVESCENT TABS,1000+10MG,20S,0,0,5,1,0,0,0,0,0,0,0,0,0,0,0,0,0,0,0,0,0,0,0,0
O167,OMAR PHARMACY,007490300,ZINK C,EFFERVESCENT TABS,1000+10MG,20S,0,0,10,2,0,0,0,0,0,0,0,0,0,0,0,0,0,0,0,0,0,0,0,0
O169,OONS PHARMACY,007490300,ZINK C,EFFERVESCENT TABS,1000+10MG,20S,0,0,0,0,0,0,5,1,0,0,0,0,0,0,0,0,0,0,0,0,0,0,0,0
O170,OZONE PHARMACY - BARKA,007490300,ZINK C,EFFERVESCENT TABS,1000+10MG,20S,0,0,0,0,0,0,0,0,25,5,25,5,0,0,0,0,0,0,0,0,0,0,0,0
O172,OMAN MEDICAL HUB,007490300,ZINK C,EFFERVESCENT TABS,1000+10MG,20S,0,0,0,0,0,0,0,0,0,0,0,0,10,2,0,0,0,0,0,0,0,0,0,0
P041,NABORS DRILLING SERVICES BV (Oman Branch),007490300,ZINK C,EFFERVESCENT TABS,1000+10MG,20S,0,0,20,0,20,0,30,0,0,0,30,0,0,0,0,0,0,0,0,0,0,0,0,0
P047,PEACE LAND PHARMACY (GHOBRA),007490300,ZINK C,EFFERVESCENT TABS,1000+10MG,20S,0,0,0,0,0,0,0,0,0,0,0,0,25,5,0,0,0,0,0,0,0,0,0,0
P056,PEACE LAND MEDICAL SERVICES LLC.,007490300,ZINK C,EFFERVESCENT TABS,1000+10MG,20S,0,0,0,0,0,0,10,0,25,0,0,0,0,0,0,0,0,0,0,0,0,0,0,0
P057,PRIME PHARMACY ONE,007490300,ZINK C,EFFERVESCENT TABS,1000+10MG,20S,0,0,0,0,3,0,0,0,0,0,0,0,0,0,0,0,0,0,0,0,0,0,0,0
P059,PREMIUM PHARMACY,007490300,ZINK C,EFFERVESCENT TABS,1000+10MG,20S,0,0,50,11,0,0,0,0,100,24,0,0,0,0,0,0,0,0,0,0,0,0,0,0
P065,PHARMA OVERSEAS MEDICAL STORES,007490300,ZINK C,EFFERVESCENT TABS,1000+10MG,20S,0,0,0,0,0,0,100,35,0,0,0,0,0,0,0,0,0,0,0,0,0,0,0,0
P068,PHARMALINA PHARMACY (AL KHOUD),007490300,ZINK C,EFFERVESCENT TABS,1000+10MG,20S,0,0,100,24,0,0,0,0,0,0,100,24,0,0,0,0,0,0,0,0,0,0,0,0
P072,PERFECT PHARMACY,007490300,ZINK C,EFFERVESCENT TABS,1000+10MG,20S,50,11,0,0,0,0,0,0,0,0,0,0,0,0,0,0,0,0,0,0,0,0,0,0
P077,PHAROS PHARMACY,007490300,ZINK C,EFFERVESCENT TABS,1000+10MG,20S,0,0,0,0,100,24,0,0,0,0,0,0,0,0,0,0,0,0,0,0,0,0,0,0
Q034,AL QURUM PHARMACY (JALAN BU-ALI),007490300,ZINK C,EFFERVESCENT TABS,1000+10MG,20S,0,0,2,0,0,0,5,1,0,0,5,1,0,0,0,0,0,0,0,0,0,0,0,0
Q056,AL QUDS PHARMACY-BIRAKAT AL MAUZ,007490300,ZINK C,EFFERVESCENT TABS,1000+10MG,20S,0,0,0,0,0,0,300,78,0,0,0,0,0,0,0,0,0,0,0,0,0,0,0,0
R026,RUSTAQ PHARMACY,007490300,ZINK C,EFFERVESCENT TABS,1000+10MG,20S,0,0,0,0,0,0,0,0,0,0,0,0,30,6,0,0,0,0,0,0,0,0,0,0
R185,ROYAL PHARMACY,007490300,ZINK C,EFFERVESCENT TABS,1000+10MG,20S,0,0,0,0,0,0,0,0,0,0,50,11,0,0,0,0,0,0,0,0,0,0,0,0
S006,SUR PHARMACY,007490300,ZINK C,EFFERVESCENT TABS,1000+10MG,20S,50,11,0,0,0,0,50,11,0,0,0,0,0,0,0,0,0,0,0,0,0,0,0,0
S061,BAHWAN HEALTHCARE CENTRE LLC.,007490300,ZINK C,EFFERVESCENT TABS,1000+10MG,20S,0,0,0,0,0,0,0,0,0,0,0,0,40,8,0,0,0,0,0,0,0,0,0,0
S206,AL SAADY PHARMACY,007490300,ZINK C,EFFERVESCENT TABS,1000+10MG,20S,0,0,0,0,0,0,0,0,12,2,0,0,0,0,0,0,0,0,0,0,0,0,0,0
S226,SCIENTIFIC PHARMACY,007490300,ZINK C,EFFERVESCENT TABS,1000+10MG,20S,500,150,0,0,500,175,500,175,500,175,0,0,500,200,0,0,0,0,0,0,0,0,0,0
S240,SPECIAL TECHNICAL SERVICES LLC,007490300,ZINK C,EFFERVESCENT TABS,1000+10MG,20S,0,0,0,0,5,0,0,0,6,0,0,0,0,0,0,0,0,0,0,0,0,0,0,0
S271,AL SAADI PHARMACY (BIDAYA),007490300,ZINK C,EFFERVESCENT TABS,1000+10MG,20S,0,0,150,35,25,5,0,0,0,0,50,10,50,11,0,0,0,0,0,0,0,0,0,0
S345,SAHARA MEDICAL STORES LLC,007490300,ZINK C,EFFERVESCENT TABS,1000+10MG,20S,500,150,500,150,0,0,0,0,500,150,500,150,0,0,0,0,0,0,0,0,0,0,0,0
S360,AL BUSHRA MEDICAL SPECIALTY COMPLEX,007490300,ZINK C,EFFERVESCENT TABS,1000+10MG,20S,0,0,12,2,0,0,0,0,0,0,54,10,0,0,0,0,0,0,0,0,0,0,0,0
S385,AVICEN PHARMACY (AL WANESS BUSINESS INTL.),007490300,ZINK C,EFFERVESCENT TABS,1000+10MG,20S,0,0,500,160,0,0,0,0,300,96,300,96,300,78,0,0,0,0,0,0,0,0,0,0
S458,AL SHUMOOS PHARMACY,007490300,ZINK C,EFFERVESCENT TABS,1000+10MG,20S,50,11,0,0,0,0,0,0,0,0,0,0,0,0,0,0,0,0,0,0,0,0,0,0
S510,SEDERA PHARMACY LLC.,007490300,ZINK C,EFFERVESCENT TABS,1000+10MG,20S,0,0,0,0,0,0,100,24,0,0,0,0,0,0,0,0,0,0,0,0,0,0,0,0
S521,SALA MEDICAL STORE,007490300,ZINK C,EFFERVESCENT TABS,1000+10MG,20S,0,0,0,0,0,0,0,0,0,0,0,0,500,175,0,0,0,0,0,0,0,0,0,0
S522,SHEFACOM PHARMACY (AL ZAFARAN),007490300,ZINK C,EFFERVESCENT TABS,1000+10MG,20S,0,0,0,0,0,0,0,0,0,0,50,10,0,0,0,0,0,0,0,0,0,0,0,0
S523,SPRING PHARMACY,007490300,ZINK C,EFFERVESCENT TABS,1000+10MG,20S,0,0,0,0,5,1,0,0,0,0,0,0,0,0,0,0,0,0,0,0,0,0,0,0
S529,SAHARA PHARMACY,007490300,ZINK C,EFFERVESCENT TABS,1000+10MG,20S,0,0,0,0,0,0,0,0,0,0,0,0,5,1,0,0,0,0,0,0,0,0,0,0
S548,SAARA PHARMACY,007490300,ZINK C,EFFERVESCENT TABS,1000+10MG,20S,0,0,0,0,0,0,50,11,0,0,0,0,0,0,0,0,0,0,0,0,0,0,0,0
S561,STAR CITY PHARMACY LLC.,007490300,ZINK C,EFFERVESCENT TABS,1000+10MG,20S,0,0,0,0,0,0,0,0,100,24,0,0,0,0,0,0,0,0,0,0,0,0,0,0
S606,SOHAR MODERN PHARMACY - MULADDHA,007490300,ZINK C,EFFERVESCENT TABS,1000+10MG,20S,0,0,0,0,0,0,0,0,0,0,0,0,5,1,0,0,0,0,0,0,0,0,0,0
S607,AL SHIFA PHARMACY,007490300,ZINK C,EFFERVESCENT TABS,1000+10MG,20S,0,0,0,0,12,2,0,0,0,0,0,0,0,0,0,0,0,0,0,0,0,0,0,0
S612,AL SHAHBA PHARMACY,007490300,ZINK C,EFFERVESCENT TABS,1000+10MG,20S,0,0,0,0,0,0,10,2,0,0,0,0,0,0,0,0,0,0,0,0,0,0,0,0
S614,AL SARAF MEDICAL STORE,007490300,ZINK C,EFFERVESCENT TABS,1000+10MG,20S,25,5,150,35,100,30,100,30,200,60,120,39,100,35,0,0,0,0,0,0,0,0,0,0
T115,NEW TAIBA PHARMACY (CENTRAL STORE),007490300,ZINK C,EFFERVESCENT TABS,1000+10MG,20S,0,0,0,0,0,0,200,48,300,78,0,0,600,168,0,0,0,0,0,0,0,0,0,0
T133,TRADING & INVESTMENT ESTABLISHMENT,007490300,ZINK C,EFFERVESCENT TABS,1000+10MG,20S,0,0,0,0,0,0,31,0,0,0,0,0,0,0,0,0,0,0,0,0,0,0,0,0
T163,AL TUMUH PHARMACY,007490300,ZINK C,EFFERVESCENT TABS,1000+10MG,20S,0,0,15,3,0,0,0,0,0,0,0,0,0,0,0,0,0,0,0,0,0,0,0,0
U008,UM SALAMA PHARMACY L.L.C.,007490300,ZINK C,EFFERVESCENT TABS,1000+10MG,20S,100,24,0,0,100,24,100,24,0,0,0,0,0,0,0,0,0,0,0,0,0,0,0,0
U016,UM BALQEES NATIONAL CO. LLC,007490300,ZINK C,EFFERVESCENT TABS,1000+10MG,20S,0,0,100,24,0,0,0,0,200,48,0,0,0,0,0,0,0,0,0,0,0,0,0,0
V014,VISION PHARMACY,007490300,ZINK C,EFFERVESCENT TABS,1000+10MG,20S,0,0,10,2,0,0,0,0,10,2,0,0,0,0,0,0,0,0,0,0,0,0,0,0
V023,VISTA PHARMA,007490300,ZINK C,EFFERVESCENT TABS,1000+10MG,20S,200,48,0,0,0,0,100,30,0,0,0,0,100,35,0,0,0,0,0,0,0,0,0,0
V027,VAGUS PHARMACY- MABELA,007490300,ZINK C,EFFERVESCENT TABS,1000+10MG,20S,0,0,0,0,100,24,0,0,0,0,50,11,0,0,0,0,0,0,0,0,0,0,0,0
W003,WALEED PHARMACY & STORES LLC,007490300,ZINK C,EFFERVESCENT TABS,1000+10MG,20S,0,0,12,2,0,0,0,0,0,0,0,0,0,0,0,0,0,0,0,0,0,0,0,0
W161,WELL CARE PHARMACY MAWALAH,007490300,ZINK C,EFFERVESCENT TABS,1000+10MG,20S,200,48,0,0,0,0,0,0,0,0,0,0,0,0,0,0,0,0,0,0,0,0,0,0
Z065,AL ZAKI PHARMACY,007490300,ZINK C,EFFERVESCENT TABS,1000+10MG,20S,0,0,0,0,0,0,10,2,0,0,0,0,0,0,0,0,0,0,0,0,0,0,0,0
Z073,ZAD PHARMACY,007490300,ZINK C,EFFERVESCENT TABS,1000+10MG,20S,0,0,10,2,10,2,10,2,0,0,0,0,0,0,0,0,0,0,0,0,0,0,0,0

